2024-10-23 14:24:05 [restartedMain] INFO  s.d.s.w.r.o.CachingOperationNameGenerator -
				Generating unique operation named: saveEmployeeDetailsHistoryUsingPOST_1
2024-10-23 14:24:05 [restartedMain] INFO  s.d.s.w.r.o.CachingOperationNameGenerator -
				Generating unique operation named: getEmployeeDetailsForReportONGenderUsingGET_1
2024-10-23 14:24:05 [restartedMain] INFO  s.d.s.w.r.o.CachingOperationNameGenerator -
				Generating unique operation named: getEmployeeDetailsForReportOnDateOfBirthUsingGET_1
2024-10-23 14:24:05 [restartedMain] INFO  s.d.s.w.r.o.CachingOperationNameGenerator -
				Generating unique operation named: getEmployeeDetailsForReportOnDepartmentUsingGET_1
2024-10-23 14:24:05 [restartedMain] INFO  s.d.s.w.r.o.CachingOperationNameGenerator -
				Generating unique operation named: getEmployeeDetailsForReportOnDesignationUsingGET_1
2024-10-23 14:24:05 [restartedMain] INFO  s.d.s.w.r.o.CachingOperationNameGenerator -
				Generating unique operation named: getEmployeeDetailsForReportOnEmployeeTypeUsingGET_1
2024-10-23 14:24:05 [restartedMain] INFO  s.d.s.w.r.o.CachingOperationNameGenerator -
				Generating unique operation named: getEmployeeDetailsForReportOnExperienceInMonthUsingGET_1
2024-10-23 14:24:05 [restartedMain] INFO  s.d.s.w.r.o.CachingOperationNameGenerator -
				Generating unique operation named: getEmployeeDetailsForReportOnExperienceInYearUsingGET_1
2024-10-23 14:24:05 [restartedMain] INFO  s.d.s.w.r.o.CachingOperationNameGenerator -
				Generating unique operation named: getEmployeeDetailsForReportOnJobTypeUsingGET_1
2024-10-23 14:24:05 [restartedMain] INFO  s.d.s.w.r.o.CachingOperationNameGenerator -
				Generating unique operation named: getEmployeeDetailsForReportOnJoiningDateUsingGET_1
2024-10-23 14:24:05 [restartedMain] INFO  s.d.s.w.r.o.CachingOperationNameGenerator -
				Generating unique operation named: getEmployeeDetailsForReportOnMaritalStatusUsingGET_1
2024-10-23 14:24:05 [restartedMain] INFO  s.d.s.w.r.o.CachingOperationNameGenerator -
				Generating unique operation named: getEmployeeDetailsForReportOnMonthWiseOfJoiningDateAndRelievingDataUsingGET_1
2024-10-23 14:24:05 [restartedMain] INFO  s.d.s.w.r.o.CachingOperationNameGenerator -
				Generating unique operation named: getEmployeeDetailsForReportOnMonthWiseOfJoiningYearUsingGET_1
2024-10-23 14:24:05 [restartedMain] INFO  s.d.s.w.r.o.CachingOperationNameGenerator -
				Generating unique operation named: getEmployeeDetailsForReportOnMonthWiseOfJoiningYearInactiveDataUsingGET_1
2024-10-23 14:24:05 [restartedMain] INFO  s.d.s.w.r.o.CachingOperationNameGenerator -
				Generating unique operation named: getEmployeeDetailsForReportOnMonthWiseOfJoiningYearOnSchoolUsingGET_1
2024-10-23 14:24:05 [restartedMain] INFO  s.d.s.w.r.o.CachingOperationNameGenerator -
				Generating unique operation named: getEmployeeDetailsForReportOnSchoolsUsingGET_1
2024-10-23 14:24:05 [restartedMain] INFO  s.d.s.w.r.o.CachingOperationNameGenerator -
				Generating unique operation named: getEmployeeDetailsForReportOnShiftUsingGET_1
2024-10-23 14:24:05 [restartedMain] INFO  s.d.s.w.r.o.CachingOperationNameGenerator -
				Generating unique operation named: getEmployeeRelievingReportDataOnMonthWiseUsingGET_1
2024-10-23 14:24:05 [restartedMain] INFO  s.d.s.w.r.o.CachingOperationNameGenerator -
				Generating unique operation named: getEmployeeRelievingReportDataOnMonthWiseInactiveDataUsingGET_1
2024-10-23 14:24:05 [restartedMain] INFO  s.d.s.w.r.o.CachingOperationNameGenerator -
				Generating unique operation named: deleteUsingDELETE_211
2024-10-23 14:24:05 [restartedMain] INFO  s.d.s.w.r.o.CachingOperationNameGenerator -
				Generating unique operation named: delete1UsingDELETE_168
2024-10-23 14:24:05 [restartedMain] INFO  s.d.s.w.r.o.CachingOperationNameGenerator -
				Generating unique operation named: getUsingGET_304
2024-10-23 14:24:05 [restartedMain] INFO  s.d.s.w.r.o.CachingOperationNameGenerator -
				Generating unique operation named: listAllUsingGET_256
2024-10-23 14:24:05 [restartedMain] INFO  s.d.s.w.r.o.CachingOperationNameGenerator -
				Generating unique operation named: listAll1UsingGET_127
2024-10-23 14:24:05 [restartedMain] INFO  s.d.s.w.r.o.CachingOperationNameGenerator -
				Generating unique operation named: listAllAnswersUsingGET_1
2024-10-23 14:24:05 [restartedMain] INFO  s.d.s.w.r.o.CachingOperationNameGenerator -
				Generating unique operation named: saveFeedbackQuestionsUsingPOST_3
2024-10-23 14:24:05 [restartedMain] INFO  s.d.s.w.r.o.CachingOperationNameGenerator -
				Generating unique operation named: updateUsingPUT_275
2024-10-23 14:24:05 [restartedMain] INFO  s.d.s.w.r.o.CachingOperationNameGenerator -
				Generating unique operation named: activateUsingDELETE_89
2024-10-23 14:24:05 [restartedMain] INFO  s.d.s.w.r.o.CachingOperationNameGenerator -
				Generating unique operation named: deactivateUsingDELETE_89
2024-10-23 14:24:05 [restartedMain] INFO  s.d.s.w.r.o.CachingOperationNameGenerator -
				Generating unique operation named: getUsingGET_305
2024-10-23 14:24:05 [restartedMain] INFO  s.d.s.w.r.o.CachingOperationNameGenerator -
				Generating unique operation named: getAllDeptUsingGET_26
2024-10-23 14:24:05 [restartedMain] INFO  s.d.s.w.r.o.CachingOperationNameGenerator -
				Generating unique operation named: listAllUsingGET_257
2024-10-23 14:24:05 [restartedMain] INFO  s.d.s.w.r.o.CachingOperationNameGenerator -
				Generating unique operation named: listAllDataUsingGET_1
2024-10-23 14:24:05 [restartedMain] INFO  s.d.s.w.r.o.CachingOperationNameGenerator -
				Generating unique operation named: saveDeptUsingPOST_6
2024-10-23 14:24:05 [restartedMain] INFO  s.d.s.w.r.o.CachingOperationNameGenerator -
				Generating unique operation named: updateUsingPUT_276
2024-10-23 14:24:05 [restartedMain] INFO  s.d.s.w.r.o.CachingOperationNameGenerator -
				Generating unique operation named: employeeDuplicateIdCardCreationWithHistoryUsingPOST_1
2024-10-23 14:24:05 [restartedMain] INFO  s.d.s.w.r.o.CachingOperationNameGenerator -
				Generating unique operation named: employeeIdCardCreationWithHistoryUsingPOST_1
2024-10-23 14:24:05 [restartedMain] INFO  s.d.s.w.r.o.CachingOperationNameGenerator -
				Generating unique operation named: employeeIdCardHistoryDetailsUsingGET_1
2024-10-23 14:24:05 [restartedMain] INFO  s.d.s.w.r.o.CachingOperationNameGenerator -
				Generating unique operation named: deleteUsingDELETE_212
2024-10-23 14:24:05 [restartedMain] INFO  s.d.s.w.r.o.CachingOperationNameGenerator -
				Generating unique operation named: delete1UsingDELETE_169
2024-10-23 14:24:05 [restartedMain] INFO  s.d.s.w.r.o.CachingOperationNameGenerator -
				Generating unique operation named: getUsingGET_306
2024-10-23 14:24:05 [restartedMain] INFO  s.d.s.w.r.o.CachingOperationNameGenerator -
				Generating unique operation named: getAllDeptUsingGET_27
2024-10-23 14:24:05 [restartedMain] INFO  s.d.s.w.r.o.CachingOperationNameGenerator -
				Generating unique operation named: listAllUsingGET_258
2024-10-23 14:24:05 [restartedMain] INFO  s.d.s.w.r.o.CachingOperationNameGenerator -
				Generating unique operation named: saveSubjectTypeUsingPOST_31
2024-10-23 14:24:05 [restartedMain] INFO  s.d.s.w.r.o.CachingOperationNameGenerator -
				Generating unique operation named: updateUsingPUT_277
2024-10-23 14:24:05 [restartedMain] INFO  s.d.s.w.r.o.CachingOperationNameGenerator -
				Generating unique operation named: createExperienceDetailsUsingPOST_1
2024-10-23 14:24:05 [restartedMain] INFO  s.d.s.w.r.o.CachingOperationNameGenerator -
				Generating unique operation named: deleteUsingDELETE_213
2024-10-23 14:24:05 [restartedMain] INFO  s.d.s.w.r.o.CachingOperationNameGenerator -
				Generating unique operation named: fetchExperienceDetailsUsingGET_1
2024-10-23 14:24:05 [restartedMain] INFO  s.d.s.w.r.o.CachingOperationNameGenerator -
				Generating unique operation named: getUsingGET_307
2024-10-23 14:24:05 [restartedMain] INFO  s.d.s.w.r.o.CachingOperationNameGenerator -
				Generating unique operation named: listAllUsingGET_259
2024-10-23 14:24:05 [restartedMain] INFO  s.d.s.w.r.o.CachingOperationNameGenerator -
				Generating unique operation named: saveExperienceDetailsUsingPOST_1
2024-10-23 14:24:05 [restartedMain] INFO  s.d.s.w.r.o.CachingOperationNameGenerator -
				Generating unique operation named: updateUsingPUT_278
2024-10-23 14:24:05 [restartedMain] INFO  s.d.s.w.r.o.CachingOperationNameGenerator -
				Generating unique operation named: updateUsingPUT_279
2024-10-23 14:24:05 [restartedMain] INFO  s.d.s.w.r.o.CachingOperationNameGenerator -
				Generating unique operation named: activateUsingDELETE_90
2024-10-23 14:24:05 [restartedMain] INFO  s.d.s.w.r.o.CachingOperationNameGenerator -
				Generating unique operation named: deactivateUsingDELETE_90
2024-10-23 14:24:05 [restartedMain] INFO  s.d.s.w.r.o.CachingOperationNameGenerator -
				Generating unique operation named: getUsingGET_308
2024-10-23 14:24:05 [restartedMain] INFO  s.d.s.w.r.o.CachingOperationNameGenerator -
				Generating unique operation named: getAllDeptUsingGET_28
2024-10-23 14:24:05 [restartedMain] INFO  s.d.s.w.r.o.CachingOperationNameGenerator -
				Generating unique operation named: getFamilyStructureDetailsDataUsingGET_1
2024-10-23 14:24:05 [restartedMain] INFO  s.d.s.w.r.o.CachingOperationNameGenerator -
				Generating unique operation named: listAllUsingGET_260
2024-10-23 14:24:05 [restartedMain] INFO  s.d.s.w.r.o.CachingOperationNameGenerator -
				Generating unique operation named: saveRolesUsingPOST_2
2024-10-23 14:24:05 [restartedMain] INFO  s.d.s.w.r.o.CachingOperationNameGenerator -
				Generating unique operation named: updateUsingPUT_280
2024-10-23 14:24:05 [restartedMain] INFO  s.d.s.w.r.o.CachingOperationNameGenerator -
				Generating unique operation named: FarmFacultyServiceUploadFileUsingPOST_1
2024-10-23 14:24:05 [restartedMain] INFO  s.d.s.w.r.o.CachingOperationNameGenerator -
				Generating unique operation named: activateUsingDELETE_91
2024-10-23 14:24:05 [restartedMain] INFO  s.d.s.w.r.o.CachingOperationNameGenerator -
				Generating unique operation named: createFarmFacultyServiceUsingPOST_1
2024-10-23 14:24:05 [restartedMain] INFO  s.d.s.w.r.o.CachingOperationNameGenerator -
				Generating unique operation named: deactivateUsingDELETE_91
2024-10-23 14:24:05 [restartedMain] INFO  s.d.s.w.r.o.CachingOperationNameGenerator -
				Generating unique operation named: fetchAllFarmFacultyServiceUsingGET_1
2024-10-23 14:24:05 [restartedMain] INFO  s.d.s.w.r.o.CachingOperationNameGenerator -
				Generating unique operation named: getUsingGET_309
2024-10-23 14:24:05 [restartedMain] INFO  s.d.s.w.r.o.CachingOperationNameGenerator -
				Generating unique operation named: listAllUsingGET_261
2024-10-23 14:24:05 [restartedMain] INFO  s.d.s.w.r.o.CachingOperationNameGenerator -
				Generating unique operation named: updateUsingPUT_281
2024-10-23 14:24:05 [restartedMain] INFO  s.d.s.w.r.o.CachingOperationNameGenerator -
				Generating unique operation named: viewFilesUsingGET_31
2024-10-23 14:24:05 [restartedMain] INFO  s.d.s.w.r.o.CachingOperationNameGenerator -
				Generating unique operation named: activateUsingDELETE_92
2024-10-23 14:24:05 [restartedMain] INFO  s.d.s.w.r.o.CachingOperationNameGenerator -
				Generating unique operation named: createFarmLocksUsingPOST_1
2024-10-23 14:24:05 [restartedMain] INFO  s.d.s.w.r.o.CachingOperationNameGenerator -
				Generating unique operation named: deactivateUsingDELETE_92
2024-10-23 14:24:05 [restartedMain] INFO  s.d.s.w.r.o.CachingOperationNameGenerator -
				Generating unique operation named: fetchAllFarmLocksUsingGET_1
2024-10-23 14:24:05 [restartedMain] INFO  s.d.s.w.r.o.CachingOperationNameGenerator -
				Generating unique operation named: getUsingGET_310
2024-10-23 14:24:05 [restartedMain] INFO  s.d.s.w.r.o.CachingOperationNameGenerator -
				Generating unique operation named: listAllUsingGET_262
2024-10-23 14:24:05 [restartedMain] INFO  s.d.s.w.r.o.CachingOperationNameGenerator -
				Generating unique operation named: updateUsingPUT_282
2024-10-23 14:24:05 [restartedMain] INFO  s.d.s.w.r.o.CachingOperationNameGenerator -
				Generating unique operation named: activateUsingDELETE_93
2024-10-23 14:24:05 [restartedMain] INFO  s.d.s.w.r.o.CachingOperationNameGenerator -
				Generating unique operation named: createFarmOtherPertinentActivitiesUsingPOST_1
2024-10-23 14:24:05 [restartedMain] INFO  s.d.s.w.r.o.CachingOperationNameGenerator -
				Generating unique operation named: deactivateUsingDELETE_93
2024-10-23 14:24:05 [restartedMain] INFO  s.d.s.w.r.o.CachingOperationNameGenerator -
				Generating unique operation named: farmOtherPertinentActivitiesUploadFileUsingPOST_1
2024-10-23 14:24:05 [restartedMain] INFO  s.d.s.w.r.o.CachingOperationNameGenerator -
				Generating unique operation named: fetchAllFarmOtherPertinentActivitiesUsingGET_1
2024-10-23 14:24:05 [restartedMain] INFO  s.d.s.w.r.o.CachingOperationNameGenerator -
				Generating unique operation named: getUsingGET_311
2024-10-23 14:24:05 [restartedMain] INFO  s.d.s.w.r.o.CachingOperationNameGenerator -
				Generating unique operation named: listAllUsingGET_263
2024-10-23 14:24:05 [restartedMain] INFO  s.d.s.w.r.o.CachingOperationNameGenerator -
				Generating unique operation named: updateUsingPUT_283
2024-10-23 14:24:05 [restartedMain] INFO  s.d.s.w.r.o.CachingOperationNameGenerator -
				Generating unique operation named: viewFilesUsingGET_32
2024-10-23 14:24:05 [restartedMain] INFO  s.d.s.w.r.o.CachingOperationNameGenerator -
				Generating unique operation named: FarmProfessionalActivityUploadFileUsingPOST_1
2024-10-23 14:24:05 [restartedMain] INFO  s.d.s.w.r.o.CachingOperationNameGenerator -
				Generating unique operation named: activateUsingDELETE_94
2024-10-23 14:24:05 [restartedMain] INFO  s.d.s.w.r.o.CachingOperationNameGenerator -
				Generating unique operation named: createFarmProfessionalActivityUsingPOST_1
2024-10-23 14:24:05 [restartedMain] INFO  s.d.s.w.r.o.CachingOperationNameGenerator -
				Generating unique operation named: deactivateUsingDELETE_94
2024-10-23 14:24:05 [restartedMain] INFO  s.d.s.w.r.o.CachingOperationNameGenerator -
				Generating unique operation named: fetchAllFarmProfessionalActivityUsingGET_1
2024-10-23 14:24:05 [restartedMain] INFO  s.d.s.w.r.o.CachingOperationNameGenerator -
				Generating unique operation named: getUsingGET_312
2024-10-23 14:24:05 [restartedMain] INFO  s.d.s.w.r.o.CachingOperationNameGenerator -
				Generating unique operation named: listAllUsingGET_264
2024-10-23 14:24:05 [restartedMain] INFO  s.d.s.w.r.o.CachingOperationNameGenerator -
				Generating unique operation named: updateUsingPUT_284
2024-10-23 14:24:05 [restartedMain] INFO  s.d.s.w.r.o.CachingOperationNameGenerator -
				Generating unique operation named: viewFilesUsingGET_33
2024-10-23 14:24:05 [restartedMain] INFO  s.d.s.w.r.o.CachingOperationNameGenerator -
				Generating unique operation named: activateUsingDELETE_95
2024-10-23 14:24:05 [restartedMain] INFO  s.d.s.w.r.o.CachingOperationNameGenerator -
				Generating unique operation named: createFarmProjectActivityUsingPOST_1
2024-10-23 14:24:05 [restartedMain] INFO  s.d.s.w.r.o.CachingOperationNameGenerator -
				Generating unique operation named: deactivateUsingDELETE_95
2024-10-23 14:24:05 [restartedMain] INFO  s.d.s.w.r.o.CachingOperationNameGenerator -
				Generating unique operation named: fetchAllFarmProjectActivityUsingGET_1
2024-10-23 14:24:05 [restartedMain] INFO  s.d.s.w.r.o.CachingOperationNameGenerator -
				Generating unique operation named: getUsingGET_313
2024-10-23 14:24:05 [restartedMain] INFO  s.d.s.w.r.o.CachingOperationNameGenerator -
				Generating unique operation named: listAllUsingGET_265
2024-10-23 14:24:05 [restartedMain] INFO  s.d.s.w.r.o.CachingOperationNameGenerator -
				Generating unique operation named: updateUsingPUT_285
2024-10-23 14:24:05 [restartedMain] INFO  s.d.s.w.r.o.CachingOperationNameGenerator -
				Generating unique operation named: activateUsingDELETE_96
2024-10-23 14:24:05 [restartedMain] INFO  s.d.s.w.r.o.CachingOperationNameGenerator -
				Generating unique operation named: createFarmResearchProgressUsingPOST_1
2024-10-23 14:24:05 [restartedMain] INFO  s.d.s.w.r.o.CachingOperationNameGenerator -
				Generating unique operation named: deactivateUsingDELETE_96
2024-10-23 14:24:05 [restartedMain] INFO  s.d.s.w.r.o.CachingOperationNameGenerator -
				Generating unique operation named: fetchAllFarmResearchProgressUsingGET_1
2024-10-23 14:24:05 [restartedMain] INFO  s.d.s.w.r.o.CachingOperationNameGenerator -
				Generating unique operation named: getUsingGET_314
2024-10-23 14:24:05 [restartedMain] INFO  s.d.s.w.r.o.CachingOperationNameGenerator -
				Generating unique operation named: listAllUsingGET_266
2024-10-23 14:24:05 [restartedMain] INFO  s.d.s.w.r.o.CachingOperationNameGenerator -
				Generating unique operation named: updateUsingPUT_286
2024-10-23 14:24:05 [restartedMain] INFO  s.d.s.w.r.o.CachingOperationNameGenerator -
				Generating unique operation named: activateUsingDELETE_97
2024-10-23 14:24:05 [restartedMain] INFO  s.d.s.w.r.o.CachingOperationNameGenerator -
				Generating unique operation named: createFarmTeachingSubjectsUsingPOST_1
2024-10-23 14:24:05 [restartedMain] INFO  s.d.s.w.r.o.CachingOperationNameGenerator -
				Generating unique operation named: deactivateUsingDELETE_97
2024-10-23 14:24:05 [restartedMain] INFO  s.d.s.w.r.o.CachingOperationNameGenerator -
				Generating unique operation named: fetchAllFarmTeachingSubjectsUsingGET_1
2024-10-23 14:24:05 [restartedMain] INFO  s.d.s.w.r.o.CachingOperationNameGenerator -
				Generating unique operation named: getUsingGET_315
2024-10-23 14:24:05 [restartedMain] INFO  s.d.s.w.r.o.CachingOperationNameGenerator -
				Generating unique operation named: listAllUsingGET_267
2024-10-23 14:24:05 [restartedMain] INFO  s.d.s.w.r.o.CachingOperationNameGenerator -
				Generating unique operation named: updateUsingPUT_287
2024-10-23 14:24:05 [restartedMain] INFO  s.d.s.w.r.o.CachingOperationNameGenerator -
				Generating unique operation named: FarmTeachingsUploadFileUsingPOST_1
2024-10-23 14:24:05 [restartedMain] INFO  s.d.s.w.r.o.CachingOperationNameGenerator -
				Generating unique operation named: activateUsingDELETE_98
2024-10-23 14:24:05 [restartedMain] INFO  s.d.s.w.r.o.CachingOperationNameGenerator -
				Generating unique operation named: createFarmTeachingsUsingPOST_1
2024-10-23 14:24:05 [restartedMain] INFO  s.d.s.w.r.o.CachingOperationNameGenerator -
				Generating unique operation named: deactivateUsingDELETE_98
2024-10-23 14:24:05 [restartedMain] INFO  s.d.s.w.r.o.CachingOperationNameGenerator -
				Generating unique operation named: fetchAllFarmTeachingsUsingGET_1
2024-10-23 14:24:05 [restartedMain] INFO  s.d.s.w.r.o.CachingOperationNameGenerator -
				Generating unique operation named: getUsingGET_316
2024-10-23 14:24:05 [restartedMain] INFO  s.d.s.w.r.o.CachingOperationNameGenerator -
				Generating unique operation named: listAllUsingGET_268
2024-10-23 14:24:05 [restartedMain] INFO  s.d.s.w.r.o.CachingOperationNameGenerator -
				Generating unique operation named: updateUsingPUT_288
2024-10-23 14:24:05 [restartedMain] INFO  s.d.s.w.r.o.CachingOperationNameGenerator -
				Generating unique operation named: viewFilesUsingGET_34
2024-10-23 14:24:05 [restartedMain] INFO  s.d.s.w.r.o.CachingOperationNameGenerator -
				Generating unique operation named: activateUsingDELETE_99
2024-10-23 14:24:05 [restartedMain] INFO  s.d.s.w.r.o.CachingOperationNameGenerator -
				Generating unique operation named: deactivateUsingDELETE_99
2024-10-23 14:24:05 [restartedMain] INFO  s.d.s.w.r.o.CachingOperationNameGenerator -
				Generating unique operation named: getAllActiveDataUsingGET_1
2024-10-23 14:24:05 [restartedMain] INFO  s.d.s.w.r.o.CachingOperationNameGenerator -
				Generating unique operation named: getAllGraduationDataUsingGET_1
2024-10-23 14:24:05 [restartedMain] INFO  s.d.s.w.r.o.CachingOperationNameGenerator -
				Generating unique operation named: getGraduatioByIdUsingGET_1
2024-10-23 14:24:05 [restartedMain] INFO  s.d.s.w.r.o.CachingOperationNameGenerator -
				Generating unique operation named: saveGraduationUsingPOST_1
2024-10-23 14:24:05 [restartedMain] INFO  s.d.s.w.r.o.CachingOperationNameGenerator -
				Generating unique operation named: updateGraduationUsingPUT_1
2024-10-23 14:24:05 [restartedMain] INFO  s.d.s.w.r.o.CachingOperationNameGenerator -
				Generating unique operation named: activateUsingDELETE_100
2024-10-23 14:24:05 [restartedMain] INFO  s.d.s.w.r.o.CachingOperationNameGenerator -
				Generating unique operation named: deactivateUsingDELETE_100
2024-10-23 14:24:05 [restartedMain] INFO  s.d.s.w.r.o.CachingOperationNameGenerator -
				Generating unique operation named: fetchAllAdministrationEmailIdsDetailUsingGET_13
2024-10-23 14:24:05 [restartedMain] INFO  s.d.s.w.r.o.CachingOperationNameGenerator -
				Generating unique operation named: getUsingGET_317
2024-10-23 14:24:05 [restartedMain] INFO  s.d.s.w.r.o.CachingOperationNameGenerator -
				Generating unique operation named: getAllActiveGrantUsingGET_1
2024-10-23 14:24:05 [restartedMain] INFO  s.d.s.w.r.o.CachingOperationNameGenerator -
				Generating unique operation named: grantsDetailsBasedOnEmpIdUsingGET_1
2024-10-23 14:24:05 [restartedMain] INFO  s.d.s.w.r.o.CachingOperationNameGenerator -
				Generating unique operation named: savGrantUsingPOST_1
2024-10-23 14:24:05 [restartedMain] INFO  s.d.s.w.r.o.CachingOperationNameGenerator -
				Generating unique operation named: updateGrantUsingPUT_1
2024-10-23 14:24:05 [restartedMain] INFO  s.d.s.w.r.o.CachingOperationNameGenerator -
				Generating unique operation named: uploadFileUsingPOST_35
2024-10-23 14:24:05 [restartedMain] INFO  s.d.s.w.r.o.CachingOperationNameGenerator -
				Generating unique operation named: viewFilesUsingGET_35
2024-10-23 14:24:05 [restartedMain] INFO  s.d.s.w.r.o.CachingOperationNameGenerator -
				Generating unique operation named: downloadFileUsingGET_18
2024-10-23 14:24:05 [restartedMain] INFO  s.d.s.w.r.o.CachingOperationNameGenerator -
				Generating unique operation named: get1UsingGET_6
2024-10-23 14:24:05 [restartedMain] INFO  s.d.s.w.r.o.CachingOperationNameGenerator -
				Generating unique operation named: getAllDeatilsUsingGET_5
2024-10-23 14:24:05 [restartedMain] INFO  s.d.s.w.r.o.CachingOperationNameGenerator -
				Generating unique operation named: savehostelwaiverAttachmentsUsingPOST_2
2024-10-23 14:24:05 [restartedMain] INFO  s.d.s.w.r.o.CachingOperationNameGenerator -
				Generating unique operation named: updateHigherEducationAttachmentsUsingPUT_1
2024-10-23 14:24:05 [restartedMain] INFO  s.d.s.w.r.o.CachingOperationNameGenerator -
				Generating unique operation named: uploadFileUsingPOST_36
2024-10-23 14:24:05 [restartedMain] INFO  s.d.s.w.r.o.CachingOperationNameGenerator -
				Generating unique operation named: deleteUsingDELETE_214
2024-10-23 14:24:05 [restartedMain] INFO  s.d.s.w.r.o.CachingOperationNameGenerator -
				Generating unique operation named: getUsingGET_318
2024-10-23 14:24:05 [restartedMain] INFO  s.d.s.w.r.o.CachingOperationNameGenerator -
				Generating unique operation named: getAllHodCommentsUsingGET_1
2024-10-23 14:24:05 [restartedMain] INFO  s.d.s.w.r.o.CachingOperationNameGenerator -
				Generating unique operation named: getallDeatilsUsingGET_1
2024-10-23 14:24:05 [restartedMain] INFO  s.d.s.w.r.o.CachingOperationNameGenerator -
				Generating unique operation named: listAllUsingGET_269
2024-10-23 14:24:05 [restartedMain] INFO  s.d.s.w.r.o.CachingOperationNameGenerator -
				Generating unique operation named: saveHodCommentsUsingPOST_1
2024-10-23 14:24:05 [restartedMain] INFO  s.d.s.w.r.o.CachingOperationNameGenerator -
				Generating unique operation named: updateUsingPUT_289
2024-10-23 14:24:05 [restartedMain] INFO  s.d.s.w.r.o.CachingOperationNameGenerator -
				Generating unique operation named: activateUsingDELETE_101
2024-10-23 14:24:05 [restartedMain] INFO  s.d.s.w.r.o.CachingOperationNameGenerator -
				Generating unique operation named: deactivateUsingDELETE_101
2024-10-23 14:24:05 [restartedMain] INFO  s.d.s.w.r.o.CachingOperationNameGenerator -
				Generating unique operation named: getUsingGET_319
2024-10-23 14:24:05 [restartedMain] INFO  s.d.s.w.r.o.CachingOperationNameGenerator -
				Generating unique operation named: getAllDeptUsingGET_29
2024-10-23 14:24:05 [restartedMain] INFO  s.d.s.w.r.o.CachingOperationNameGenerator -
				Generating unique operation named: getJobprofileDetailsUsingGET_1
2024-10-23 14:24:05 [restartedMain] INFO  s.d.s.w.r.o.CachingOperationNameGenerator -
				Generating unique operation named: listAllUsingGET_270
2024-10-23 14:24:05 [restartedMain] INFO  s.d.s.w.r.o.CachingOperationNameGenerator -
				Generating unique operation named: saveHrStatusHistoryUsingPOST_1
2024-10-23 14:24:05 [restartedMain] INFO  s.d.s.w.r.o.CachingOperationNameGenerator -
				Generating unique operation named: updateHrStatusHistoryUsingPUT_1
2024-10-23 14:24:05 [restartedMain] INFO  s.d.s.w.r.o.CachingOperationNameGenerator -
				Generating unique operation named: activateUsingDELETE_102
2024-10-23 14:24:05 [restartedMain] INFO  s.d.s.w.r.o.CachingOperationNameGenerator -
				Generating unique operation named: checkIncentiveApproverUsingGET_1
2024-10-23 14:24:05 [restartedMain] INFO  s.d.s.w.r.o.CachingOperationNameGenerator -
				Generating unique operation named: checkIncentiveApproverRemarksUsingGET_1
2024-10-23 14:24:05 [restartedMain] INFO  s.d.s.w.r.o.CachingOperationNameGenerator -
				Generating unique operation named: deactivateUsingDELETE_102
2024-10-23 14:24:05 [restartedMain] INFO  s.d.s.w.r.o.CachingOperationNameGenerator -
				Generating unique operation named: fetchAllIncentiveApproverUsingGET_1
2024-10-23 14:24:05 [restartedMain] INFO  s.d.s.w.r.o.CachingOperationNameGenerator -
				Generating unique operation named: getUsingGET_320
2024-10-23 14:24:05 [restartedMain] INFO  s.d.s.w.r.o.CachingOperationNameGenerator -
				Generating unique operation named: getAllActiveIncentiveApproverUsingGET_1
2024-10-23 14:24:05 [restartedMain] INFO  s.d.s.w.r.o.CachingOperationNameGenerator -
				Generating unique operation named: getApproverDetailsDataUsingGET_1
2024-10-23 14:24:05 [restartedMain] INFO  s.d.s.w.r.o.CachingOperationNameGenerator -
				Generating unique operation named: incentiveApproverBasedOnEmpIdUsingGET_1
2024-10-23 14:24:05 [restartedMain] INFO  s.d.s.w.r.o.CachingOperationNameGenerator -
				Generating unique operation named: saveIncentiveApproverUsingPOST_1
2024-10-23 14:24:05 [restartedMain] INFO  s.d.s.w.r.o.CachingOperationNameGenerator -
				Generating unique operation named: updateIncentiveApproverUsingPUT_1
2024-10-23 14:24:05 [restartedMain] INFO  s.d.s.w.r.o.CachingOperationNameGenerator -
				Generating unique operation named: deleteUsingDELETE_215
2024-10-23 14:24:05 [restartedMain] INFO  s.d.s.w.r.o.CachingOperationNameGenerator -
				Generating unique operation named: emailForInterviewUsingPOST_1
2024-10-23 14:24:05 [restartedMain] INFO  s.d.s.w.r.o.CachingOperationNameGenerator -
				Generating unique operation named: emailToInterviewersUsingPOST_1
2024-10-23 14:24:05 [restartedMain] INFO  s.d.s.w.r.o.CachingOperationNameGenerator -
				Generating unique operation named: getUsingGET_321
2024-10-23 14:24:05 [restartedMain] INFO  s.d.s.w.r.o.CachingOperationNameGenerator -
				Generating unique operation named: getAllDeatilsUsingGET_6
2024-10-23 14:24:05 [restartedMain] INFO  s.d.s.w.r.o.CachingOperationNameGenerator -
				Generating unique operation named: listAllUsingGET_271
2024-10-23 14:24:05 [restartedMain] INFO  s.d.s.w.r.o.CachingOperationNameGenerator -
				Generating unique operation named: saveInterviewUsingPOST_2
2024-10-23 14:24:05 [restartedMain] INFO  s.d.s.w.r.o.CachingOperationNameGenerator -
				Generating unique operation named: saveInterviewsUsingPOST_1
2024-10-23 14:24:05 [restartedMain] INFO  s.d.s.w.r.o.CachingOperationNameGenerator -
				Generating unique operation named: saveInterviewsssssUsingPOST_1
2024-10-23 14:24:05 [restartedMain] INFO  s.d.s.w.r.o.CachingOperationNameGenerator -
				Generating unique operation named: updateUsingPUT_290
2024-10-23 14:24:05 [restartedMain] INFO  s.d.s.w.r.o.CachingOperationNameGenerator -
				Generating unique operation named: deleteUsingDELETE_216
2024-10-23 14:24:05 [restartedMain] INFO  s.d.s.w.r.o.CachingOperationNameGenerator -
				Generating unique operation named: getUsingGET_322
2024-10-23 14:24:05 [restartedMain] INFO  s.d.s.w.r.o.CachingOperationNameGenerator -
				Generating unique operation named: getUsingGET_323
2024-10-23 14:24:05 [restartedMain] INFO  s.d.s.w.r.o.CachingOperationNameGenerator -
				Generating unique operation named: getAllDeatilsUsingGET_7
2024-10-23 14:24:05 [restartedMain] INFO  s.d.s.w.r.o.CachingOperationNameGenerator -
				Generating unique operation named: getAllEmailDeatilsUsingGET_1
2024-10-23 14:24:05 [restartedMain] INFO  s.d.s.w.r.o.CachingOperationNameGenerator -
				Generating unique operation named: getJobProfileDetailsUsingGET_1
2024-10-23 14:24:05 [restartedMain] INFO  s.d.s.w.r.o.CachingOperationNameGenerator -
				Generating unique operation named: listAllUsingGET_272
2024-10-23 14:24:05 [restartedMain] INFO  s.d.s.w.r.o.CachingOperationNameGenerator -
				Generating unique operation named: listAll1UsingGET_128
2024-10-23 14:24:05 [restartedMain] INFO  s.d.s.w.r.o.CachingOperationNameGenerator -
				Generating unique operation named: saveInterviewUsingPOST_3
2024-10-23 14:24:05 [restartedMain] INFO  s.d.s.w.r.o.CachingOperationNameGenerator -
				Generating unique operation named: setInterviewerCommentsUsingPUT_1
2024-10-23 14:24:05 [restartedMain] INFO  s.d.s.w.r.o.CachingOperationNameGenerator -
				Generating unique operation named: updateUsingPUT_291
2024-10-23 14:24:05 [restartedMain] INFO  s.d.s.w.r.o.CachingOperationNameGenerator -
				Generating unique operation named: uploadFileUsingPOST_37
2024-10-23 14:24:05 [restartedMain] INFO  s.d.s.w.r.o.CachingOperationNameGenerator -
				Generating unique operation named: viewFilesUsingGET_36
2024-10-23 14:24:05 [restartedMain] INFO  s.d.s.w.r.o.CachingOperationNameGenerator -
				Generating unique operation named: checkEmailUsingGET_1
2024-10-23 14:24:05 [restartedMain] INFO  s.d.s.w.r.o.CachingOperationNameGenerator -
				Generating unique operation named: deleteUsingDELETE_217
2024-10-23 14:24:05 [restartedMain] INFO  s.d.s.w.r.o.CachingOperationNameGenerator -
				Generating unique operation named: getUsingGET_324
2024-10-23 14:24:05 [restartedMain] INFO  s.d.s.w.r.o.CachingOperationNameGenerator -
				Generating unique operation named: getAllApplicantDetailsUsingGET_1
2024-10-23 14:24:05 [restartedMain] INFO  s.d.s.w.r.o.CachingOperationNameGenerator -
				Generating unique operation named: getJobProfileByIdUsingGET_1
2024-10-23 14:24:05 [restartedMain] INFO  s.d.s.w.r.o.CachingOperationNameGenerator -
				Generating unique operation named: getNameAndEmailByJobIdUsingGET_1
2024-10-23 14:24:05 [restartedMain] INFO  s.d.s.w.r.o.CachingOperationNameGenerator -
				Generating unique operation named: getReferenceNoUsingGET_1
2024-10-23 14:24:05 [restartedMain] INFO  s.d.s.w.r.o.CachingOperationNameGenerator -
				Generating unique operation named: jobProfileDetailsOnUserIdUsingGET_1
2024-10-23 14:24:05 [restartedMain] INFO  s.d.s.w.r.o.CachingOperationNameGenerator -
				Generating unique operation named: listAllUsingGET_273
2024-10-23 14:24:05 [restartedMain] INFO  s.d.s.w.r.o.CachingOperationNameGenerator -
				Generating unique operation named: listAll1UsingGET_129
2024-10-23 14:24:05 [restartedMain] INFO  s.d.s.w.r.o.CachingOperationNameGenerator -
				Generating unique operation named: saveAcademicYearUsingPOST_10
2024-10-23 14:24:05 [restartedMain] INFO  s.d.s.w.r.o.CachingOperationNameGenerator -
				Generating unique operation named: updateUsingPUT_292
2024-10-23 14:24:05 [restartedMain] INFO  s.d.s.w.r.o.CachingOperationNameGenerator -
				Generating unique operation named: updateJobProfileHrStatusUsingPUT_1
2024-10-23 14:24:05 [restartedMain] INFO  s.d.s.w.r.o.CachingOperationNameGenerator -
				Generating unique operation named: deleteUsingDELETE_218
2024-10-23 14:24:05 [restartedMain] INFO  s.d.s.w.r.o.CachingOperationNameGenerator -
				Generating unique operation named: delete1UsingDELETE_170
2024-10-23 14:24:05 [restartedMain] INFO  s.d.s.w.r.o.CachingOperationNameGenerator -
				Generating unique operation named: getUsingGET_325
2024-10-23 14:24:05 [restartedMain] INFO  s.d.s.w.r.o.CachingOperationNameGenerator -
				Generating unique operation named: jobValidationUsingGET_1
2024-10-23 14:24:05 [restartedMain] INFO  s.d.s.w.r.o.CachingOperationNameGenerator -
				Generating unique operation named: listAllUsingGET_274
2024-10-23 14:24:05 [restartedMain] INFO  s.d.s.w.r.o.CachingOperationNameGenerator -
				Generating unique operation named: listAll1UsingGET_130
2024-10-23 14:24:05 [restartedMain] INFO  s.d.s.w.r.o.CachingOperationNameGenerator -
				Generating unique operation named: saveMenuUsingPOST_2
2024-10-23 14:24:05 [restartedMain] INFO  s.d.s.w.r.o.CachingOperationNameGenerator -
				Generating unique operation named: updateUsingPUT_293
2024-10-23 14:24:05 [restartedMain] INFO  s.d.s.w.r.o.CachingOperationNameGenerator -
				Generating unique operation named: getUsingGET_326
2024-10-23 14:24:05 [restartedMain] INFO  s.d.s.w.r.o.CachingOperationNameGenerator -
				Generating unique operation named: getLanguageBasedOnEmpIdUsingGET_1
2024-10-23 14:24:05 [restartedMain] INFO  s.d.s.w.r.o.CachingOperationNameGenerator -
				Generating unique operation named: listAllUsingGET_275
2024-10-23 14:24:05 [restartedMain] INFO  s.d.s.w.r.o.CachingOperationNameGenerator -
				Generating unique operation named: saveLanguageUsingPOST_1
2024-10-23 14:24:05 [restartedMain] INFO  s.d.s.w.r.o.CachingOperationNameGenerator -
				Generating unique operation named: updateUsingPUT_294
2024-10-23 14:24:05 [restartedMain] INFO  s.d.s.w.r.o.CachingOperationNameGenerator -
				Generating unique operation named: activateUsingDELETE_103
2024-10-23 14:24:05 [restartedMain] INFO  s.d.s.w.r.o.CachingOperationNameGenerator -
				Generating unique operation named: deactivateUsingDELETE_103
2024-10-23 14:24:05 [restartedMain] INFO  s.d.s.w.r.o.CachingOperationNameGenerator -
				Generating unique operation named: fetchAllAdministrationEmailIdsDetailUsingGET_14
2024-10-23 14:24:05 [restartedMain] INFO  s.d.s.w.r.o.CachingOperationNameGenerator -
				Generating unique operation named: getUsingGET_327
2024-10-23 14:24:05 [restartedMain] INFO  s.d.s.w.r.o.CachingOperationNameGenerator -
				Generating unique operation named: getAllActiveMembershipUsingGET_1
2024-10-23 14:24:05 [restartedMain] INFO  s.d.s.w.r.o.CachingOperationNameGenerator -
				Generating unique operation named: membershipDetailsBasedOnEmpIdUsingGET_1
2024-10-23 14:24:05 [restartedMain] INFO  s.d.s.w.r.o.CachingOperationNameGenerator -
				Generating unique operation named: saveMembershipUsingPOST_1
2024-10-23 14:24:05 [restartedMain] INFO  s.d.s.w.r.o.CachingOperationNameGenerator -
				Generating unique operation named: updateMembershipUsingPUT_1
2024-10-23 14:24:05 [restartedMain] INFO  s.d.s.w.r.o.CachingOperationNameGenerator -
				Generating unique operation named: uploadFileUsingPOST_38
2024-10-23 14:24:05 [restartedMain] INFO  s.d.s.w.r.o.CachingOperationNameGenerator -
				Generating unique operation named: viewFilesUsingGET_37
2024-10-23 14:24:05 [restartedMain] INFO  s.d.s.w.r.o.CachingOperationNameGenerator -
				Generating unique operation named: fetchAllResignationDetailsBasedOnUserIdUsingGET_2
2024-10-23 14:24:05 [restartedMain] INFO  s.d.s.w.r.o.CachingOperationNameGenerator -
				Generating unique operation named: getAllNoDueAssignmentDataUsingGET_1
2024-10-23 14:24:05 [restartedMain] INFO  s.d.s.w.r.o.CachingOperationNameGenerator -
				Generating unique operation named: getNoDueAssignmentDataUsingGET_1
2024-10-23 14:24:05 [restartedMain] INFO  s.d.s.w.r.o.CachingOperationNameGenerator -
				Generating unique operation named: saveNoDuesAssignmentUsingPOST_1
2024-10-23 14:24:05 [restartedMain] INFO  s.d.s.w.r.o.CachingOperationNameGenerator -
				Generating unique operation named: updateUsingPUT_295
2024-10-23 14:24:05 [restartedMain] INFO  s.d.s.w.r.o.CachingOperationNameGenerator -
				Generating unique operation named: deleteUsingDELETE_219
2024-10-23 14:24:05 [restartedMain] INFO  s.d.s.w.r.o.CachingOperationNameGenerator -
				Generating unique operation named: emailForOfferUsingPOST_2
2024-10-23 14:24:05 [restartedMain] INFO  s.d.s.w.r.o.CachingOperationNameGenerator -
				Generating unique operation named: emailForStaffUsingPOST_1
2024-10-23 14:24:05 [restartedMain] INFO  s.d.s.w.r.o.CachingOperationNameGenerator -
				Generating unique operation named: fetchAllOfferDetailsByEmployeeIdUsingGET_1
2024-10-23 14:24:05 [restartedMain] INFO  s.d.s.w.r.o.CachingOperationNameGenerator -
				Generating unique operation named: getUsingGET_328
2024-10-23 14:24:05 [restartedMain] INFO  s.d.s.w.r.o.CachingOperationNameGenerator -
				Generating unique operation named: getAllOfferDetailsUsingGET_1
2024-10-23 14:24:05 [restartedMain] INFO  s.d.s.w.r.o.CachingOperationNameGenerator -
				Generating unique operation named: listAll1UsingGET_131
2024-10-23 14:24:05 [restartedMain] INFO  s.d.s.w.r.o.CachingOperationNameGenerator -
				Generating unique operation named: offerDetailsByJobIdUsingGET_1
2024-10-23 14:24:05 [restartedMain] INFO  s.d.s.w.r.o.CachingOperationNameGenerator -
				Generating unique operation named: saveOfferUsingPOST_1
2024-10-23 14:24:05 [restartedMain] INFO  s.d.s.w.r.o.CachingOperationNameGenerator -
				Generating unique operation named: saveOfferLetterUsingPUT_1
2024-10-23 14:24:05 [restartedMain] INFO  s.d.s.w.r.o.CachingOperationNameGenerator -
				Generating unique operation named: updateUsingPUT_296
2024-10-23 14:24:05 [restartedMain] INFO  s.d.s.w.r.o.CachingOperationNameGenerator -
				Generating unique operation named: updateMultipleOfferDetailsUsingPUT_1
2024-10-23 14:24:05 [restartedMain] INFO  s.d.s.w.r.o.CachingOperationNameGenerator -
				Generating unique operation named: updateOfferAfterAcceptingUsingPUT_1
2024-10-23 14:24:05 [restartedMain] INFO  s.d.s.w.r.o.CachingOperationNameGenerator -
				Generating unique operation named: offerHistoryByEmployeeIdUsingGET_1
2024-10-23 14:24:05 [restartedMain] INFO  s.d.s.w.r.o.CachingOperationNameGenerator -
				Generating unique operation named: offerHistoryByJobIdUsingGET_1
2024-10-23 14:24:05 [restartedMain] INFO  s.d.s.w.r.o.CachingOperationNameGenerator -
				Generating unique operation named: saveOfferHistoryUsingPOST_1
2024-10-23 14:24:05 [restartedMain] INFO  s.d.s.w.r.o.CachingOperationNameGenerator -
				Generating unique operation named: activateUsingDELETE_104
2024-10-23 14:24:05 [restartedMain] INFO  s.d.s.w.r.o.CachingOperationNameGenerator -
				Generating unique operation named: deactivateUsingDELETE_104
2024-10-23 14:24:05 [restartedMain] INFO  s.d.s.w.r.o.CachingOperationNameGenerator -
				Generating unique operation named: fetchAllAdministrationEmailIdsDetailUsingGET_15
2024-10-23 14:24:05 [restartedMain] INFO  s.d.s.w.r.o.CachingOperationNameGenerator -
				Generating unique operation named: getUsingGET_329
2024-10-23 14:24:05 [restartedMain] INFO  s.d.s.w.r.o.CachingOperationNameGenerator -
				Generating unique operation named: getAllActivePatentUsingGET_1
2024-10-23 14:24:05 [restartedMain] INFO  s.d.s.w.r.o.CachingOperationNameGenerator -
				Generating unique operation named: patentDetailsBasedOnEmpIdUsingGET_1
2024-10-23 14:24:05 [restartedMain] INFO  s.d.s.w.r.o.CachingOperationNameGenerator -
				Generating unique operation named: savePatentUsingPOST_1
2024-10-23 14:24:05 [restartedMain] INFO  s.d.s.w.r.o.CachingOperationNameGenerator -
				Generating unique operation named: updatePatentUsingPUT_1
2024-10-23 14:24:05 [restartedMain] INFO  s.d.s.w.r.o.CachingOperationNameGenerator -
				Generating unique operation named: uploadFileUsingPOST_39
2024-10-23 14:24:05 [restartedMain] INFO  s.d.s.w.r.o.CachingOperationNameGenerator -
				Generating unique operation named: viewFilesUsingGET_38
2024-10-23 14:24:05 [restartedMain] INFO  s.d.s.w.r.o.CachingOperationNameGenerator -
				Generating unique operation named: getUsingGET_330
2024-10-23 14:24:05 [restartedMain] INFO  s.d.s.w.r.o.CachingOperationNameGenerator -
				Generating unique operation named: getEmployeeNameConcateWithEmployeeCodeUsingGET_1
2024-10-23 14:24:05 [restartedMain] INFO  s.d.s.w.r.o.CachingOperationNameGenerator -
				Generating unique operation named: getPaySlipByEmployeeIdUsingGET_1
2024-10-23 14:24:05 [restartedMain] INFO  s.d.s.w.r.o.CachingOperationNameGenerator -
				Generating unique operation named: listAll1UsingGET_132
2024-10-23 14:24:05 [restartedMain] INFO  s.d.s.w.r.o.CachingOperationNameGenerator -
				Generating unique operation named: savePaySlipLockDateUsingPOST_1
2024-10-23 14:24:05 [restartedMain] INFO  s.d.s.w.r.o.CachingOperationNameGenerator -
				Generating unique operation named: updateUsingPUT_297
2024-10-23 14:24:05 [restartedMain] INFO  s.d.s.w.r.o.CachingOperationNameGenerator -
				Generating unique operation named: updatepaySlipLockDateUsingPUT_1
2024-10-23 14:24:05 [restartedMain] INFO  s.d.s.w.r.o.CachingOperationNameGenerator -
				Generating unique operation named: activatePhdDetailsUsingDELETE_1
2024-10-23 14:24:05 [restartedMain] INFO  s.d.s.w.r.o.CachingOperationNameGenerator -
				Generating unique operation named: deactivatePhdDetailsUsingDELETE_1
2024-10-23 14:24:05 [restartedMain] INFO  s.d.s.w.r.o.CachingOperationNameGenerator -
				Generating unique operation named: getAllPhdDetailsUsingGET_1
2024-10-23 14:24:05 [restartedMain] INFO  s.d.s.w.r.o.CachingOperationNameGenerator -
				Generating unique operation named: getPhdDetailsUsingGET_1
2024-10-23 14:24:05 [restartedMain] INFO  s.d.s.w.r.o.CachingOperationNameGenerator -
				Generating unique operation named: getPhdDetailsByJobIdUsingGET_1
2024-10-23 14:24:05 [restartedMain] INFO  s.d.s.w.r.o.CachingOperationNameGenerator -
				Generating unique operation named: listAllActivePhdDetailsUsingGET_1
2024-10-23 14:24:05 [restartedMain] INFO  s.d.s.w.r.o.CachingOperationNameGenerator -
				Generating unique operation named: savePhdDetailsUsingPOST_1
2024-10-23 14:24:05 [restartedMain] INFO  s.d.s.w.r.o.CachingOperationNameGenerator -
				Generating unique operation named: updatePhdDetailsUsingPUT_1
2024-10-23 14:24:05 [restartedMain] INFO  s.d.s.w.r.o.CachingOperationNameGenerator -
				Generating unique operation named: activateUsingDELETE_105
2024-10-23 14:24:05 [restartedMain] INFO  s.d.s.w.r.o.CachingOperationNameGenerator -
				Generating unique operation named: createProfileResearchUsingPOST_1
2024-10-23 14:24:05 [restartedMain] INFO  s.d.s.w.r.o.CachingOperationNameGenerator -
				Generating unique operation named: deactivateUsingDELETE_105
2024-10-23 14:24:05 [restartedMain] INFO  s.d.s.w.r.o.CachingOperationNameGenerator -
				Generating unique operation named: fetchAllProfileResearchUsingGET_1
2024-10-23 14:24:05 [restartedMain] INFO  s.d.s.w.r.o.CachingOperationNameGenerator -
				Generating unique operation named: fetchAllProfileResearchForEmployeeUsingGET_1
2024-10-23 14:24:05 [restartedMain] INFO  s.d.s.w.r.o.CachingOperationNameGenerator -
				Generating unique operation named: getUsingGET_331
2024-10-23 14:24:05 [restartedMain] INFO  s.d.s.w.r.o.CachingOperationNameGenerator -
				Generating unique operation named: listAllUsingGET_276
2024-10-23 14:24:05 [restartedMain] INFO  s.d.s.w.r.o.CachingOperationNameGenerator -
				Generating unique operation named: profileResearchUploadFileUsingPOST_1
2024-10-23 14:24:05 [restartedMain] INFO  s.d.s.w.r.o.CachingOperationNameGenerator -
				Generating unique operation named: updateUsingPUT_298
2024-10-23 14:24:05 [restartedMain] INFO  s.d.s.w.r.o.CachingOperationNameGenerator -
				Generating unique operation named: viewFilesUsingGET_39
2024-10-23 14:24:05 [restartedMain] INFO  s.d.s.w.r.o.CachingOperationNameGenerator -
				Generating unique operation named: activateUsingDELETE_106
2024-10-23 14:24:05 [restartedMain] INFO  s.d.s.w.r.o.CachingOperationNameGenerator -
				Generating unique operation named: deactivateUsingDELETE_106
2024-10-23 14:24:05 [restartedMain] INFO  s.d.s.w.r.o.CachingOperationNameGenerator -
				Generating unique operation named: fetchAllAdministrationEmailIdsDetailUsingGET_16
2024-10-23 14:24:05 [restartedMain] INFO  s.d.s.w.r.o.CachingOperationNameGenerator -
				Generating unique operation named: getUsingGET_332
2024-10-23 14:24:05 [restartedMain] INFO  s.d.s.w.r.o.CachingOperationNameGenerator -
				Generating unique operation named: getAllActivePublicationUsingGET_1
2024-10-23 14:24:05 [restartedMain] INFO  s.d.s.w.r.o.CachingOperationNameGenerator -
				Generating unique operation named: publicationDetailsBasedOnEmpIdUsingGET_1
2024-10-23 14:24:05 [restartedMain] INFO  s.d.s.w.r.o.CachingOperationNameGenerator -
				Generating unique operation named: savePublicationUsingPOST_3
2024-10-23 14:24:05 [restartedMain] INFO  s.d.s.w.r.o.CachingOperationNameGenerator -
				Generating unique operation named: updatePublicationUsingPUT_1
2024-10-23 14:24:05 [restartedMain] INFO  s.d.s.w.r.o.CachingOperationNameGenerator -
				Generating unique operation named: uploadFileUsingPOST_40
2024-10-23 14:24:05 [restartedMain] INFO  s.d.s.w.r.o.CachingOperationNameGenerator -
				Generating unique operation named: viewFilesUsingGET_40
2024-10-23 14:24:05 [restartedMain] INFO  s.d.s.w.r.o.CachingOperationNameGenerator -
				Generating unique operation named: deleteUsingDELETE_220
2024-10-23 14:24:05 [restartedMain] INFO  s.d.s.w.r.o.CachingOperationNameGenerator -
				Generating unique operation named: delete1UsingDELETE_171
2024-10-23 14:24:05 [restartedMain] INFO  s.d.s.w.r.o.CachingOperationNameGenerator -
				Generating unique operation named: getUsingGET_333
2024-10-23 14:24:05 [restartedMain] INFO  s.d.s.w.r.o.CachingOperationNameGenerator -
				Generating unique operation named: getResignationAttachmentBasedOnEmployeeIdUsingGET_1
2024-10-23 14:24:05 [restartedMain] INFO  s.d.s.w.r.o.CachingOperationNameGenerator -
				Generating unique operation named: uploadFileResignationAttachmentUsingPOST_1
2024-10-23 14:24:05 [restartedMain] INFO  s.d.s.w.r.o.CachingOperationNameGenerator -
				Generating unique operation named: viewFilesUsingGET_41
2024-10-23 14:24:05 [restartedMain] INFO  s.d.s.w.r.o.CachingOperationNameGenerator -
				Generating unique operation named: checkEmpIdIsAlreadyPresentOrNotUsingGET_1
2024-10-23 14:24:05 [restartedMain] INFO  s.d.s.w.r.o.CachingOperationNameGenerator -
				Generating unique operation named: checkNoDuesStatusUsingGET_1
2024-10-23 14:24:05 [restartedMain] INFO  s.d.s.w.r.o.CachingOperationNameGenerator -
				Generating unique operation named: deleteUsingDELETE_221
2024-10-23 14:24:05 [restartedMain] INFO  s.d.s.w.r.o.CachingOperationNameGenerator -
				Generating unique operation named: delete1UsingDELETE_172
2024-10-23 14:24:05 [restartedMain] INFO  s.d.s.w.r.o.CachingOperationNameGenerator -
				Generating unique operation named: fetchAllResignationDetailsBasedOnUserIdUsingGET_3
2024-10-23 14:24:05 [restartedMain] INFO  s.d.s.w.r.o.CachingOperationNameGenerator -
				Generating unique operation named: fetchAllResignationHistoryDetailsUsingGET_1
2024-10-23 14:24:05 [restartedMain] INFO  s.d.s.w.r.o.CachingOperationNameGenerator -
				Generating unique operation named: getUsingGET_334
2024-10-23 14:24:05 [restartedMain] INFO  s.d.s.w.r.o.CachingOperationNameGenerator -
				Generating unique operation named: getAlResignationWithRelievingNoUsingGET_1
2024-10-23 14:24:05 [restartedMain] INFO  s.d.s.w.r.o.CachingOperationNameGenerator -
				Generating unique operation named: getAllResignationDetailsDataUsingGET_1
2024-10-23 14:24:05 [restartedMain] INFO  s.d.s.w.r.o.CachingOperationNameGenerator -
				Generating unique operation named: listAllUsingGET_277
2024-10-23 14:24:05 [restartedMain] INFO  s.d.s.w.r.o.CachingOperationNameGenerator -
				Generating unique operation named: listAll1UsingGET_133
2024-10-23 14:24:05 [restartedMain] INFO  s.d.s.w.r.o.CachingOperationNameGenerator -
				Generating unique operation named: saveResignationUsingPOST_1
2024-10-23 14:24:05 [restartedMain] INFO  s.d.s.w.r.o.CachingOperationNameGenerator -
				Generating unique operation named: updateUsingPUT_299
2024-10-23 14:24:05 [restartedMain] INFO  s.d.s.w.r.o.CachingOperationNameGenerator -
				Generating unique operation named: deleteUsingDELETE_222
2024-10-23 14:24:05 [restartedMain] INFO  s.d.s.w.r.o.CachingOperationNameGenerator -
				Generating unique operation named: delete1UsingDELETE_173
2024-10-23 14:24:05 [restartedMain] INFO  s.d.s.w.r.o.CachingOperationNameGenerator -
				Generating unique operation named: getUsingGET_335
2024-10-23 14:24:05 [restartedMain] INFO  s.d.s.w.r.o.CachingOperationNameGenerator -
				Generating unique operation named: getAllRolesDetailsUsingGET_7
2024-10-23 14:24:05 [restartedMain] INFO  s.d.s.w.r.o.CachingOperationNameGenerator -
				Generating unique operation named: listAllUsingGET_278
2024-10-23 14:24:05 [restartedMain] INFO  s.d.s.w.r.o.CachingOperationNameGenerator -
				Generating unique operation named: saveSlabDetailUsingPOST_4
2024-10-23 14:24:05 [restartedMain] INFO  s.d.s.w.r.o.CachingOperationNameGenerator -
				Generating unique operation named: shiftDetailsBasedOnSchoolIdUsingGET_1
2024-10-23 14:24:05 [restartedMain] INFO  s.d.s.w.r.o.CachingOperationNameGenerator -
				Generating unique operation named: shiftDetailsDataUsingGET_1
2024-10-23 14:24:05 [restartedMain] INFO  s.d.s.w.r.o.CachingOperationNameGenerator -
				Generating unique operation named: updateUsingPUT_300
2024-10-23 14:24:05 [restartedMain] INFO  s.d.s.w.r.o.CachingOperationNameGenerator -
				Generating unique operation named: activateUsingDELETE_107
2024-10-23 14:24:05 [restartedMain] INFO  s.d.s.w.r.o.CachingOperationNameGenerator -
				Generating unique operation named: deactivateUsingDELETE_107
2024-10-23 14:24:05 [restartedMain] INFO  s.d.s.w.r.o.CachingOperationNameGenerator -
				Generating unique operation named: getUsingGET_336
2024-10-23 14:24:05 [restartedMain] INFO  s.d.s.w.r.o.CachingOperationNameGenerator -
				Generating unique operation named: getAllDeptUsingGET_30
2024-10-23 14:24:05 [restartedMain] INFO  s.d.s.w.r.o.CachingOperationNameGenerator -
				Generating unique operation named: getVisaExpiryHistoryDataUsingGET_1
2024-10-23 14:24:05 [restartedMain] INFO  s.d.s.w.r.o.CachingOperationNameGenerator -
				Generating unique operation named: listAllUsingGET_279
2024-10-23 14:24:05 [restartedMain] INFO  s.d.s.w.r.o.CachingOperationNameGenerator -
				Generating unique operation named: saveVisaExpiryHistoryUsingPOST_1
2024-10-23 14:24:05 [restartedMain] INFO  s.d.s.w.r.o.CachingOperationNameGenerator -
				Generating unique operation named: updateUsingPUT_301
2024-10-23 14:24:06 [restartedMain] INFO  s.d.s.w.s.ApiListingReferenceScanner -
				Scanning for api listing references
2024-10-23 14:24:06 [restartedMain] INFO  s.d.s.w.r.o.CachingOperationNameGenerator -
				Generating unique operation named: sendSmsUsingPOST_1
2024-10-23 14:24:06 [restartedMain] INFO  s.d.s.w.r.o.CachingOperationNameGenerator -
				Generating unique operation named: deleteUsingDELETE_223
2024-10-23 14:24:06 [restartedMain] INFO  s.d.s.w.r.o.CachingOperationNameGenerator -
				Generating unique operation named: delete1UsingDELETE_174
2024-10-23 14:24:06 [restartedMain] INFO  s.d.s.w.r.o.CachingOperationNameGenerator -
				Generating unique operation named: getUsingGET_337
2024-10-23 14:24:06 [restartedMain] INFO  s.d.s.w.r.o.CachingOperationNameGenerator -
				Generating unique operation named: listAllUsingGET_280
2024-10-23 14:24:06 [restartedMain] INFO  s.d.s.w.r.o.CachingOperationNameGenerator -
				Generating unique operation named: listAll1UsingGET_134
2024-10-23 14:24:06 [restartedMain] INFO  s.d.s.w.r.o.CachingOperationNameGenerator -
				Generating unique operation named: saveSmsTemplateFormatUsingPOST_1
2024-10-23 14:24:06 [restartedMain] INFO  s.d.s.w.r.o.CachingOperationNameGenerator -
				Generating unique operation named: updateSmsTemplateFormatUsingPUT_1
2024-10-23 14:24:06 [restartedMain] INFO  s.d.s.w.r.o.CachingOperationNameGenerator -
				Generating unique operation named: createFeedbackQuestionsForStudentsUsingPOST_1
2024-10-23 14:24:06 [restartedMain] INFO  s.d.s.w.r.o.CachingOperationNameGenerator -
				Generating unique operation named: createFeedbackWindowUsingPOST_1
2024-10-23 14:24:06 [restartedMain] INFO  s.d.s.w.r.o.CachingOperationNameGenerator -
				Generating unique operation named: deactivateFeedbackQuestionsForStudentsUsingDELETE_1
2024-10-23 14:24:06 [restartedMain] INFO  s.d.s.w.r.o.CachingOperationNameGenerator -
				Generating unique operation named: deactivateFeedbackWindowUsingDELETE_1
2024-10-23 14:24:06 [restartedMain] INFO  s.d.s.w.r.o.CachingOperationNameGenerator -
				Generating unique operation named: deactivefreezeStudentAttendenceUsingDELETE_1
2024-10-23 14:24:06 [restartedMain] INFO  s.d.s.w.r.o.CachingOperationNameGenerator -
				Generating unique operation named: feedbackWindowByIdUsingGET_1
2024-10-23 14:24:06 [restartedMain] INFO  s.d.s.w.r.o.CachingOperationNameGenerator -
				Generating unique operation named: feedbackWindowListUsingGET_1
2024-10-23 14:24:06 [restartedMain] INFO  s.d.s.w.r.o.CachingOperationNameGenerator -
				Generating unique operation named: freezeStudentAttendenceUsingPOST_1
2024-10-23 14:24:06 [restartedMain] INFO  s.d.s.w.r.o.CachingOperationNameGenerator -
				Generating unique operation named: freezeStudentAttendenceByIdUsingGET_1
2024-10-23 14:24:06 [restartedMain] INFO  s.d.s.w.r.o.CachingOperationNameGenerator -
				Generating unique operation named: freezeStudentAttendenceListUsingGET_1
2024-10-23 14:24:06 [restartedMain] INFO  s.d.s.w.r.o.CachingOperationNameGenerator -
				Generating unique operation named: getFeedbackQuestionsForStudentsListUsingGET_1
2024-10-23 14:24:06 [restartedMain] INFO  s.d.s.w.r.o.CachingOperationNameGenerator -
				Generating unique operation named: getFeedbackQuestionsForStudentsListByQuestionIdUsingGET_1
2024-10-23 14:24:06 [restartedMain] INFO  s.d.s.w.r.o.CachingOperationNameGenerator -
				Generating unique operation named: getStudentForFeedbackUsingGET_1
2024-10-23 14:24:06 [restartedMain] INFO  s.d.s.w.r.o.CachingOperationNameGenerator -
				Generating unique operation named: studentFeedbackAnswersUsingPOST_1
2024-10-23 14:24:06 [restartedMain] INFO  s.d.s.w.r.o.CachingOperationNameGenerator -
				Generating unique operation named: updateFeedbackQuestionsForStudentsUsingPOST_1
2024-10-23 14:24:06 [restartedMain] INFO  s.d.s.w.r.o.CachingOperationNameGenerator -
				Generating unique operation named: updateFeedbackWindowUsingPOST_1
2024-10-23 14:24:06 [restartedMain] INFO  s.d.s.w.r.o.CachingOperationNameGenerator -
				Generating unique operation named: updatefreezeStudentAttendenceUsingPOST_1
2024-10-23 14:24:06 [restartedMain] INFO  s.d.s.w.r.o.CachingOperationNameGenerator -
				Generating unique operation named: verificationOfTelegramIdAndUsernameUsingGET_1
2024-10-23 14:24:06 [restartedMain] INFO  s.d.s.w.r.o.CachingOperationNameGenerator -
				Generating unique operation named: verificationProcessOfTelegramIdAndUsernameUsingGET_1
2024-10-23 14:24:06 [restartedMain] INFO  s.d.s.w.r.o.CachingOperationNameGenerator -
				Generating unique operation named: verificationProcessOfTelegramIdAndUsernameByWebhooksUsingPOST_1
2024-10-23 14:24:06 [restartedMain] INFO  s.d.s.w.s.ApiListingReferenceScanner -
				Scanning for api listing references
2024-10-23 14:24:06 [restartedMain] INFO  s.d.s.w.r.o.CachingOperationNameGenerator -
				Generating unique operation named: activateUsingDELETE_108
2024-10-23 14:24:06 [restartedMain] INFO  s.d.s.w.r.o.CachingOperationNameGenerator -
				Generating unique operation named: advancePayScaleDeductionUsingPOST_1
2024-10-23 14:24:06 [restartedMain] INFO  s.d.s.w.r.o.CachingOperationNameGenerator -
				Generating unique operation named: deactivateUsingDELETE_108
2024-10-23 14:24:06 [restartedMain] INFO  s.d.s.w.r.o.CachingOperationNameGenerator -
				Generating unique operation named: fetchTimeTableDetailsByEmployeeIdUsingGET_3
2024-10-23 14:24:06 [restartedMain] INFO  s.d.s.w.r.o.CachingOperationNameGenerator -
				Generating unique operation named: getAllDeptUsingGET_31
2024-10-23 14:24:06 [restartedMain] INFO  s.d.s.w.r.o.CachingOperationNameGenerator -
				Generating unique operation named: updateUsingPUT_302
2024-10-23 14:24:06 [restartedMain] INFO  s.d.s.w.r.o.CachingOperationNameGenerator -
				Generating unique operation named: updateEmiUsingPUT_1
2024-10-23 14:24:06 [restartedMain] INFO  s.d.s.w.r.o.CachingOperationNameGenerator -
				Generating unique operation named: deleteUsingDELETE_224
2024-10-23 14:24:06 [restartedMain] INFO  s.d.s.w.r.o.CachingOperationNameGenerator -
				Generating unique operation named: getUsingGET_338
2024-10-23 14:24:06 [restartedMain] INFO  s.d.s.w.r.o.CachingOperationNameGenerator -
				Generating unique operation named: getAliasNamesUsingGET_1
2024-10-23 14:24:06 [restartedMain] INFO  s.d.s.w.r.o.CachingOperationNameGenerator -
				Generating unique operation named: listAllUsingGET_281
2024-10-23 14:24:06 [restartedMain] INFO  s.d.s.w.r.o.CachingOperationNameGenerator -
				Generating unique operation named: saveAliasNameUsingPOST_7
2024-10-23 14:24:06 [restartedMain] INFO  s.d.s.w.r.o.CachingOperationNameGenerator -
				Generating unique operation named: updateUsingPUT_303
2024-10-23 14:24:06 [restartedMain] INFO  s.d.s.w.r.o.CachingOperationNameGenerator -
				Generating unique operation named: deleteUsingDELETE_225
2024-10-23 14:24:06 [restartedMain] INFO  s.d.s.w.r.o.CachingOperationNameGenerator -
				Generating unique operation named: delete1UsingDELETE_175
2024-10-23 14:24:06 [restartedMain] INFO  s.d.s.w.r.o.CachingOperationNameGenerator -
				Generating unique operation named: fetchAllBanknDetailsUsingGET_2
2024-10-23 14:24:06 [restartedMain] INFO  s.d.s.w.r.o.CachingOperationNameGenerator -
				Generating unique operation named: getUsingGET_339
2024-10-23 14:24:06 [restartedMain] INFO  s.d.s.w.r.o.CachingOperationNameGenerator -
				Generating unique operation named: listAllUsingGET_282
2024-10-23 14:24:06 [restartedMain] INFO  s.d.s.w.r.o.CachingOperationNameGenerator -
				Generating unique operation named: saveBankUsingPOST_2
2024-10-23 14:24:06 [restartedMain] INFO  s.d.s.w.r.o.CachingOperationNameGenerator -
				Generating unique operation named: updateUsingPUT_304
2024-10-23 14:24:06 [restartedMain] INFO  s.d.s.w.r.o.CachingOperationNameGenerator -
				Generating unique operation named: bankDetailsBasedOnSchoolIdUsingGET_1
2024-10-23 14:24:06 [restartedMain] INFO  s.d.s.w.r.o.CachingOperationNameGenerator -
				Generating unique operation named: deleteUsingDELETE_226
2024-10-23 14:24:06 [restartedMain] INFO  s.d.s.w.r.o.CachingOperationNameGenerator -
				Generating unique operation named: delete1UsingDELETE_176
2024-10-23 14:24:06 [restartedMain] INFO  s.d.s.w.r.o.CachingOperationNameGenerator -
				Generating unique operation named: fetchAllBanknDetailsUsingGET_3
2024-10-23 14:24:06 [restartedMain] INFO  s.d.s.w.r.o.CachingOperationNameGenerator -
				Generating unique operation named: getUsingGET_340
2024-10-23 14:24:06 [restartedMain] INFO  s.d.s.w.r.o.CachingOperationNameGenerator -
				Generating unique operation named: getAllbankDetailsDataUsingGET_1
2024-10-23 14:24:06 [restartedMain] INFO  s.d.s.w.r.o.CachingOperationNameGenerator -
				Generating unique operation named: getCreditDebitTotalAmountDayWiseUsingGET_1
2024-10-23 14:24:06 [restartedMain] INFO  s.d.s.w.r.o.CachingOperationNameGenerator -
				Generating unique operation named: getCreditDebitTotalAmountDayWisebyVoucherHeadWiseUsingGET_1
2024-10-23 14:24:06 [restartedMain] INFO  s.d.s.w.r.o.CachingOperationNameGenerator -
				Generating unique operation named: getCreditDebitTotalAmountMonthlyUsingGET_1
2024-10-23 14:24:06 [restartedMain] INFO  s.d.s.w.r.o.CachingOperationNameGenerator -
				Generating unique operation named: getCreditDebitTotalAmountMonthlyVoucherHeadWiseUsingGET_1
2024-10-23 14:24:06 [restartedMain] INFO  s.d.s.w.r.o.CachingOperationNameGenerator -
				Generating unique operation named: getTotalAmountBankWiseUsingGET_1
2024-10-23 14:24:06 [restartedMain] INFO  s.d.s.w.r.o.CachingOperationNameGenerator -
				Generating unique operation named: listAllUsingGET_283
2024-10-23 14:24:06 [restartedMain] INFO  s.d.s.w.r.o.CachingOperationNameGenerator -
				Generating unique operation named: saveBankUsingPOST_3
2024-10-23 14:24:06 [restartedMain] INFO  s.d.s.w.r.o.CachingOperationNameGenerator -
				Generating unique operation named: updateUsingPUT_305
2024-10-23 14:24:06 [restartedMain] INFO  s.d.s.w.r.o.CachingOperationNameGenerator -
				Generating unique operation named: activateUsingDELETE_109
2024-10-23 14:24:06 [restartedMain] INFO  s.d.s.w.r.o.CachingOperationNameGenerator -
				Generating unique operation named: createBankGroupUsingPOST_1
2024-10-23 14:24:06 [restartedMain] INFO  s.d.s.w.r.o.CachingOperationNameGenerator -
				Generating unique operation named: deactivateUsingDELETE_109
2024-10-23 14:24:06 [restartedMain] INFO  s.d.s.w.r.o.CachingOperationNameGenerator -
				Generating unique operation named: getUsingGET_341
2024-10-23 14:24:06 [restartedMain] INFO  s.d.s.w.r.o.CachingOperationNameGenerator -
				Generating unique operation named: getAllDeptUsingGET_32
2024-10-23 14:24:06 [restartedMain] INFO  s.d.s.w.r.o.CachingOperationNameGenerator -
				Generating unique operation named: listAllUsingGET_284
2024-10-23 14:24:06 [restartedMain] INFO  s.d.s.w.r.o.CachingOperationNameGenerator -
				Generating unique operation named: updateBankGroupUsingPUT_1
2024-10-23 14:24:06 [restartedMain] INFO  s.d.s.w.r.o.CachingOperationNameGenerator -
				Generating unique operation named: activateUsingDELETE_110
2024-10-23 14:24:06 [restartedMain] INFO  s.d.s.w.r.o.CachingOperationNameGenerator -
				Generating unique operation named: createBudgetUsingPOST_1
2024-10-23 14:24:06 [restartedMain] INFO  s.d.s.w.r.o.CachingOperationNameGenerator -
				Generating unique operation named: deactivateUsingDELETE_110
2024-10-23 14:24:06 [restartedMain] INFO  s.d.s.w.r.o.CachingOperationNameGenerator -
				Generating unique operation named: getUsingGET_342
2024-10-23 14:24:06 [restartedMain] INFO  s.d.s.w.r.o.CachingOperationNameGenerator -
				Generating unique operation named: getAllBudgetUsingGET_1
2024-10-23 14:24:06 [restartedMain] INFO  s.d.s.w.r.o.CachingOperationNameGenerator -
				Generating unique operation named: getAllBudgetDetailsDataUsingGET_1
2024-10-23 14:24:06 [restartedMain] INFO  s.d.s.w.r.o.CachingOperationNameGenerator -
				Generating unique operation named: getAllDeptUsingGET_33
2024-10-23 14:24:06 [restartedMain] INFO  s.d.s.w.r.o.CachingOperationNameGenerator -
				Generating unique operation named: getDeptDetailsBasedOnSchoolIdUsingGET_1
2024-10-23 14:24:06 [restartedMain] INFO  s.d.s.w.r.o.CachingOperationNameGenerator -
				Generating unique operation named: getVoucherHeadDataBasedOnBudgetUsingGET_1
2024-10-23 14:24:06 [restartedMain] INFO  s.d.s.w.r.o.CachingOperationNameGenerator -
				Generating unique operation named: updateUsingPUT_306
2024-10-23 14:24:06 [restartedMain] INFO  s.d.s.w.r.o.CachingOperationNameGenerator -
				Generating unique operation named: updateBudgetStatusUsingPUT_1
2024-10-23 14:24:06 [restartedMain] INFO  s.d.s.w.r.o.CachingOperationNameGenerator -
				Generating unique operation named: activateFeeReceiptUsingDELETE_2
2024-10-23 14:24:06 [restartedMain] INFO  s.d.s.w.r.o.CachingOperationNameGenerator -
				Generating unique operation named: cancelBulkFeeReceiptUsingPOST_1
2024-10-23 14:24:06 [restartedMain] INFO  s.d.s.w.r.o.CachingOperationNameGenerator -
				Generating unique operation named: deleteUsingDELETE_227
2024-10-23 14:24:06 [restartedMain] INFO  s.d.s.w.r.o.CachingOperationNameGenerator -
				Generating unique operation named: getActiveBullFeeReceiptUsingGET_1
2024-10-23 14:24:06 [restartedMain] INFO  s.d.s.w.r.o.CachingOperationNameGenerator -
				Generating unique operation named: getDataForDisplayingBulkFeeReceiptUsingGET_1
2024-10-23 14:24:06 [restartedMain] INFO  s.d.s.w.r.o.CachingOperationNameGenerator -
				Generating unique operation named: getDataForDisplayingBulkFeeReceiptAndCancelUsingGET_1
2024-10-23 14:24:06 [restartedMain] INFO  s.d.s.w.r.o.CachingOperationNameGenerator -
				Generating unique operation named: getDataForDisplayingBulkFeeReceiptByAuidUsingGET_1
2024-10-23 14:24:06 [restartedMain] INFO  s.d.s.w.r.o.CachingOperationNameGenerator -
				Generating unique operation named: getFeeReceiptByIdUsingGET_2
2024-10-23 14:24:06 [restartedMain] INFO  s.d.s.w.r.o.CachingOperationNameGenerator -
				Generating unique operation named: saveBulkFeeReceiptUsingPOST_1
2024-10-23 14:24:06 [restartedMain] INFO  s.d.s.w.r.o.CachingOperationNameGenerator -
				Generating unique operation named: updateFeeReceiptUsingPUT_2
2024-10-23 14:24:06 [restartedMain] INFO  s.d.s.w.r.o.CachingOperationNameGenerator -
				Generating unique operation named: fetchAllCancelledReceiptsUsingGET_1
2024-10-23 14:24:06 [restartedMain] INFO  s.d.s.w.r.o.CachingOperationNameGenerator -
				Generating unique operation named: CancelledTallyReceiptUsingGET_1
2024-10-23 14:24:06 [restartedMain] INFO  s.d.s.w.r.o.CachingOperationNameGenerator -
				Generating unique operation named: activateUsingDELETE_111
2024-10-23 14:24:06 [restartedMain] INFO  s.d.s.w.r.o.CachingOperationNameGenerator -
				Generating unique operation named: createPettyCashUsingPOST_2
2024-10-23 14:24:06 [restartedMain] INFO  s.d.s.w.r.o.CachingOperationNameGenerator -
				Generating unique operation named: deactivateUsingDELETE_111
2024-10-23 14:24:06 [restartedMain] INFO  s.d.s.w.r.o.CachingOperationNameGenerator -
				Generating unique operation named: getUsingGET_343
2024-10-23 14:24:06 [restartedMain] INFO  s.d.s.w.r.o.CachingOperationNameGenerator -
				Generating unique operation named: getAllCmaFeeReceiptUsingGET_1
2024-10-23 14:24:06 [restartedMain] INFO  s.d.s.w.r.o.CachingOperationNameGenerator -
				Generating unique operation named: getAllDeptUsingGET_34
2024-10-23 14:24:06 [restartedMain] INFO  s.d.s.w.r.o.CachingOperationNameGenerator -
				Generating unique operation named: updateCmaFeeReceiptUsingPUT_1
2024-10-23 14:24:06 [restartedMain] INFO  s.d.s.w.r.o.CachingOperationNameGenerator -
				Generating unique operation named: deleteUsingDELETE_228
2024-10-23 14:24:06 [restartedMain] INFO  s.d.s.w.r.o.CachingOperationNameGenerator -
				Generating unique operation named: delete1UsingDELETE_177
2024-10-23 14:24:06 [restartedMain] INFO  s.d.s.w.r.o.CachingOperationNameGenerator -
				Generating unique operation named: getUsingGET_344
2024-10-23 14:24:06 [restartedMain] INFO  s.d.s.w.r.o.CachingOperationNameGenerator -
				Generating unique operation named: listAllUsingGET_285
2024-10-23 14:24:06 [restartedMain] INFO  s.d.s.w.r.o.CachingOperationNameGenerator -
				Generating unique operation named: listAll1UsingGET_135
2024-10-23 14:24:06 [restartedMain] INFO  s.d.s.w.r.o.CachingOperationNameGenerator -
				Generating unique operation named: saveCurrencyTypeUsingPOST_1
2024-10-23 14:24:06 [restartedMain] INFO  s.d.s.w.r.o.CachingOperationNameGenerator -
				Generating unique operation named: updateUsingPUT_307
2024-10-23 14:24:06 [restartedMain] INFO  s.d.s.w.r.o.CachingOperationNameGenerator -
				Generating unique operation named: delete1UsingDELETE_178
2024-10-23 14:24:06 [restartedMain] INFO  s.d.s.w.r.o.CachingOperationNameGenerator -
				Generating unique operation named: delete2UsingDELETE_6
2024-10-23 14:24:06 [restartedMain] INFO  s.d.s.w.r.o.CachingOperationNameGenerator -
				Generating unique operation named: getActiveDetailsUsingGET_5
2024-10-23 14:24:06 [restartedMain] INFO  s.d.s.w.r.o.CachingOperationNameGenerator -
				Generating unique operation named: getAllDdDetailsUsingGET_2
2024-10-23 14:24:06 [restartedMain] INFO  s.d.s.w.r.o.CachingOperationNameGenerator -
				Generating unique operation named: getDdDetailsbyIdUsingGET_1
2024-10-23 14:24:06 [restartedMain] INFO  s.d.s.w.r.o.CachingOperationNameGenerator -
				Generating unique operation named: saveDdDetailsUsingPOST_1
2024-10-23 14:24:06 [restartedMain] INFO  s.d.s.w.r.o.CachingOperationNameGenerator -
				Generating unique operation named: updateDdDetailsUsingPUT_1
2024-10-23 14:24:06 [restartedMain] INFO  s.d.s.w.r.o.CachingOperationNameGenerator -
				Generating unique operation named: deleteUsingDELETE_229
2024-10-23 14:24:06 [restartedMain] INFO  s.d.s.w.r.o.CachingOperationNameGenerator -
				Generating unique operation named: delete1UsingDELETE_179
2024-10-23 14:24:06 [restartedMain] INFO  s.d.s.w.r.o.CachingOperationNameGenerator -
				Generating unique operation named: dollarToInrConversionUsingPOST_1
2024-10-23 14:24:06 [restartedMain] INFO  s.d.s.w.r.o.CachingOperationNameGenerator -
				Generating unique operation named: getUsingGET_345
2024-10-23 14:24:06 [restartedMain] INFO  s.d.s.w.r.o.CachingOperationNameGenerator -
				Generating unique operation named: listAllUsingGET_286
2024-10-23 14:24:06 [restartedMain] INFO  s.d.s.w.r.o.CachingOperationNameGenerator -
				Generating unique operation named: listAll1UsingGET_136
2024-10-23 14:24:06 [restartedMain] INFO  s.d.s.w.r.o.CachingOperationNameGenerator -
				Generating unique operation named: updateUsingPUT_308
2024-10-23 14:24:06 [restartedMain] INFO  s.d.s.w.r.o.CachingOperationNameGenerator -
				Generating unique operation named: activateUsingDELETE_112
2024-10-23 14:24:06 [restartedMain] INFO  s.d.s.w.r.o.CachingOperationNameGenerator -
				Generating unique operation named: deactivateUsingDELETE_112
2024-10-23 14:24:06 [restartedMain] INFO  s.d.s.w.r.o.CachingOperationNameGenerator -
				Generating unique operation named: fetchAllAdministrationEmailIdsDetailUsingGET_17
2024-10-23 14:24:06 [restartedMain] INFO  s.d.s.w.r.o.CachingOperationNameGenerator -
				Generating unique operation named: getUsingGET_346
2024-10-23 14:24:06 [restartedMain] INFO  s.d.s.w.r.o.CachingOperationNameGenerator -
				Generating unique operation named: getAllActiveEnvBillDetailsUsingGET_1
2024-10-23 14:24:06 [restartedMain] INFO  s.d.s.w.r.o.CachingOperationNameGenerator -
				Generating unique operation named: saveEnvBillDetailsUsingPOST_1
2024-10-23 14:24:06 [restartedMain] INFO  s.d.s.w.r.o.CachingOperationNameGenerator -
				Generating unique operation named: updateEnvBillDetailsUsingPUT_1
2024-10-23 14:24:06 [restartedMain] INFO  s.d.s.w.r.o.CachingOperationNameGenerator -
				Generating unique operation named: uploadFileUsingPOST_41
2024-10-23 14:24:06 [restartedMain] INFO  s.d.s.w.r.o.CachingOperationNameGenerator -
				Generating unique operation named: viewFilesUsingGET_42
2024-10-23 14:24:06 [restartedMain] INFO  s.d.s.w.r.o.CachingOperationNameGenerator -
				Generating unique operation named: createExamFeeReceiptUsingPOST_1
2024-10-23 14:24:06 [restartedMain] INFO  s.d.s.w.r.o.CachingOperationNameGenerator -
				Generating unique operation named: getExamFeeReceiptUsingGET_1
2024-10-23 14:24:06 [restartedMain] INFO  s.d.s.w.r.o.CachingOperationNameGenerator -
				Generating unique operation named: getExamFeeReceiptForRceiptByFeeRceiptIdUsingGET_1
2024-10-23 14:24:06 [restartedMain] INFO  s.d.s.w.r.o.CachingOperationNameGenerator -
				Generating unique operation named: deleteUsingDELETE_230
2024-10-23 14:24:06 [restartedMain] INFO  s.d.s.w.r.o.CachingOperationNameGenerator -
				Generating unique operation named: delete1UsingDELETE_180
2024-10-23 14:24:06 [restartedMain] INFO  s.d.s.w.r.o.CachingOperationNameGenerator -
				Generating unique operation named: getUsingGET_347
2024-10-23 14:24:06 [restartedMain] INFO  s.d.s.w.r.o.CachingOperationNameGenerator -
				Generating unique operation named: listAllUsingGET_287
2024-10-23 14:24:06 [restartedMain] INFO  s.d.s.w.r.o.CachingOperationNameGenerator -
				Generating unique operation named: listAll1UsingGET_137
2024-10-23 14:24:06 [restartedMain] INFO  s.d.s.w.r.o.CachingOperationNameGenerator -
				Generating unique operation named: saveSubjectTypeUsingPOST_32
2024-10-23 14:24:06 [restartedMain] INFO  s.d.s.w.r.o.CachingOperationNameGenerator -
				Generating unique operation named: updateUsingPUT_309
2024-10-23 14:24:06 [restartedMain] INFO  s.d.s.w.r.o.CachingOperationNameGenerator -
				Generating unique operation named: createFeePaymentWindowUsingPOST_1
2024-10-23 14:24:06 [restartedMain] INFO  s.d.s.w.r.o.CachingOperationNameGenerator -
				Generating unique operation named: feePaymentDetailsForPaymentUsingGET_1
2024-10-23 14:24:06 [restartedMain] INFO  s.d.s.w.r.o.CachingOperationNameGenerator -
				Generating unique operation named: getUsingGET_348
2024-10-23 14:24:06 [restartedMain] INFO  s.d.s.w.r.o.CachingOperationNameGenerator -
				Generating unique operation named: getAllDdDetailsUsingGET_3
2024-10-23 14:24:06 [restartedMain] INFO  s.d.s.w.r.o.CachingOperationNameGenerator -
				Generating unique operation named: getvoucherHeadDetailsBasedOnSchoolIdUsingGET_1
2024-10-23 14:24:06 [restartedMain] INFO  s.d.s.w.r.o.CachingOperationNameGenerator -
				Generating unique operation named: updateFeePaymentWindowUsingPUT_1
2024-10-23 14:24:06 [restartedMain] INFO  s.d.s.w.r.o.CachingOperationNameGenerator -
				Generating unique operation named: uploadFileUsingPOST_42
2024-10-23 14:24:06 [restartedMain] INFO  s.d.s.w.r.o.CachingOperationNameGenerator -
				Generating unique operation named: viewFilesUsingGET_43
2024-10-23 14:24:06 [restartedMain] INFO  s.d.s.w.r.o.CachingOperationNameGenerator -
				Generating unique operation named: activateFeeReceiptUsingDELETE_3
2024-10-23 14:24:06 [restartedMain] INFO  s.d.s.w.r.o.CachingOperationNameGenerator -
				Generating unique operation named: cancelFeeReceipt1UsingPOST_1
2024-10-23 14:24:06 [restartedMain] INFO  s.d.s.w.r.o.CachingOperationNameGenerator -
				Generating unique operation named: changeOfCourseFeePaidStatusByStudentIdUsingGET_1
2024-10-23 14:24:06 [restartedMain] INFO  s.d.s.w.r.o.CachingOperationNameGenerator -
				Generating unique operation named: deleteUsingDELETE_231
2024-10-23 14:24:06 [restartedMain] INFO  s.d.s.w.r.o.CachingOperationNameGenerator -
				Generating unique operation named: dueAmountCalculationOnVocherHeadWiseAndYearWiseForFeeReceiptUsingGET_1
2024-10-23 14:24:06 [restartedMain] INFO  s.d.s.w.r.o.CachingOperationNameGenerator -
				Generating unique operation named: feeReceiptByStudenIdUsingGET_1
2024-10-23 14:24:06 [restartedMain] INFO  s.d.s.w.r.o.CachingOperationNameGenerator -
				Generating unique operation named: feeReceiptTransferUsingPUT_1
2024-10-23 14:24:06 [restartedMain] INFO  s.d.s.w.r.o.CachingOperationNameGenerator -
				Generating unique operation named: getActiveFeeReceiptUsingGET_1
2024-10-23 14:24:06 [restartedMain] INFO  s.d.s.w.r.o.CachingOperationNameGenerator -
				Generating unique operation named: getAllDataOfFeeReceiptForFormatingUsingGET_1
2024-10-23 14:24:06 [restartedMain] INFO  s.d.s.w.r.o.CachingOperationNameGenerator -
				Generating unique operation named: getAllFeeReceiptUsingGET_2
2024-10-23 14:24:06 [restartedMain] INFO  s.d.s.w.r.o.CachingOperationNameGenerator -
				Generating unique operation named: getDataForDisplayingAndCancelFeeReceiptUsingGET_1
2024-10-23 14:24:06 [restartedMain] INFO  s.d.s.w.r.o.CachingOperationNameGenerator -
				Generating unique operation named: getDataForDisplayingFeeReceiptUsingGET_1
2024-10-23 14:24:06 [restartedMain] INFO  s.d.s.w.r.o.CachingOperationNameGenerator -
				Generating unique operation named: getFeeReceiptByIdUsingGET_3
2024-10-23 14:24:06 [restartedMain] INFO  s.d.s.w.r.o.CachingOperationNameGenerator -
				Generating unique operation named: getFeeReceiptDetailsUsingGET_1
2024-10-23 14:24:06 [restartedMain] INFO  s.d.s.w.r.o.CachingOperationNameGenerator -
				Generating unique operation named: getFeeReceiptDetailsDataUsingGET_1
2024-10-23 14:24:06 [restartedMain] INFO  s.d.s.w.r.o.CachingOperationNameGenerator -
				Generating unique operation named: hostelDueCalculationVocherHeadWiseUsingGET_1
2024-10-23 14:24:06 [restartedMain] INFO  s.d.s.w.r.o.CachingOperationNameGenerator -
				Generating unique operation named: saveFeeReceiptUsingPOST_1
2024-10-23 14:24:06 [restartedMain] INFO  s.d.s.w.r.o.CachingOperationNameGenerator -
				Generating unique operation named: updateFeeReceiptUsingPUT_3
2024-10-23 14:24:06 [restartedMain] INFO  s.d.s.w.r.o.CachingOperationNameGenerator -
				Generating unique operation named: updationOfBankTransactionHistoryIdUsingPUT_1
2024-10-23 14:24:06 [restartedMain] INFO  s.d.s.w.r.o.CachingOperationNameGenerator -
				Generating unique operation named: FetchStudentDetailsByFeeTemplateIdUsingGET_1
2024-10-23 14:24:06 [restartedMain] INFO  s.d.s.w.r.o.CachingOperationNameGenerator -
				Generating unique operation named: copyFeeTemplatesUsingPOST_1
2024-10-23 14:24:06 [restartedMain] INFO  s.d.s.w.r.o.CachingOperationNameGenerator -
				Generating unique operation named: countRecordsUsingGET_5
2024-10-23 14:24:06 [restartedMain] INFO  s.d.s.w.r.o.CachingOperationNameGenerator -
				Generating unique operation named: deleteUsingDELETE_232
2024-10-23 14:24:06 [restartedMain] INFO  s.d.s.w.r.o.CachingOperationNameGenerator -
				Generating unique operation named: delete1UsingDELETE_181
2024-10-23 14:24:06 [restartedMain] INFO  s.d.s.w.r.o.CachingOperationNameGenerator -
				Generating unique operation named: delete2UsingDELETE_7
2024-10-23 14:24:06 [restartedMain] INFO  s.d.s.w.r.o.CachingOperationNameGenerator -
				Generating unique operation named: fetchUsingGET_3
2024-10-23 14:24:06 [restartedMain] INFO  s.d.s.w.r.o.CachingOperationNameGenerator -
				Generating unique operation named: fetch2UsingGET_2
2024-10-23 14:24:06 [restartedMain] INFO  s.d.s.w.r.o.CachingOperationNameGenerator -
				Generating unique operation named: fetch3UsingGET_1
2024-10-23 14:24:06 [restartedMain] INFO  s.d.s.w.r.o.CachingOperationNameGenerator -
				Generating unique operation named: fetch4UsingGET_1
2024-10-23 14:24:06 [restartedMain] INFO  s.d.s.w.r.o.CachingOperationNameGenerator -
				Generating unique operation named: fetchCountOfStudentDetailsByFeeTemplateIdUsingGET_1
2024-10-23 14:24:06 [restartedMain] INFO  s.d.s.w.r.o.CachingOperationNameGenerator -
				Generating unique operation named: getUsingGET_349
2024-10-23 14:24:06 [restartedMain] INFO  s.d.s.w.r.o.CachingOperationNameGenerator -
				Generating unique operation named: getFeeTemplateDetailsDataUsingGET_1
2024-10-23 14:24:06 [restartedMain] INFO  s.d.s.w.r.o.CachingOperationNameGenerator -
				Generating unique operation named: listAllUsingGET_288
2024-10-23 14:24:06 [restartedMain] INFO  s.d.s.w.r.o.CachingOperationNameGenerator -
				Generating unique operation named: listAll1UsingGET_138
2024-10-23 14:24:06 [restartedMain] INFO  s.d.s.w.r.o.CachingOperationNameGenerator -
				Generating unique operation named: listAll2UsingGET_3
2024-10-23 14:24:06 [restartedMain] INFO  s.d.s.w.r.o.CachingOperationNameGenerator -
				Generating unique operation named: saveFeeTemplateUsingPOST_2
2024-10-23 14:24:06 [restartedMain] INFO  s.d.s.w.r.o.CachingOperationNameGenerator -
				Generating unique operation named: saveFeeTemplateUsingPOST_3
2024-10-23 14:24:06 [restartedMain] INFO  s.d.s.w.r.o.CachingOperationNameGenerator -
				Generating unique operation named: updateUsingPUT_310
2024-10-23 14:24:06 [restartedMain] INFO  s.d.s.w.r.o.CachingOperationNameGenerator -
				Generating unique operation named: updatesUsingPUT_2
2024-10-23 14:24:06 [restartedMain] INFO  s.d.s.w.r.o.CachingOperationNameGenerator -
				Generating unique operation named: uploadFileUsingPOST_43
2024-10-23 14:24:06 [restartedMain] INFO  s.d.s.w.r.o.CachingOperationNameGenerator -
				Generating unique operation named: viewFilesUsingGET_44
2024-10-23 14:24:06 [restartedMain] INFO  s.d.s.w.r.o.CachingOperationNameGenerator -
				Generating unique operation named: fetch1UsingGET_5
2024-10-23 14:24:06 [restartedMain] INFO  s.d.s.w.r.o.CachingOperationNameGenerator -
				Generating unique operation named: getUsingGET_350
2024-10-23 14:24:06 [restartedMain] INFO  s.d.s.w.r.o.CachingOperationNameGenerator -
				Generating unique operation named: listAllUsingGET_289
2024-10-23 14:24:06 [restartedMain] INFO  s.d.s.w.r.o.CachingOperationNameGenerator -
				Generating unique operation named: deleteUsingDELETE_233
2024-10-23 14:24:06 [restartedMain] INFO  s.d.s.w.r.o.CachingOperationNameGenerator -
				Generating unique operation named: fetch1UsingGET_6
2024-10-23 14:24:06 [restartedMain] INFO  s.d.s.w.r.o.CachingOperationNameGenerator -
				Generating unique operation named: fetch2UsingGET_3
2024-10-23 14:24:06 [restartedMain] INFO  s.d.s.w.r.o.CachingOperationNameGenerator -
				Generating unique operation named: getUsingGET_351
2024-10-23 14:24:06 [restartedMain] INFO  s.d.s.w.r.o.CachingOperationNameGenerator -
				Generating unique operation named: listAllUsingGET_290
2024-10-23 14:24:06 [restartedMain] INFO  s.d.s.w.r.o.CachingOperationNameGenerator -
				Generating unique operation named: saveFeeTemplateSubAmountUsingPOST_2
2024-10-23 14:24:06 [restartedMain] INFO  s.d.s.w.r.o.CachingOperationNameGenerator -
				Generating unique operation named: saveFeeTemplateSubAmountUsingPOST_3
2024-10-23 14:24:06 [restartedMain] INFO  s.d.s.w.r.o.CachingOperationNameGenerator -
				Generating unique operation named: saveFeeTemplateSubAmount2UsingPOST_1
2024-10-23 14:24:06 [restartedMain] INFO  s.d.s.w.r.o.CachingOperationNameGenerator -
				Generating unique operation named: updateUsingPUT_311
2024-10-23 14:24:06 [restartedMain] INFO  s.d.s.w.r.o.CachingOperationNameGenerator -
				Generating unique operation named: updateUsingPUT_312
2024-10-23 14:24:06 [restartedMain] INFO  s.d.s.w.r.o.CachingOperationNameGenerator -
				Generating unique operation named: update1UsingPUT_4
2024-10-23 14:24:06 [restartedMain] INFO  s.d.s.w.r.o.CachingOperationNameGenerator -
				Generating unique operation named: updatesUsingPUT_3
2024-10-23 14:24:06 [restartedMain] INFO  s.d.s.w.r.o.CachingOperationNameGenerator -
				Generating unique operation named: deleteUsingDELETE_234
2024-10-23 14:24:06 [restartedMain] INFO  s.d.s.w.r.o.CachingOperationNameGenerator -
				Generating unique operation named: getUsingGET_352
2024-10-23 14:24:06 [restartedMain] INFO  s.d.s.w.r.o.CachingOperationNameGenerator -
				Generating unique operation named: listAllUsingGET_291
2024-10-23 14:24:06 [restartedMain] INFO  s.d.s.w.r.o.CachingOperationNameGenerator -
				Generating unique operation named: listAll1UsingGET_139
2024-10-23 14:24:06 [restartedMain] INFO  s.d.s.w.r.o.CachingOperationNameGenerator -
				Generating unique operation named: saveFeeTemplateSubAmountHistoryUsingPOST_1
2024-10-23 14:24:06 [restartedMain] INFO  s.d.s.w.r.o.CachingOperationNameGenerator -
				Generating unique operation named: updateUsingPUT_313
2024-10-23 14:24:06 [restartedMain] INFO  s.d.s.w.r.o.CachingOperationNameGenerator -
				Generating unique operation named: getAllHostelDueUsingGET_1
2024-10-23 14:24:06 [restartedMain] INFO  s.d.s.w.r.o.CachingOperationNameGenerator -
				Generating unique operation named: getHostelDueReportByAcademicYearGroupedByBlockUsingGET_1
2024-10-23 14:24:06 [restartedMain] INFO  s.d.s.w.r.o.CachingOperationNameGenerator -
				Generating unique operation named: countOfStudentBasedOnHostelFeeTemplateIdUsingGET_1
2024-10-23 14:24:06 [restartedMain] INFO  s.d.s.w.r.o.CachingOperationNameGenerator -
				Generating unique operation named: deleteUsingDELETE_235
2024-10-23 14:24:06 [restartedMain] INFO  s.d.s.w.r.o.CachingOperationNameGenerator -
				Generating unique operation named: delete1UsingDELETE_182
2024-10-23 14:24:06 [restartedMain] INFO  s.d.s.w.r.o.CachingOperationNameGenerator -
				Generating unique operation named: getUsingGET_353
2024-10-23 14:24:06 [restartedMain] INFO  s.d.s.w.r.o.CachingOperationNameGenerator -
				Generating unique operation named: getHostelFeeTemplateDetailsUsingGET_1
2024-10-23 14:24:06 [restartedMain] INFO  s.d.s.w.r.o.CachingOperationNameGenerator -
				Generating unique operation named: hostelFeeTemplateByAcademicYearAndSchoolUsingGET_1
2024-10-23 14:24:06 [restartedMain] INFO  s.d.s.w.r.o.CachingOperationNameGenerator -
				Generating unique operation named: hostemFeeTemplateIndexUsingGET_1
2024-10-23 14:24:06 [restartedMain] INFO  s.d.s.w.r.o.CachingOperationNameGenerator -
				Generating unique operation named: listAllUsingGET_292
2024-10-23 14:24:06 [restartedMain] INFO  s.d.s.w.r.o.CachingOperationNameGenerator -
				Generating unique operation named: listAll1UsingGET_140
2024-10-23 14:24:06 [restartedMain] INFO  s.d.s.w.r.o.CachingOperationNameGenerator -
				Generating unique operation named: saveSubjectTypeUsingPOST_33
2024-10-23 14:24:06 [restartedMain] INFO  s.d.s.w.r.o.CachingOperationNameGenerator -
				Generating unique operation named: updateUsingPUT_314
2024-10-23 14:24:06 [restartedMain] INFO  s.d.s.w.r.o.CachingOperationNameGenerator -
				Generating unique operation named: fetchAllHostelHeadWiseAmtDetailsUsingGET_2
2024-10-23 14:24:06 [restartedMain] INFO  s.d.s.w.r.o.CachingOperationNameGenerator -
				Generating unique operation named: getHostelFeeTemplateSlotsUsingGET_1
2024-10-23 14:24:06 [restartedMain] INFO  s.d.s.w.r.o.CachingOperationNameGenerator -
				Generating unique operation named: saveAcademicYearUsingPOST_11
2024-10-23 14:24:06 [restartedMain] INFO  s.d.s.w.r.o.CachingOperationNameGenerator -
				Generating unique operation named: fetchAllHostelHeadWiseAmtDetailsUsingGET_3
2024-10-23 14:24:06 [restartedMain] INFO  s.d.s.w.r.o.CachingOperationNameGenerator -
				Generating unique operation named: hostelHeadWiseAmtOnFeeTemplateIdUsingGET_1
2024-10-23 14:24:06 [restartedMain] INFO  s.d.s.w.r.o.CachingOperationNameGenerator -
				Generating unique operation named: saveHostelHeadWiseAmtUsingPOST_1
2024-10-23 14:24:06 [restartedMain] INFO  s.d.s.w.r.o.CachingOperationNameGenerator -
				Generating unique operation named: voucherHeadNewOnHostelStatusUsingGET_1
2024-10-23 14:24:06 [restartedMain] INFO  s.d.s.w.r.o.CachingOperationNameGenerator -
				Generating unique operation named: checkAuidWithTypeIsAlreadyPresentOrNotUsingGET_1
2024-10-23 14:24:06 [restartedMain] INFO  s.d.s.w.r.o.CachingOperationNameGenerator -
				Generating unique operation named: createHostelWaiverUsingPOST_1
2024-10-23 14:24:06 [restartedMain] INFO  s.d.s.w.r.o.CachingOperationNameGenerator -
				Generating unique operation named: deleteUsingDELETE_236
2024-10-23 14:24:06 [restartedMain] INFO  s.d.s.w.r.o.CachingOperationNameGenerator -
				Generating unique operation named: delete1UsingDELETE_183
2024-10-23 14:24:06 [restartedMain] INFO  s.d.s.w.r.o.CachingOperationNameGenerator -
				Generating unique operation named: downloadFileUsingGET_19
2024-10-23 14:24:06 [restartedMain] INFO  s.d.s.w.r.o.CachingOperationNameGenerator -
				Generating unique operation named: getUsingGET_354
2024-10-23 14:24:06 [restartedMain] INFO  s.d.s.w.r.o.CachingOperationNameGenerator -
				Generating unique operation named: get1UsingGET_7
2024-10-23 14:24:06 [restartedMain] INFO  s.d.s.w.r.o.CachingOperationNameGenerator -
				Generating unique operation named: getAllDataOfFeeReceiptForFormating1UsingGET_1
2024-10-23 14:24:06 [restartedMain] INFO  s.d.s.w.r.o.CachingOperationNameGenerator -
				Generating unique operation named: getAllHostelBlocksDetailsUsingGET_2
2024-10-23 14:24:06 [restartedMain] INFO  s.d.s.w.r.o.CachingOperationNameGenerator -
				Generating unique operation named: listAll1UsingGET_141
2024-10-23 14:24:06 [restartedMain] INFO  s.d.s.w.r.o.CachingOperationNameGenerator -
				Generating unique operation named: savehostelwaiverAttachmentsUsingPOST_3
2024-10-23 14:24:06 [restartedMain] INFO  s.d.s.w.r.o.CachingOperationNameGenerator -
				Generating unique operation named: updateUsingPUT_315
2024-10-23 14:24:06 [restartedMain] INFO  s.d.s.w.r.o.CachingOperationNameGenerator -
				Generating unique operation named: uploadFileUsingPOST_44
2024-10-23 14:24:06 [restartedMain] INFO  s.d.s.w.r.o.CachingOperationNameGenerator -
				Generating unique operation named: CountLedgerByGroupIdUsingGET_1
2024-10-23 14:24:06 [restartedMain] INFO  s.d.s.w.r.o.CachingOperationNameGenerator -
				Generating unique operation named: deleteUsingDELETE_237
2024-10-23 14:24:06 [restartedMain] INFO  s.d.s.w.r.o.CachingOperationNameGenerator -
				Generating unique operation named: delete1UsingDELETE_184
2024-10-23 14:24:06 [restartedMain] INFO  s.d.s.w.r.o.CachingOperationNameGenerator -
				Generating unique operation named: getUsingGET_355
2024-10-23 14:24:06 [restartedMain] INFO  s.d.s.w.r.o.CachingOperationNameGenerator -
				Generating unique operation named: getLedgerByGroupIdUsingGET_1
2024-10-23 14:24:06 [restartedMain] INFO  s.d.s.w.r.o.CachingOperationNameGenerator -
				Generating unique operation named: listAllUsingGET_293
2024-10-23 14:24:06 [restartedMain] INFO  s.d.s.w.r.o.CachingOperationNameGenerator -
				Generating unique operation named: listAll1UsingGET_142
2024-10-23 14:24:06 [restartedMain] INFO  s.d.s.w.r.o.CachingOperationNameGenerator -
				Generating unique operation named: saveLedgerUsingPOST_2
2024-10-23 14:24:06 [restartedMain] INFO  s.d.s.w.r.o.CachingOperationNameGenerator -
				Generating unique operation named: updateUsingPUT_316
2024-10-23 14:24:06 [restartedMain] INFO  s.d.s.w.r.o.CachingOperationNameGenerator -
				Generating unique operation named: activateUsingDELETE_113
2024-10-23 14:24:06 [restartedMain] INFO  s.d.s.w.r.o.CachingOperationNameGenerator -
				Generating unique operation named: createPettyCashUsingPOST_3
2024-10-23 14:24:06 [restartedMain] INFO  s.d.s.w.r.o.CachingOperationNameGenerator -
				Generating unique operation named: deactivateUsingDELETE_113
2024-10-23 14:24:06 [restartedMain] INFO  s.d.s.w.r.o.CachingOperationNameGenerator -
				Generating unique operation named: getUsingGET_356
2024-10-23 14:24:06 [restartedMain] INFO  s.d.s.w.r.o.CachingOperationNameGenerator -
				Generating unique operation named: getAllDeptUsingGET_35
2024-10-23 14:24:06 [restartedMain] INFO  s.d.s.w.r.o.CachingOperationNameGenerator -
				Generating unique operation named: getAllPettyCashUsingGET_1
2024-10-23 14:24:06 [restartedMain] INFO  s.d.s.w.r.o.CachingOperationNameGenerator -
				Generating unique operation named: getPettyCashDetailsBasedOnSchoolIdUsingGET_1
2024-10-23 14:24:06 [restartedMain] INFO  s.d.s.w.r.o.CachingOperationNameGenerator -
				Generating unique operation named: updatePettyCashUsingPUT_1
2024-10-23 14:24:06 [restartedMain] INFO  s.d.s.w.r.o.CachingOperationNameGenerator -
				Generating unique operation named: activateRTGSFeeHistoryUsingDELETE_1
2024-10-23 14:24:06 [restartedMain] INFO  s.d.s.w.r.o.CachingOperationNameGenerator -
				Generating unique operation named: allRTGSFeeHistoryDetailsUsingGET_1
2024-10-23 14:24:06 [restartedMain] INFO  s.d.s.w.r.o.CachingOperationNameGenerator -
				Generating unique operation named: deleteUsingDELETE_238
2024-10-23 14:24:06 [restartedMain] INFO  s.d.s.w.r.o.CachingOperationNameGenerator -
				Generating unique operation named: getActiveRTGSFeeHistoryUsingGET_1
2024-10-23 14:24:06 [restartedMain] INFO  s.d.s.w.r.o.CachingOperationNameGenerator -
				Generating unique operation named: getAllFeeReceiptUsingGET_3
2024-10-23 14:24:06 [restartedMain] INFO  s.d.s.w.r.o.CachingOperationNameGenerator -
				Generating unique operation named: getRTGSFeeHistoryByIdUsingGET_1
2024-10-23 14:24:06 [restartedMain] INFO  s.d.s.w.r.o.CachingOperationNameGenerator -
				Generating unique operation named: saveRTGSFeeHistoryUsingPOST_1
2024-10-23 14:24:06 [restartedMain] INFO  s.d.s.w.r.o.CachingOperationNameGenerator -
				Generating unique operation named: updateRTGSFeeHistoryUsingPUT_1
2024-10-23 14:24:06 [restartedMain] INFO  s.d.s.w.r.o.CachingOperationNameGenerator -
				Generating unique operation named: deleteUsingDELETE_239
2024-10-23 14:24:06 [restartedMain] INFO  s.d.s.w.r.o.CachingOperationNameGenerator -
				Generating unique operation named: delete1UsingDELETE_185
2024-10-23 14:24:06 [restartedMain] INFO  s.d.s.w.r.o.CachingOperationNameGenerator -
				Generating unique operation named: getUsingGET_357
2024-10-23 14:24:06 [restartedMain] INFO  s.d.s.w.r.o.CachingOperationNameGenerator -
				Generating unique operation named: listAllUsingGET_294
2024-10-23 14:24:06 [restartedMain] INFO  s.d.s.w.r.o.CachingOperationNameGenerator -
				Generating unique operation named: listAll1UsingGET_143
2024-10-23 14:24:06 [restartedMain] INFO  s.d.s.w.r.o.CachingOperationNameGenerator -
				Generating unique operation named: saveSalaUsingPOST_1
2024-10-23 14:24:06 [restartedMain] INFO  s.d.s.w.r.o.CachingOperationNameGenerator -
				Generating unique operation named: updateUsingPUT_317
2024-10-23 14:24:06 [restartedMain] INFO  s.d.s.w.r.o.CachingOperationNameGenerator -
				Generating unique operation named: checkSalaryStructureIdInOfferUsingGET_1
2024-10-23 14:24:06 [restartedMain] INFO  s.d.s.w.r.o.CachingOperationNameGenerator -
				Generating unique operation named: deleteUsingDELETE_240
2024-10-23 14:24:06 [restartedMain] INFO  s.d.s.w.r.o.CachingOperationNameGenerator -
				Generating unique operation named: delete1UsingDELETE_186
2024-10-23 14:24:06 [restartedMain] INFO  s.d.s.w.r.o.CachingOperationNameGenerator -
				Generating unique operation named: getUsingGET_358
2024-10-23 14:24:06 [restartedMain] INFO  s.d.s.w.r.o.CachingOperationNameGenerator -
				Generating unique operation named: listAllUsingGET_295
2024-10-23 14:24:06 [restartedMain] INFO  s.d.s.w.r.o.CachingOperationNameGenerator -
				Generating unique operation named: listAll1UsingGET_144
2024-10-23 14:24:06 [restartedMain] INFO  s.d.s.w.r.o.CachingOperationNameGenerator -
				Generating unique operation named: saveSalaryStructureUsingPOST_1
2024-10-23 14:24:06 [restartedMain] INFO  s.d.s.w.r.o.CachingOperationNameGenerator -
				Generating unique operation named: updateUsingPUT_318
2024-10-23 14:24:06 [restartedMain] INFO  s.d.s.w.r.o.CachingOperationNameGenerator -
				Generating unique operation named: deleteUsingDELETE_241
2024-10-23 14:24:06 [restartedMain] INFO  s.d.s.w.r.o.CachingOperationNameGenerator -
				Generating unique operation named: delete1UsingDELETE_187
2024-10-23 14:24:06 [restartedMain] INFO  s.d.s.w.r.o.CachingOperationNameGenerator -
				Generating unique operation named: getUsingGET_359
2024-10-23 14:24:06 [restartedMain] INFO  s.d.s.w.r.o.CachingOperationNameGenerator -
				Generating unique operation named: getAllDetailsUsingGET_3
2024-10-23 14:24:06 [restartedMain] INFO  s.d.s.w.r.o.CachingOperationNameGenerator -
				Generating unique operation named: getAllDetailsssssssUsingGET_1
2024-10-23 14:24:06 [restartedMain] INFO  s.d.s.w.r.o.CachingOperationNameGenerator -
				Generating unique operation named: listAllUsingGET_296
2024-10-23 14:24:06 [restartedMain] INFO  s.d.s.w.r.o.CachingOperationNameGenerator -
				Generating unique operation named: listAll1UsingGET_145
2024-10-23 14:24:06 [restartedMain] INFO  s.d.s.w.r.o.CachingOperationNameGenerator -
				Generating unique operation named: saveSalaryStructureDetailUsingPOST_1
2024-10-23 14:24:06 [restartedMain] INFO  s.d.s.w.r.o.CachingOperationNameGenerator -
				Generating unique operation named: updateUsingPUT_319
2024-10-23 14:24:06 [restartedMain] INFO  s.d.s.w.r.o.CachingOperationNameGenerator -
				Generating unique operation named: allSalaryStructureHeadAndVocherHeadDetailsUsingGET_1
2024-10-23 14:24:06 [restartedMain] INFO  s.d.s.w.r.o.CachingOperationNameGenerator -
				Generating unique operation named: categoryNameTypeUsingGET_1
2024-10-23 14:24:06 [restartedMain] INFO  s.d.s.w.r.o.CachingOperationNameGenerator -
				Generating unique operation named: deleteUsingDELETE_242
2024-10-23 14:24:06 [restartedMain] INFO  s.d.s.w.r.o.CachingOperationNameGenerator -
				Generating unique operation named: delete1UsingDELETE_188
2024-10-23 14:24:06 [restartedMain] INFO  s.d.s.w.r.o.CachingOperationNameGenerator -
				Generating unique operation named: getUsingGET_360
2024-10-23 14:24:06 [restartedMain] INFO  s.d.s.w.r.o.CachingOperationNameGenerator -
				Generating unique operation named: getPrintNameUsingGET_1
2024-10-23 14:24:06 [restartedMain] INFO  s.d.s.w.r.o.CachingOperationNameGenerator -
				Generating unique operation named: listAllUsingGET_297
2024-10-23 14:24:06 [restartedMain] INFO  s.d.s.w.r.o.CachingOperationNameGenerator -
				Generating unique operation named: listAll1UsingGET_146
2024-10-23 14:24:06 [restartedMain] INFO  s.d.s.w.r.o.CachingOperationNameGenerator -
				Generating unique operation named: listAll4UsingGET_1
2024-10-23 14:24:06 [restartedMain] INFO  s.d.s.w.r.o.CachingOperationNameGenerator -
				Generating unique operation named: saveSalaryStructureHeadUsingPOST_1
2024-10-23 14:24:06 [restartedMain] INFO  s.d.s.w.r.o.CachingOperationNameGenerator -
				Generating unique operation named: updateUsingPUT_320
2024-10-23 14:24:06 [restartedMain] INFO  s.d.s.w.r.o.CachingOperationNameGenerator -
				Generating unique operation named: deleteUsingDELETE_243
2024-10-23 14:24:06 [restartedMain] INFO  s.d.s.w.r.o.CachingOperationNameGenerator -
				Generating unique operation named: delete1UsingDELETE_189
2024-10-23 14:24:06 [restartedMain] INFO  s.d.s.w.r.o.CachingOperationNameGenerator -
				Generating unique operation named: getUsingGET_361
2024-10-23 14:24:06 [restartedMain] INFO  s.d.s.w.r.o.CachingOperationNameGenerator -
				Generating unique operation named: listAllUsingGET_298
2024-10-23 14:24:06 [restartedMain] INFO  s.d.s.w.r.o.CachingOperationNameGenerator -
				Generating unique operation named: listAll1UsingGET_147
2024-10-23 14:24:06 [restartedMain] INFO  s.d.s.w.r.o.CachingOperationNameGenerator -
				Generating unique operation named: saveSlabDetailUsingPOST_5
2024-10-23 14:24:06 [restartedMain] INFO  s.d.s.w.r.o.CachingOperationNameGenerator -
				Generating unique operation named: updateUsingPUT_321
2024-10-23 14:24:06 [restartedMain] INFO  s.d.s.w.r.o.CachingOperationNameGenerator -
				Generating unique operation named: deleteUsingDELETE_244
2024-10-23 14:24:06 [restartedMain] INFO  s.d.s.w.r.o.CachingOperationNameGenerator -
				Generating unique operation named: delete1UsingDELETE_190
2024-10-23 14:24:06 [restartedMain] INFO  s.d.s.w.r.o.CachingOperationNameGenerator -
				Generating unique operation named: getActiveDetailsUsingGET_6
2024-10-23 14:24:06 [restartedMain] INFO  s.d.s.w.r.o.CachingOperationNameGenerator -
				Generating unique operation named: getAllDetailsUsingGET_4
2024-10-23 14:24:06 [restartedMain] INFO  s.d.s.w.r.o.CachingOperationNameGenerator -
				Generating unique operation named: getDetailByIdUsingGET_3
2024-10-23 14:24:06 [restartedMain] INFO  s.d.s.w.r.o.CachingOperationNameGenerator -
				Generating unique operation named: saveStudentPaymentHistoryUsingPOST_1
2024-10-23 14:24:06 [restartedMain] INFO  s.d.s.w.r.o.CachingOperationNameGenerator -
				Generating unique operation named: updateUsingPUT_322
2024-10-23 14:24:06 [restartedMain] INFO  s.d.s.w.r.o.CachingOperationNameGenerator -
				Generating unique operation named: deleteUsingDELETE_245
2024-10-23 14:24:06 [restartedMain] INFO  s.d.s.w.r.o.CachingOperationNameGenerator -
				Generating unique operation named: delete1UsingDELETE_191
2024-10-23 14:24:06 [restartedMain] INFO  s.d.s.w.r.o.CachingOperationNameGenerator -
				Generating unique operation named: getUsingGET_362
2024-10-23 14:24:06 [restartedMain] INFO  s.d.s.w.r.o.CachingOperationNameGenerator -
				Generating unique operation named: listAllUsingGET_299
2024-10-23 14:24:06 [restartedMain] INFO  s.d.s.w.r.o.CachingOperationNameGenerator -
				Generating unique operation named: listAll1UsingGET_148
2024-10-23 14:24:06 [restartedMain] INFO  s.d.s.w.r.o.CachingOperationNameGenerator -
				Generating unique operation named: saveTallyUsingPOST_1
2024-10-23 14:24:06 [restartedMain] INFO  s.d.s.w.r.o.CachingOperationNameGenerator -
				Generating unique operation named: updateUsingPUT_323
2024-10-23 14:24:06 [restartedMain] INFO  s.d.s.w.r.o.CachingOperationNameGenerator -
				Generating unique operation named: delete1UsingDELETE_192
2024-10-23 14:24:06 [restartedMain] INFO  s.d.s.w.r.o.CachingOperationNameGenerator -
				Generating unique operation named: delete2UsingDELETE_8
2024-10-23 14:24:06 [restartedMain] INFO  s.d.s.w.r.o.CachingOperationNameGenerator -
				Generating unique operation named: getActiveTallyReceiptUsingGET_1
2024-10-23 14:24:06 [restartedMain] INFO  s.d.s.w.r.o.CachingOperationNameGenerator -
				Generating unique operation named: getAllTallyReceiptUsingGET_1
2024-10-23 14:24:06 [restartedMain] INFO  s.d.s.w.r.o.CachingOperationNameGenerator -
				Generating unique operation named: getTallyReceiptByIdUsingGET_1
2024-10-23 14:24:06 [restartedMain] INFO  s.d.s.w.r.o.CachingOperationNameGenerator -
				Generating unique operation named: saveTallyReceiptUsingPOST_1
2024-10-23 14:24:06 [restartedMain] INFO  s.d.s.w.r.o.CachingOperationNameGenerator -
				Generating unique operation named: updateTallyReceiptUsingPUT_1
2024-10-23 14:24:06 [restartedMain] INFO  s.d.s.w.r.o.CachingOperationNameGenerator -
				Generating unique operation named: deleteUsingDELETE_246
2024-10-23 14:24:06 [restartedMain] INFO  s.d.s.w.r.o.CachingOperationNameGenerator -
				Generating unique operation named: getUsingGET_363
2024-10-23 14:24:06 [restartedMain] INFO  s.d.s.w.r.o.CachingOperationNameGenerator -
				Generating unique operation named: getDetailsUsingGET_4
2024-10-23 14:24:06 [restartedMain] INFO  s.d.s.w.r.o.CachingOperationNameGenerator -
				Generating unique operation named: listAllUsingGET_300
2024-10-23 14:24:06 [restartedMain] INFO  s.d.s.w.r.o.CachingOperationNameGenerator -
				Generating unique operation named: saveTemplateUsingPOST_1
2024-10-23 14:24:06 [restartedMain] INFO  s.d.s.w.r.o.CachingOperationNameGenerator -
				Generating unique operation named: updateUsingPUT_324
2024-10-23 14:24:06 [restartedMain] INFO  s.d.s.w.r.o.CachingOperationNameGenerator -
				Generating unique operation named: deleteUsingDELETE_247
2024-10-23 14:24:06 [restartedMain] INFO  s.d.s.w.r.o.CachingOperationNameGenerator -
				Generating unique operation named: getUsingGET_364
2024-10-23 14:24:06 [restartedMain] INFO  s.d.s.w.r.o.CachingOperationNameGenerator -
				Generating unique operation named: listAllUsingGET_301
2024-10-23 14:24:06 [restartedMain] INFO  s.d.s.w.r.o.CachingOperationNameGenerator -
				Generating unique operation named: saveTemplateTypeUsingPOST_1
2024-10-23 14:24:06 [restartedMain] INFO  s.d.s.w.r.o.CachingOperationNameGenerator -
				Generating unique operation named: updateUsingPUT_325
2024-10-23 14:24:06 [restartedMain] INFO  s.d.s.w.r.o.CachingOperationNameGenerator -
				Generating unique operation named: FetchVoucherHeadBasedOnTypeUsingGET_1
2024-10-23 14:24:06 [restartedMain] INFO  s.d.s.w.r.o.CachingOperationNameGenerator -
				Generating unique operation named: deleteUsingDELETE_248
2024-10-23 14:24:06 [restartedMain] INFO  s.d.s.w.r.o.CachingOperationNameGenerator -
				Generating unique operation named: delete1UsingDELETE_193
2024-10-23 14:24:06 [restartedMain] INFO  s.d.s.w.r.o.CachingOperationNameGenerator -
				Generating unique operation named: fetchHostelDetailsBySchoolHostelUsingGET_1
2024-10-23 14:24:06 [restartedMain] INFO  s.d.s.w.r.o.CachingOperationNameGenerator -
				Generating unique operation named: findByVouHeadSchoolIdUsingGET_2
2024-10-23 14:24:06 [restartedMain] INFO  s.d.s.w.r.o.CachingOperationNameGenerator -
				Generating unique operation named: findByVouHeadSchoolIdUsingGET_3
2024-10-23 14:24:06 [restartedMain] INFO  s.d.s.w.r.o.CachingOperationNameGenerator -
				Generating unique operation named: getUsingGET_365
2024-10-23 14:24:06 [restartedMain] INFO  s.d.s.w.r.o.CachingOperationNameGenerator -
				Generating unique operation named: getSchoolByVHeadUsingGET_1
2024-10-23 14:24:06 [restartedMain] INFO  s.d.s.w.r.o.CachingOperationNameGenerator -
				Generating unique operation named: getVoucherBySchoolIdUsingGET_1
2024-10-23 14:24:06 [restartedMain] INFO  s.d.s.w.r.o.CachingOperationNameGenerator -
				Generating unique operation named: listAllUsingGET_302
2024-10-23 14:24:06 [restartedMain] INFO  s.d.s.w.r.o.CachingOperationNameGenerator -
				Generating unique operation named: listAll1UsingGET_149
2024-10-23 14:24:06 [restartedMain] INFO  s.d.s.w.r.o.CachingOperationNameGenerator -
				Generating unique operation named: saveVoucherHeadUsingPOST_2
2024-10-23 14:24:06 [restartedMain] INFO  s.d.s.w.r.o.CachingOperationNameGenerator -
				Generating unique operation named: saveVoucherHeadUsingPOST_3
2024-10-23 14:24:06 [restartedMain] INFO  s.d.s.w.r.o.CachingOperationNameGenerator -
				Generating unique operation named: updateUsingPUT_326
2024-10-23 14:24:06 [restartedMain] INFO  s.d.s.w.r.o.CachingOperationNameGenerator -
				Generating unique operation named: updateUsingPUT_327
2024-10-23 14:24:06 [restartedMain] INFO  s.d.s.w.r.o.CachingOperationNameGenerator -
				Generating unique operation named: VoucherHeadNewDetailsOnIsSalariesUsingGET_1
2024-10-23 14:24:06 [restartedMain] INFO  s.d.s.w.r.o.CachingOperationNameGenerator -
				Generating unique operation named: deleteUsingDELETE_249
2024-10-23 14:24:06 [restartedMain] INFO  s.d.s.w.r.o.CachingOperationNameGenerator -
				Generating unique operation named: delete1UsingDELETE_194
2024-10-23 14:24:06 [restartedMain] INFO  s.d.s.w.r.o.CachingOperationNameGenerator -
				Generating unique operation named: fetchUnassignedSchoolDetailsUsingGET_2
2024-10-23 14:24:06 [restartedMain] INFO  s.d.s.w.r.o.CachingOperationNameGenerator -
				Generating unique operation named: fetchVoucherHeadIdsUsingGET_1
2024-10-23 14:24:06 [restartedMain] INFO  s.d.s.w.r.o.CachingOperationNameGenerator -
				Generating unique operation named: fetchVoucherHeadNewDetailsBasedOnCashOrBankUsingGET_1
2024-10-23 14:24:06 [restartedMain] INFO  s.d.s.w.r.o.CachingOperationNameGenerator -
				Generating unique operation named: getUsingGET_366
2024-10-23 14:24:06 [restartedMain] INFO  s.d.s.w.r.o.CachingOperationNameGenerator -
				Generating unique operation named: getVoucherHeadNewDataUsingGET_1
2024-10-23 14:24:06 [restartedMain] INFO  s.d.s.w.r.o.CachingOperationNameGenerator -
				Generating unique operation named: listAllUsingGET_303
2024-10-23 14:24:06 [restartedMain] INFO  s.d.s.w.r.o.CachingOperationNameGenerator -
				Generating unique operation named: listAll1UsingGET_150
2024-10-23 14:24:06 [restartedMain] INFO  s.d.s.w.r.o.CachingOperationNameGenerator -
				Generating unique operation named: saveVoucherHeadNewUsingPOST_1
2024-10-23 14:24:06 [restartedMain] INFO  s.d.s.w.r.o.CachingOperationNameGenerator -
				Generating unique operation named: updateUsingPUT_328
2024-10-23 14:24:06 [restartedMain] INFO  s.d.s.w.r.o.CachingOperationNameGenerator -
				Generating unique operation named: voucherHeadDetailsOnHostelStatusUsingGET_1
2024-10-23 14:24:06 [restartedMain] INFO  s.d.s.w.s.ApiListingReferenceScanner -
				Scanning for api listing references
2024-10-23 14:24:06 [restartedMain] INFO  s.d.s.w.r.o.CachingOperationNameGenerator -
				Generating unique operation named: UnassignedBlocksWithWardenUsingGET_1
2024-10-23 14:24:06 [restartedMain] INFO  s.d.s.w.r.o.CachingOperationNameGenerator -
				Generating unique operation named: UnassignedFloorsWithWardenUsingGET_1
2024-10-23 14:24:06 [restartedMain] INFO  s.d.s.w.r.o.CachingOperationNameGenerator -
				Generating unique operation named: deleteUsingDELETE_250
2024-10-23 14:24:06 [restartedMain] INFO  s.d.s.w.r.o.CachingOperationNameGenerator -
				Generating unique operation named: delete1UsingDELETE_195
2024-10-23 14:24:06 [restartedMain] INFO  s.d.s.w.r.o.CachingOperationNameGenerator -
				Generating unique operation named: fetchDoctorUnassignedBlocksUsingGET_1
2024-10-23 14:24:06 [restartedMain] INFO  s.d.s.w.r.o.CachingOperationNameGenerator -
				Generating unique operation named: fetchUnassignedUsersUsingGET_1
2024-10-23 14:24:06 [restartedMain] INFO  s.d.s.w.r.o.CachingOperationNameGenerator -
				Generating unique operation named: fetchWardensUsingGET_1
2024-10-23 14:24:06 [restartedMain] INFO  s.d.s.w.r.o.CachingOperationNameGenerator -
				Generating unique operation named: floorsAssignedToWardenUsingGET_1
2024-10-23 14:24:06 [restartedMain] INFO  s.d.s.w.r.o.CachingOperationNameGenerator -
				Generating unique operation named: getUsingGET_367
2024-10-23 14:24:06 [restartedMain] INFO  s.d.s.w.r.o.CachingOperationNameGenerator -
				Generating unique operation named: listAllUsingGET_304
2024-10-23 14:24:06 [restartedMain] INFO  s.d.s.w.r.o.CachingOperationNameGenerator -
				Generating unique operation named: listAll1UsingGET_151
2024-10-23 14:24:06 [restartedMain] INFO  s.d.s.w.r.o.CachingOperationNameGenerator -
				Generating unique operation named: saveDoctorWardenUsingPOST_1
2024-10-23 14:24:06 [restartedMain] INFO  s.d.s.w.r.o.CachingOperationNameGenerator -
				Generating unique operation named: updateUsingPUT_329
2024-10-23 14:24:06 [restartedMain] INFO  s.d.s.w.r.o.CachingOperationNameGenerator -
				Generating unique operation named: activateHostelBedAssignmentUsingDELETE_1
2024-10-23 14:24:06 [restartedMain] INFO  s.d.s.w.r.o.CachingOperationNameGenerator -
				Generating unique operation named: cancelhostelBedAssignmentDetailsUsingGET_1
2024-10-23 14:24:06 [restartedMain] INFO  s.d.s.w.r.o.CachingOperationNameGenerator -
				Generating unique operation named: deactiveHostelBedAssignmentUsingDELETE_1
2024-10-23 14:24:06 [restartedMain] INFO  s.d.s.w.r.o.CachingOperationNameGenerator -
				Generating unique operation named: downloadFileUsingGET_20
2024-10-23 14:24:06 [restartedMain] INFO  s.d.s.w.r.o.CachingOperationNameGenerator -
				Generating unique operation named: fetchAllHostelBedAssignmentUsingGET_2
2024-10-23 14:24:06 [restartedMain] INFO  s.d.s.w.r.o.CachingOperationNameGenerator -
				Generating unique operation named: hostelBedAssignmentUsingGET_1
2024-10-23 14:24:06 [restartedMain] INFO  s.d.s.w.r.o.CachingOperationNameGenerator -
				Generating unique operation named: hostelBedAssignmentUsingPOST_1
2024-10-23 14:24:06 [restartedMain] INFO  s.d.s.w.r.o.CachingOperationNameGenerator -
				Generating unique operation named: hostelBedAssignmentByAcYearAndhostelBlockUsingGET_1
2024-10-23 14:24:06 [restartedMain] INFO  s.d.s.w.r.o.CachingOperationNameGenerator -
				Generating unique operation named: hostelBedAssignmentByAcYearIdAndStudentIdUsingGET_1
2024-10-23 14:24:06 [restartedMain] INFO  s.d.s.w.r.o.CachingOperationNameGenerator -
				Generating unique operation named: hostelBedAssignmentForBedChangeHistoryUsingGET_1
2024-10-23 14:24:06 [restartedMain] INFO  s.d.s.w.r.o.CachingOperationNameGenerator -
				Generating unique operation named: isHostelBedAssignedByAcademicYearAndStudentIdUsingGET_1
2024-10-23 14:24:06 [restartedMain] INFO  s.d.s.w.r.o.CachingOperationNameGenerator -
				Generating unique operation named: updateHostelBedAssignmentUsingPUT_1
2024-10-23 14:24:06 [restartedMain] INFO  s.d.s.w.r.o.CachingOperationNameGenerator -
				Generating unique operation named: uploadFileUsingPOST_45
2024-10-23 14:24:06 [restartedMain] INFO  s.d.s.w.r.o.CachingOperationNameGenerator -
				Generating unique operation named: approvalOfBedChangeUsingPUT_1
2024-10-23 14:24:06 [restartedMain] INFO  s.d.s.w.r.o.CachingOperationNameGenerator -
				Generating unique operation named: fetchAllHostelBedAssignmentUsingGET_3
2024-10-23 14:24:06 [restartedMain] INFO  s.d.s.w.r.o.CachingOperationNameGenerator -
				Generating unique operation named: hostelBedChangeUsingPOST_1
2024-10-23 14:24:06 [restartedMain] INFO  s.d.s.w.r.o.CachingOperationNameGenerator -
				Generating unique operation named: deleteUsingDELETE_251
2024-10-23 14:24:06 [restartedMain] INFO  s.d.s.w.r.o.CachingOperationNameGenerator -
				Generating unique operation named: delete1UsingDELETE_196
2024-10-23 14:24:06 [restartedMain] INFO  s.d.s.w.r.o.CachingOperationNameGenerator -
				Generating unique operation named: getUsingGET_368
2024-10-23 14:24:06 [restartedMain] INFO  s.d.s.w.r.o.CachingOperationNameGenerator -
				Generating unique operation named: getAllBedsDetailsUsingGET_1
2024-10-23 14:24:06 [restartedMain] INFO  s.d.s.w.r.o.CachingOperationNameGenerator -
				Generating unique operation named: getCountOfFloorsRoomsBedsUsingGET_1
2024-10-23 14:24:06 [restartedMain] INFO  s.d.s.w.r.o.CachingOperationNameGenerator -
				Generating unique operation named: getHosteBedDetailsUsingGET_1
2024-10-23 14:24:06 [restartedMain] INFO  s.d.s.w.r.o.CachingOperationNameGenerator -
				Generating unique operation named: hostelBedsByHostelBlockAndFloorUsingGET_1
2024-10-23 14:24:06 [restartedMain] INFO  s.d.s.w.r.o.CachingOperationNameGenerator -
				Generating unique operation named: hostelBedsByHostelBlockIdUsingGET_1
2024-10-23 14:24:06 [restartedMain] INFO  s.d.s.w.r.o.CachingOperationNameGenerator -
				Generating unique operation named: listAllUsingGET_305
2024-10-23 14:24:06 [restartedMain] INFO  s.d.s.w.r.o.CachingOperationNameGenerator -
				Generating unique operation named: listAll1UsingGET_152
2024-10-23 14:24:06 [restartedMain] INFO  s.d.s.w.r.o.CachingOperationNameGenerator -
				Generating unique operation named: saveSubjectTypeUsingPOST_34
2024-10-23 14:24:06 [restartedMain] INFO  s.d.s.w.r.o.CachingOperationNameGenerator -
				Generating unique operation named: unassignedBedDetailsUsingGET_1
2024-10-23 14:24:06 [restartedMain] INFO  s.d.s.w.r.o.CachingOperationNameGenerator -
				Generating unique operation named: updateUsingPUT_330
2024-10-23 14:24:06 [restartedMain] INFO  s.d.s.w.r.o.CachingOperationNameGenerator -
				Generating unique operation named: deleteUsingDELETE_252
2024-10-23 14:24:06 [restartedMain] INFO  s.d.s.w.r.o.CachingOperationNameGenerator -
				Generating unique operation named: delete1UsingDELETE_197
2024-10-23 14:24:06 [restartedMain] INFO  s.d.s.w.r.o.CachingOperationNameGenerator -
				Generating unique operation named: getUsingGET_369
2024-10-23 14:24:06 [restartedMain] INFO  s.d.s.w.r.o.CachingOperationNameGenerator -
				Generating unique operation named: getAllDoctorWardenDetailsUsingGET_1
2024-10-23 14:24:06 [restartedMain] INFO  s.d.s.w.r.o.CachingOperationNameGenerator -
				Generating unique operation named: getAllHostelBlocksDetailsUsingGET_3
2024-10-23 14:24:06 [restartedMain] INFO  s.d.s.w.r.o.CachingOperationNameGenerator -
				Generating unique operation named: getDetailsOfFloorsAndRoomsForGridViewUsingGET_1
2024-10-23 14:24:06 [restartedMain] INFO  s.d.s.w.r.o.CachingOperationNameGenerator -
				Generating unique operation named: getHostelBlockDetailsByHostelFeeTemplateUsingGET_1
2024-10-23 14:24:06 [restartedMain] INFO  s.d.s.w.r.o.CachingOperationNameGenerator -
				Generating unique operation named: getHostelFloorDetailsUsingGET_1
2024-10-23 14:24:06 [restartedMain] INFO  s.d.s.w.r.o.CachingOperationNameGenerator -
				Generating unique operation named: listAllUsingGET_306
2024-10-23 14:24:06 [restartedMain] INFO  s.d.s.w.r.o.CachingOperationNameGenerator -
				Generating unique operation named: saveSubjectTypeUsingPOST_35
2024-10-23 14:24:06 [restartedMain] INFO  s.d.s.w.r.o.CachingOperationNameGenerator -
				Generating unique operation named: updateUsingPUT_331
2024-10-23 14:24:06 [restartedMain] INFO  s.d.s.w.r.o.CachingOperationNameGenerator -
				Generating unique operation named: deleteUsingDELETE_253
2024-10-23 14:24:06 [restartedMain] INFO  s.d.s.w.r.o.CachingOperationNameGenerator -
				Generating unique operation named: delete1UsingDELETE_198
2024-10-23 14:24:06 [restartedMain] INFO  s.d.s.w.r.o.CachingOperationNameGenerator -
				Generating unique operation named: fetchhostelFloorIndexUsingGET_1
2024-10-23 14:24:06 [restartedMain] INFO  s.d.s.w.r.o.CachingOperationNameGenerator -
				Generating unique operation named: getUsingGET_370
2024-10-23 14:24:06 [restartedMain] INFO  s.d.s.w.r.o.CachingOperationNameGenerator -
				Generating unique operation named: getFloorByBlockidUsingGET_1
2024-10-23 14:24:06 [restartedMain] INFO  s.d.s.w.r.o.CachingOperationNameGenerator -
				Generating unique operation named: listAllUsingGET_307
2024-10-23 14:24:06 [restartedMain] INFO  s.d.s.w.r.o.CachingOperationNameGenerator -
				Generating unique operation named: listAll1UsingGET_153
2024-10-23 14:24:06 [restartedMain] INFO  s.d.s.w.r.o.CachingOperationNameGenerator -
				Generating unique operation named: saveSubjectTypeUsingPOST_36
2024-10-23 14:24:06 [restartedMain] INFO  s.d.s.w.r.o.CachingOperationNameGenerator -
				Generating unique operation named: updateUsingPUT_332
2024-10-23 14:24:06 [restartedMain] INFO  s.d.s.w.r.o.CachingOperationNameGenerator -
				Generating unique operation named: updateWardenId1UsingPUT_1
2024-10-23 14:24:06 [restartedMain] INFO  s.d.s.w.r.o.CachingOperationNameGenerator -
				Generating unique operation named: hostelRoomAssignmentUsingPOST_1
2024-10-23 14:24:06 [restartedMain] INFO  s.d.s.w.r.o.CachingOperationNameGenerator -
				Generating unique operation named: deleteUsingDELETE_254
2024-10-23 14:24:06 [restartedMain] INFO  s.d.s.w.r.o.CachingOperationNameGenerator -
				Generating unique operation named: delete1UsingDELETE_199
2024-10-23 14:24:06 [restartedMain] INFO  s.d.s.w.r.o.CachingOperationNameGenerator -
				Generating unique operation named: getUsingGET_371
2024-10-23 14:24:06 [restartedMain] INFO  s.d.s.w.r.o.CachingOperationNameGenerator -
				Generating unique operation named: listAllUsingGET_308
2024-10-23 14:24:06 [restartedMain] INFO  s.d.s.w.r.o.CachingOperationNameGenerator -
				Generating unique operation named: listAll1UsingGET_154
2024-10-23 14:24:06 [restartedMain] INFO  s.d.s.w.r.o.CachingOperationNameGenerator -
				Generating unique operation named: saveSubjectTypeUsingPOST_37
2024-10-23 14:24:06 [restartedMain] INFO  s.d.s.w.r.o.CachingOperationNameGenerator -
				Generating unique operation named: updateUsingPUT_333
2024-10-23 14:24:06 [restartedMain] INFO  s.d.s.w.r.o.CachingOperationNameGenerator -
				Generating unique operation named: allHostelOnBlockAndFloorUsingGET_1
2024-10-23 14:24:06 [restartedMain] INFO  s.d.s.w.r.o.CachingOperationNameGenerator -
				Generating unique operation named: deleteUsingDELETE_255
2024-10-23 14:24:06 [restartedMain] INFO  s.d.s.w.r.o.CachingOperationNameGenerator -
				Generating unique operation named: delete1UsingDELETE_200
2024-10-23 14:24:06 [restartedMain] INFO  s.d.s.w.r.o.CachingOperationNameGenerator -
				Generating unique operation named: fetchAllDetailsUsingGET_1
2024-10-23 14:24:06 [restartedMain] INFO  s.d.s.w.r.o.CachingOperationNameGenerator -
				Generating unique operation named: fetchAllUnassignedRoomUsingGET_1
2024-10-23 14:24:06 [restartedMain] INFO  s.d.s.w.r.o.CachingOperationNameGenerator -
				Generating unique operation named: getUsingGET_372
2024-10-23 14:24:06 [restartedMain] INFO  s.d.s.w.r.o.CachingOperationNameGenerator -
				Generating unique operation named: getAllHostelBedDetailsUsingGET_1
2024-10-23 14:24:06 [restartedMain] INFO  s.d.s.w.r.o.CachingOperationNameGenerator -
				Generating unique operation named: listAllUsingGET_309
2024-10-23 14:24:06 [restartedMain] INFO  s.d.s.w.r.o.CachingOperationNameGenerator -
				Generating unique operation named: listAll1UsingGET_155
2024-10-23 14:24:06 [restartedMain] INFO  s.d.s.w.r.o.CachingOperationNameGenerator -
				Generating unique operation named: saveHostelRoomsUsingPOST_1
2024-10-23 14:24:06 [restartedMain] INFO  s.d.s.w.r.o.CachingOperationNameGenerator -
				Generating unique operation named: updateUsingPUT_334
2024-10-23 14:24:06 [restartedMain] INFO  s.d.s.w.r.o.CachingOperationNameGenerator -
				Generating unique operation named: deleteUsingDELETE_256
2024-10-23 14:24:06 [restartedMain] INFO  s.d.s.w.r.o.CachingOperationNameGenerator -
				Generating unique operation named: delete1UsingDELETE_201
2024-10-23 14:24:06 [restartedMain] INFO  s.d.s.w.r.o.CachingOperationNameGenerator -
				Generating unique operation named: getUsingGET_373
2024-10-23 14:24:06 [restartedMain] INFO  s.d.s.w.r.o.CachingOperationNameGenerator -
				Generating unique operation named: listAllUsingGET_310
2024-10-23 14:24:06 [restartedMain] INFO  s.d.s.w.r.o.CachingOperationNameGenerator -
				Generating unique operation named: listAll1UsingGET_156
2024-10-23 14:24:06 [restartedMain] INFO  s.d.s.w.r.o.CachingOperationNameGenerator -
				Generating unique operation named: saveSubjectTypeUsingPOST_38
2024-10-23 14:24:06 [restartedMain] INFO  s.d.s.w.r.o.CachingOperationNameGenerator -
				Generating unique operation named: updateUsingPUT_335
2024-10-23 14:24:06 [restartedMain] INFO  s.d.s.w.r.o.CachingOperationNameGenerator -
				Generating unique operation named: deleteUsingDELETE_257
2024-10-23 14:24:06 [restartedMain] INFO  s.d.s.w.r.o.CachingOperationNameGenerator -
				Generating unique operation named: delete1UsingDELETE_202
2024-10-23 14:24:06 [restartedMain] INFO  s.d.s.w.r.o.CachingOperationNameGenerator -
				Generating unique operation named: getUsingGET_374
2024-10-23 14:24:06 [restartedMain] INFO  s.d.s.w.r.o.CachingOperationNameGenerator -
				Generating unique operation named: getAllHostelWardenDetailsUsingGET_1
2024-10-23 14:24:06 [restartedMain] INFO  s.d.s.w.r.o.CachingOperationNameGenerator -
				Generating unique operation named: listAllUsingGET_311
2024-10-23 14:24:06 [restartedMain] INFO  s.d.s.w.r.o.CachingOperationNameGenerator -
				Generating unique operation named: saveSubjectTypeUsingPOST_39
2024-10-23 14:24:06 [restartedMain] INFO  s.d.s.w.r.o.CachingOperationNameGenerator -
				Generating unique operation named: updateUsingPUT_336
2024-10-23 14:24:06 [restartedMain] INFO  s.d.s.w.r.o.CachingOperationNameGenerator -
				Generating unique operation named: deleteUsingDELETE_258
2024-10-23 14:24:06 [restartedMain] INFO  s.d.s.w.r.o.CachingOperationNameGenerator -
				Generating unique operation named: delete1UsingDELETE_203
2024-10-23 14:24:06 [restartedMain] INFO  s.d.s.w.r.o.CachingOperationNameGenerator -
				Generating unique operation named: getUsingGET_375
2024-10-23 14:24:06 [restartedMain] INFO  s.d.s.w.r.o.CachingOperationNameGenerator -
				Generating unique operation named: getAllHostelStandardAccessoriesUsingGET_1
2024-10-23 14:24:06 [restartedMain] INFO  s.d.s.w.r.o.CachingOperationNameGenerator -
				Generating unique operation named: listAllUsingGET_312
2024-10-23 14:24:06 [restartedMain] INFO  s.d.s.w.r.o.CachingOperationNameGenerator -
				Generating unique operation named: saveSubjectTypeUsingPOST_40
2024-10-23 14:24:06 [restartedMain] INFO  s.d.s.w.r.o.CachingOperationNameGenerator -
				Generating unique operation named: updateUsingPUT_337
2024-10-23 14:24:06 [restartedMain] INFO  s.d.s.w.s.ApiListingReferenceScanner -
				Scanning for api listing references
2024-10-23 14:24:06 [restartedMain] INFO  s.d.s.w.r.o.CachingOperationNameGenerator -
				Generating unique operation named: deleteUsingDELETE_259
2024-10-23 14:24:06 [restartedMain] INFO  s.d.s.w.r.o.CachingOperationNameGenerator -
				Generating unique operation named: delete1UsingDELETE_204
2024-10-23 14:24:06 [restartedMain] INFO  s.d.s.w.r.o.CachingOperationNameGenerator -
				Generating unique operation named: getUsingGET_376
2024-10-23 14:24:06 [restartedMain] INFO  s.d.s.w.r.o.CachingOperationNameGenerator -
				Generating unique operation named: getAvailableBlockAndRoomsUsingGET_1
2024-10-23 14:24:06 [restartedMain] INFO  s.d.s.w.r.o.CachingOperationNameGenerator -
				Generating unique operation named: listAllUsingGET_313
2024-10-23 14:24:06 [restartedMain] INFO  s.d.s.w.r.o.CachingOperationNameGenerator -
				Generating unique operation named: listAll1UsingGET_157
2024-10-23 14:24:06 [restartedMain] INFO  s.d.s.w.r.o.CachingOperationNameGenerator -
				Generating unique operation named: saveEventBlockedRoomsUsingPOST_1
2024-10-23 14:24:06 [restartedMain] INFO  s.d.s.w.r.o.CachingOperationNameGenerator -
				Generating unique operation named: updateUsingPUT_338
2024-10-23 14:24:06 [restartedMain] INFO  s.d.s.w.r.o.CachingOperationNameGenerator -
				Generating unique operation named: deleteUsingDELETE_260
2024-10-23 14:24:06 [restartedMain] INFO  s.d.s.w.r.o.CachingOperationNameGenerator -
				Generating unique operation named: delete1UsingDELETE_205
2024-10-23 14:24:06 [restartedMain] INFO  s.d.s.w.r.o.CachingOperationNameGenerator -
				Generating unique operation named: fetchAllEventCreationForApproverUsingGET_1
2024-10-23 14:24:06 [restartedMain] INFO  s.d.s.w.r.o.CachingOperationNameGenerator -
				Generating unique operation named: fetchEventDetailsOnSchoolIdUsingGET_1
2024-10-23 14:24:06 [restartedMain] INFO  s.d.s.w.r.o.CachingOperationNameGenerator -
				Generating unique operation named: getUsingGET_377
2024-10-23 14:24:06 [restartedMain] INFO  s.d.s.w.r.o.CachingOperationNameGenerator -
				Generating unique operation named: getEventReportDetailsUsingGET_1
2024-10-23 14:24:06 [restartedMain] INFO  s.d.s.w.r.o.CachingOperationNameGenerator -
				Generating unique operation named: listAllUsingGET_314
2024-10-23 14:24:06 [restartedMain] INFO  s.d.s.w.r.o.CachingOperationNameGenerator -
				Generating unique operation named: listAll1UsingGET_158
2024-10-23 14:24:06 [restartedMain] INFO  s.d.s.w.r.o.CachingOperationNameGenerator -
				Generating unique operation named: saveEventCreationUsingPOST_1
2024-10-23 14:24:07 [restartedMain] INFO  s.d.s.w.r.o.CachingOperationNameGenerator -
				Generating unique operation named: updateUsingPUT_339
2024-10-23 14:24:07 [restartedMain] INFO  s.d.s.w.r.o.CachingOperationNameGenerator -
				Generating unique operation named: downloadImageFileUsingGET_5
2024-10-23 14:24:07 [restartedMain] INFO  s.d.s.w.r.o.CachingOperationNameGenerator -
				Generating unique operation named: eventImageAttachmentsDetailsUsingGET_1
2024-10-23 14:24:07 [restartedMain] INFO  s.d.s.w.r.o.CachingOperationNameGenerator -
				Generating unique operation named: uploadFileUsingPOST_46
2024-10-23 14:24:07 [restartedMain] INFO  s.d.s.w.r.o.CachingOperationNameGenerator -
				Generating unique operation named: deleteUsingDELETE_261
2024-10-23 14:24:07 [restartedMain] INFO  s.d.s.w.r.o.CachingOperationNameGenerator -
				Generating unique operation named: delete1UsingDELETE_206
2024-10-23 14:24:07 [restartedMain] INFO  s.d.s.w.r.o.CachingOperationNameGenerator -
				Generating unique operation named: getUsingGET_378
2024-10-23 14:24:07 [restartedMain] INFO  s.d.s.w.r.o.CachingOperationNameGenerator -
				Generating unique operation named: getLatestFiveNotificationsUsingGET_1
2024-10-23 14:24:07 [restartedMain] INFO  s.d.s.w.r.o.CachingOperationNameGenerator -
				Generating unique operation named: listAllUsingGET_315
2024-10-23 14:24:07 [restartedMain] INFO  s.d.s.w.r.o.CachingOperationNameGenerator -
				Generating unique operation named: listAll1UsingGET_159
2024-10-23 14:24:07 [restartedMain] INFO  s.d.s.w.r.o.CachingOperationNameGenerator -
				Generating unique operation named: saveNotificationUsingPOST_1
2024-10-23 14:24:07 [restartedMain] INFO  s.d.s.w.r.o.CachingOperationNameGenerator -
				Generating unique operation named: updateNotificationUsingPUT_1
2024-10-23 14:24:07 [restartedMain] INFO  s.d.s.w.r.o.CachingOperationNameGenerator -
				Generating unique operation named: uploadFileUsingPOST_47
2024-10-23 14:24:07 [restartedMain] INFO  s.d.s.w.r.o.CachingOperationNameGenerator -
				Generating unique operation named: viewFilesUsingGET_45
2024-10-23 14:24:07 [restartedMain] INFO  s.d.s.w.r.o.CachingOperationNameGenerator -
				Generating unique operation named: deleteUsingDELETE_262
2024-10-23 14:24:07 [restartedMain] INFO  s.d.s.w.r.o.CachingOperationNameGenerator -
				Generating unique operation named: delete1UsingDELETE_207
2024-10-23 14:24:07 [restartedMain] INFO  s.d.s.w.r.o.CachingOperationNameGenerator -
				Generating unique operation named: getUsingGET_379
2024-10-23 14:24:07 [restartedMain] INFO  s.d.s.w.r.o.CachingOperationNameGenerator -
				Generating unique operation named: listAllUsingGET_316
2024-10-23 14:24:07 [restartedMain] INFO  s.d.s.w.r.o.CachingOperationNameGenerator -
				Generating unique operation named: listAll1UsingGET_160
2024-10-23 14:24:07 [restartedMain] INFO  s.d.s.w.r.o.CachingOperationNameGenerator -
				Generating unique operation named: saveOrganizationUsingPOST_1
2024-10-23 14:24:07 [restartedMain] INFO  s.d.s.w.r.o.CachingOperationNameGenerator -
				Generating unique operation named: schoolValidationUsingGET_2
2024-10-23 14:24:07 [restartedMain] INFO  s.d.s.w.r.o.CachingOperationNameGenerator -
				Generating unique operation named: updateUsingPUT_340
2024-10-23 14:24:07 [restartedMain] INFO  s.d.s.w.r.o.CachingOperationNameGenerator -
				Generating unique operation named: activateUsingDELETE_114
2024-10-23 14:24:07 [restartedMain] INFO  s.d.s.w.r.o.CachingOperationNameGenerator -
				Generating unique operation named: deactivateUsingDELETE_114
2024-10-23 14:24:07 [restartedMain] INFO  s.d.s.w.r.o.CachingOperationNameGenerator -
				Generating unique operation named: getUsingGET_380
2024-10-23 14:24:07 [restartedMain] INFO  s.d.s.w.r.o.CachingOperationNameGenerator -
				Generating unique operation named: getAllSchoolsDataUsingGET_1
2024-10-23 14:24:07 [restartedMain] INFO  s.d.s.w.r.o.CachingOperationNameGenerator -
				Generating unique operation named: getschoolCountUsingGET_1
2024-10-23 14:24:07 [restartedMain] INFO  s.d.s.w.r.o.CachingOperationNameGenerator -
				Generating unique operation named: listAllUsingGET_317
2024-10-23 14:24:07 [restartedMain] INFO  s.d.s.w.r.o.CachingOperationNameGenerator -
				Generating unique operation named: listAll13UsingGET_1
2024-10-23 14:24:07 [restartedMain] INFO  s.d.s.w.r.o.CachingOperationNameGenerator -
				Generating unique operation named: listAll15UsingGET_1
2024-10-23 14:24:07 [restartedMain] INFO  s.d.s.w.r.o.CachingOperationNameGenerator -
				Generating unique operation named: listAll16UsingGET_1
2024-10-23 14:24:07 [restartedMain] INFO  s.d.s.w.r.o.CachingOperationNameGenerator -
				Generating unique operation named: listAll3UsingGET_1
2024-10-23 14:24:07 [restartedMain] INFO  s.d.s.w.r.o.CachingOperationNameGenerator -
				Generating unique operation named: saveSchoolUsingPOST_1
2024-10-23 14:24:07 [restartedMain] INFO  s.d.s.w.r.o.CachingOperationNameGenerator -
				Generating unique operation named: schoolValidationUsingGET_3
2024-10-23 14:24:07 [restartedMain] INFO  s.d.s.w.r.o.CachingOperationNameGenerator -
				Generating unique operation named: updateUsingPUT_341
2024-10-23 14:24:07 [restartedMain] INFO  s.d.s.w.s.ApiListingReferenceScanner -
				Scanning for api listing references
2024-10-23 14:24:07 [restartedMain] INFO  s.d.s.w.r.o.CachingOperationNameGenerator -
				Generating unique operation named: activeListUsingGET_1
2024-10-23 14:24:07 [restartedMain] INFO  s.d.s.w.r.o.CachingOperationNameGenerator -
				Generating unique operation named: createUsingPOST_1
2024-10-23 14:24:07 [restartedMain] INFO  s.d.s.w.r.o.CachingOperationNameGenerator -
				Generating unique operation named: deleteUsingDELETE_263
2024-10-23 14:24:07 [restartedMain] INFO  s.d.s.w.r.o.CachingOperationNameGenerator -
				Generating unique operation named: delete1UsingDELETE_208
2024-10-23 14:24:07 [restartedMain] INFO  s.d.s.w.r.o.CachingOperationNameGenerator -
				Generating unique operation named: getUsingGET_381
2024-10-23 14:24:07 [restartedMain] INFO  s.d.s.w.r.o.CachingOperationNameGenerator -
				Generating unique operation named: getAllRolesDetailsUsingGET_8
2024-10-23 14:24:07 [restartedMain] INFO  s.d.s.w.r.o.CachingOperationNameGenerator -
				Generating unique operation named: getItemNameConcatWithdescriptionAndMakeUsingGET_1
2024-10-23 14:24:07 [restartedMain] INFO  s.d.s.w.r.o.CachingOperationNameGenerator -
				Generating unique operation named: updateUsingPUT_342
2024-10-23 14:24:07 [restartedMain] INFO  s.d.s.w.r.o.CachingOperationNameGenerator -
				Generating unique operation named: activateItemAssignmentUsingDELETE_2
2024-10-23 14:24:07 [restartedMain] INFO  s.d.s.w.r.o.CachingOperationNameGenerator -
				Generating unique operation named: deactivateItemAssignmentUsingDELETE_2
2024-10-23 14:24:07 [restartedMain] INFO  s.d.s.w.r.o.CachingOperationNameGenerator -
				Generating unique operation named: getUsingGET_382
2024-10-23 14:24:07 [restartedMain] INFO  s.d.s.w.r.o.CachingOperationNameGenerator -
				Generating unique operation named: getAllItemCreationDetailsUsingGET_3
2024-10-23 14:24:07 [restartedMain] INFO  s.d.s.w.r.o.CachingOperationNameGenerator -
				Generating unique operation named: listAllActiveItemAssignmentUsingGET_1
2024-10-23 14:24:07 [restartedMain] INFO  s.d.s.w.r.o.CachingOperationNameGenerator -
				Generating unique operation named: saveItemAssignmentUsingPOST_1
2024-10-23 14:24:07 [restartedMain] INFO  s.d.s.w.r.o.CachingOperationNameGenerator -
				Generating unique operation named: updateItemCreationUsingPUT_2
2024-10-23 14:24:07 [restartedMain] INFO  s.d.s.w.r.o.CachingOperationNameGenerator -
				Generating unique operation named: allActiveitemsDetailsUsingGET_1
2024-10-23 14:24:07 [restartedMain] INFO  s.d.s.w.r.o.CachingOperationNameGenerator -
				Generating unique operation named: deleteUsingDELETE_264
2024-10-23 14:24:07 [restartedMain] INFO  s.d.s.w.r.o.CachingOperationNameGenerator -
				Generating unique operation named: delete1UsingDELETE_209
2024-10-23 14:24:07 [restartedMain] INFO  s.d.s.w.r.o.CachingOperationNameGenerator -
				Generating unique operation named: getUsingGET_383
2024-10-23 14:24:07 [restartedMain] INFO  s.d.s.w.r.o.CachingOperationNameGenerator -
				Generating unique operation named: getAllItemCreationDetailsUsingGET_4
2024-10-23 14:24:07 [restartedMain] INFO  s.d.s.w.r.o.CachingOperationNameGenerator -
				Generating unique operation named: listAll1UsingGET_161
2024-10-23 14:24:07 [restartedMain] INFO  s.d.s.w.r.o.CachingOperationNameGenerator -
				Generating unique operation named: saveItemsCreationUsingPOST_1
2024-10-23 14:24:07 [restartedMain] INFO  s.d.s.w.r.o.CachingOperationNameGenerator -
				Generating unique operation named: updateItemCreationUsingPUT_3
2024-10-23 14:24:07 [restartedMain] INFO  s.d.s.w.r.o.CachingOperationNameGenerator -
				Generating unique operation named: activateUsingDELETE_115
2024-10-23 14:24:07 [restartedMain] INFO  s.d.s.w.r.o.CachingOperationNameGenerator -
				Generating unique operation named: deactivateUsingDELETE_115
2024-10-23 14:24:07 [restartedMain] INFO  s.d.s.w.r.o.CachingOperationNameGenerator -
				Generating unique operation named: fetchAllStoreIndentRequestBasedOnUserIdUsingGET_1
2024-10-23 14:24:07 [restartedMain] INFO  s.d.s.w.r.o.CachingOperationNameGenerator -
				Generating unique operation named: getUsingGET_384
2024-10-23 14:24:07 [restartedMain] INFO  s.d.s.w.r.o.CachingOperationNameGenerator -
				Generating unique operation named: getAllExamDetailsUsingGET_2
2024-10-23 14:24:07 [restartedMain] INFO  s.d.s.w.r.o.CachingOperationNameGenerator -
				Generating unique operation named: getApprovedDataUsingGET_1
2024-10-23 14:24:07 [restartedMain] INFO  s.d.s.w.r.o.CachingOperationNameGenerator -
				Generating unique operation named: getApprovedStoreIndentRequestByIndentTicketUsingGET_1
2024-10-23 14:24:07 [restartedMain] INFO  s.d.s.w.r.o.CachingOperationNameGenerator -
				Generating unique operation named: getApproveddataUsingGET_1
2024-10-23 14:24:07 [restartedMain] INFO  s.d.s.w.r.o.CachingOperationNameGenerator -
				Generating unique operation named: getDataForDisplayingUsingGET_2
2024-10-23 14:24:07 [restartedMain] INFO  s.d.s.w.r.o.CachingOperationNameGenerator -
				Generating unique operation named: getDataForDisplayingUsingGET_3
2024-10-23 14:24:07 [restartedMain] INFO  s.d.s.w.r.o.CachingOperationNameGenerator -
				Generating unique operation named: getDataForDisplaying2UsingGET_1
2024-10-23 14:24:07 [restartedMain] INFO  s.d.s.w.r.o.CachingOperationNameGenerator -
				Generating unique operation named: getEmpNameConcatWithDateUsingGET_1
2024-10-23 14:24:07 [restartedMain] INFO  s.d.s.w.r.o.CachingOperationNameGenerator -
				Generating unique operation named: getItemApproverDataBasedOnIndentTicketUsingGET_1
2024-10-23 14:24:07 [restartedMain] INFO  s.d.s.w.r.o.CachingOperationNameGenerator -
				Generating unique operation named: getItemApproverdataUsingGET_2
2024-10-23 14:24:07 [restartedMain] INFO  s.d.s.w.r.o.CachingOperationNameGenerator -
				Generating unique operation named: getItemApproverdataBasedOnUserIdUsingGET_1
2024-10-23 14:24:07 [restartedMain] INFO  s.d.s.w.r.o.CachingOperationNameGenerator -
				Generating unique operation named: getStoreIndentdetailsByStoreIndentIdUsingGET_1
2024-10-23 14:24:07 [restartedMain] INFO  s.d.s.w.r.o.CachingOperationNameGenerator -
				Generating unique operation named: listAllUsingGET_318
2024-10-23 14:24:07 [restartedMain] INFO  s.d.s.w.r.o.CachingOperationNameGenerator -
				Generating unique operation named: saveStoreIndentRequestUsingPOST_2
2024-10-23 14:24:07 [restartedMain] INFO  s.d.s.w.r.o.CachingOperationNameGenerator -
				Generating unique operation named: storeIndentRequestApprovedDataUsingGET_1
2024-10-23 14:24:07 [restartedMain] INFO  s.d.s.w.r.o.CachingOperationNameGenerator -
				Generating unique operation named: updateUsingPUT_343
2024-10-23 14:24:07 [restartedMain] INFO  s.d.s.w.r.o.CachingOperationNameGenerator -
				Generating unique operation named: updateAvailableItemInStoreUsingPUT_1
2024-10-23 14:24:07 [restartedMain] INFO  s.d.s.w.r.o.CachingOperationNameGenerator -
				Generating unique operation named: updateReceiveStatusUsingPUT_1
2024-10-23 14:24:07 [restartedMain] INFO  s.d.s.w.r.o.CachingOperationNameGenerator -
				Generating unique operation named: uploadFileUsingPOST_48
2024-10-23 14:24:07 [restartedMain] INFO  s.d.s.w.r.o.CachingOperationNameGenerator -
				Generating unique operation named: viewFilesUsingGET_46
2024-10-23 14:24:07 [restartedMain] INFO  s.d.s.w.r.o.CachingOperationNameGenerator -
				Generating unique operation named: getItemApproverdataUsingGET_3
2024-10-23 14:24:07 [restartedMain] INFO  s.d.s.w.r.o.CachingOperationNameGenerator -
				Generating unique operation named: saveStoreIndentRequestUsingPOST_3
2024-10-23 14:24:07 [restartedMain] INFO  s.d.s.w.r.o.CachingOperationNameGenerator -
				Generating unique operation named: activateItemAssignmentUsingDELETE_3
2024-10-23 14:24:07 [restartedMain] INFO  s.d.s.w.r.o.CachingOperationNameGenerator -
				Generating unique operation named: deactivateItemAssignmentUsingDELETE_3
2024-10-23 14:24:07 [restartedMain] INFO  s.d.s.w.r.o.CachingOperationNameGenerator -
				Generating unique operation named: getUsingGET_385
2024-10-23 14:24:07 [restartedMain] INFO  s.d.s.w.r.o.CachingOperationNameGenerator -
				Generating unique operation named: getAllItemCreationDetailsUsingGET_5
2024-10-23 14:24:07 [restartedMain] INFO  s.d.s.w.r.o.CachingOperationNameGenerator -
				Generating unique operation named: getEmpNameConcatWithCodeUsingGET_1
2024-10-23 14:24:07 [restartedMain] INFO  s.d.s.w.r.o.CachingOperationNameGenerator -
				Generating unique operation named: listAllActiveStorePurchaseUsingGET_1
2024-10-23 14:24:07 [restartedMain] INFO  s.d.s.w.r.o.CachingOperationNameGenerator -
				Generating unique operation named: savestorePurchaseUsingPOST_1
2024-10-23 14:24:07 [restartedMain] INFO  s.d.s.w.r.o.CachingOperationNameGenerator -
				Generating unique operation named: updateStorePurchaseUsingPUT_1
2024-10-23 14:24:07 [restartedMain] INFO  s.d.s.w.r.o.CachingOperationNameGenerator -
				Generating unique operation named: allStoresStockDetailsUsingGET_1
2024-10-23 14:24:07 [restartedMain] INFO  s.d.s.w.r.o.CachingOperationNameGenerator -
				Generating unique operation named: createStoresStockUsingPOST_1
2024-10-23 14:24:07 [restartedMain] INFO  s.d.s.w.r.o.CachingOperationNameGenerator -
				Generating unique operation named: deleteUsingDELETE_265
2024-10-23 14:24:07 [restartedMain] INFO  s.d.s.w.r.o.CachingOperationNameGenerator -
				Generating unique operation named: delete1UsingDELETE_210
2024-10-23 14:24:07 [restartedMain] INFO  s.d.s.w.r.o.CachingOperationNameGenerator -
				Generating unique operation named: getUsingGET_386
2024-10-23 14:24:07 [restartedMain] INFO  s.d.s.w.r.o.CachingOperationNameGenerator -
				Generating unique operation named: getActiveDetailsUsingGET_7
2024-10-23 14:24:07 [restartedMain] INFO  s.d.s.w.r.o.CachingOperationNameGenerator -
				Generating unique operation named: getAllDetailsUsingGET_5
2024-10-23 14:24:07 [restartedMain] INFO  s.d.s.w.r.o.CachingOperationNameGenerator -
				Generating unique operation named: updateUsingPUT_344
2024-10-23 14:24:07 [restartedMain] INFO  s.d.s.w.r.o.CachingOperationNameGenerator -
				Generating unique operation named: downloadFileUsingGET_21
2024-10-23 14:24:07 [restartedMain] INFO  s.d.s.w.r.o.CachingOperationNameGenerator -
				Generating unique operation named: getUsingGET_387
2024-10-23 14:24:07 [restartedMain] INFO  s.d.s.w.r.o.CachingOperationNameGenerator -
				Generating unique operation named: saveVendorAttachmentsUsingPOST_1
2024-10-23 14:24:07 [restartedMain] INFO  s.d.s.w.r.o.CachingOperationNameGenerator -
				Generating unique operation named: uploadFileUsingPOST_49
2024-10-23 14:24:07 [restartedMain] INFO  s.d.s.w.r.o.CachingOperationNameGenerator -
				Generating unique operation named: vendorAttachmentDetailsUsingGET_1
2024-10-23 14:24:07 [restartedMain] INFO  s.d.s.w.r.o.CachingOperationNameGenerator -
				Generating unique operation named: deleteUsingDELETE_266
2024-10-23 14:24:07 [restartedMain] INFO  s.d.s.w.r.o.CachingOperationNameGenerator -
				Generating unique operation named: delete1UsingDELETE_211
2024-10-23 14:24:07 [restartedMain] INFO  s.d.s.w.r.o.CachingOperationNameGenerator -
				Generating unique operation named: getActiveVendorDetailsUsingGET_2
2024-10-23 14:24:07 [restartedMain] INFO  s.d.s.w.r.o.CachingOperationNameGenerator -
				Generating unique operation named: getAllVendorDetailsUsingGET_2
2024-10-23 14:24:07 [restartedMain] INFO  s.d.s.w.r.o.CachingOperationNameGenerator -
				Generating unique operation named: getVendorDetailsByIdUsingGET_1
2024-10-23 14:24:07 [restartedMain] INFO  s.d.s.w.r.o.CachingOperationNameGenerator -
				Generating unique operation named: getVoucherHeadNewDataFromVendorUsingGET_1
2024-10-23 14:24:07 [restartedMain] INFO  s.d.s.w.r.o.CachingOperationNameGenerator -
				Generating unique operation named: saveVendorUsingPOST_1
2024-10-23 14:24:07 [restartedMain] INFO  s.d.s.w.r.o.CachingOperationNameGenerator -
				Generating unique operation named: updateUsingPUT_345
2024-10-23 14:24:07 [restartedMain] INFO  s.d.s.w.r.o.CachingOperationNameGenerator -
				Generating unique operation named: getActiveVendorDetailsUsingGET_3
2024-10-23 14:24:07 [restartedMain] INFO  s.d.s.w.r.o.CachingOperationNameGenerator -
				Generating unique operation named: getAllVendorDetailsUsingGET_3
2024-10-23 14:24:07 [restartedMain] INFO  s.d.s.w.r.o.CachingOperationNameGenerator -
				Generating unique operation named: saveVendorHistoryUsingPOST_1
2024-10-23 14:24:07 [restartedMain] INFO  s.d.s.w.r.o.CachingOperationNameGenerator -
				Generating unique operation named: ListAll1UsingGET_1
2024-10-23 14:24:07 [restartedMain] INFO  s.d.s.w.r.o.CachingOperationNameGenerator -
				Generating unique operation named: deleteUsingDELETE_267
2024-10-23 14:24:07 [restartedMain] INFO  s.d.s.w.r.o.CachingOperationNameGenerator -
				Generating unique operation named: delete1UsingDELETE_212
2024-10-23 14:24:07 [restartedMain] INFO  s.d.s.w.r.o.CachingOperationNameGenerator -
				Generating unique operation named: getUsingGET_388
2024-10-23 14:24:07 [restartedMain] INFO  s.d.s.w.r.o.CachingOperationNameGenerator -
				Generating unique operation named: getAllVendorOpeningbalanceUsingGET_1
2024-10-23 14:24:07 [restartedMain] INFO  s.d.s.w.r.o.CachingOperationNameGenerator -
				Generating unique operation named: getVendorOpeningBalanceByVoucherHeadIdUsingGET_1
2024-10-23 14:24:07 [restartedMain] INFO  s.d.s.w.r.o.CachingOperationNameGenerator -
				Generating unique operation named: saveVendorOpeningBalanceUsingPOST_1
2024-10-23 14:24:07 [restartedMain] INFO  s.d.s.w.r.o.CachingOperationNameGenerator -
				Generating unique operation named: updateUsingPUT_346
2024-10-23 14:24:07 [restartedMain] INFO  s.d.s.w.r.o.CachingOperationNameGenerator -
				Generating unique operation named: updateUsingPUT_347
2024-10-23 14:24:07 [restartedMain] INFO  s.d.s.w.s.ApiListingReferenceScanner -
				Scanning for api listing references
2024-10-23 14:24:07 [restartedMain] INFO  s.d.s.w.r.o.CachingOperationNameGenerator -
				Generating unique operation named: deleteUsingDELETE_268
2024-10-23 14:24:07 [restartedMain] INFO  s.d.s.w.r.o.CachingOperationNameGenerator -
				Generating unique operation named: delete1UsingDELETE_213
2024-10-23 14:24:07 [restartedMain] INFO  s.d.s.w.r.o.CachingOperationNameGenerator -
				Generating unique operation named: getUsingGET_389
2024-10-23 14:24:07 [restartedMain] INFO  s.d.s.w.r.o.CachingOperationNameGenerator -
				Generating unique operation named: getAllActiveProctorsUsingGET_1
2024-10-23 14:24:07 [restartedMain] INFO  s.d.s.w.r.o.CachingOperationNameGenerator -
				Generating unique operation named: getAllProctorHeadDetailsUsingGET_3
2024-10-23 14:24:07 [restartedMain] INFO  s.d.s.w.r.o.CachingOperationNameGenerator -
				Generating unique operation named: listAllUsingGET_319
2024-10-23 14:24:07 [restartedMain] INFO  s.d.s.w.r.o.CachingOperationNameGenerator -
				Generating unique operation named: saveProctorHeadUsingPOST_1
2024-10-23 14:24:07 [restartedMain] INFO  s.d.s.w.r.o.CachingOperationNameGenerator -
				Generating unique operation named: updateUsingPUT_348
2024-10-23 14:24:07 [restartedMain] INFO  s.d.s.w.r.o.CachingOperationNameGenerator -
				Generating unique operation named: fetch1UsingGET_7
2024-10-23 14:24:07 [restartedMain] INFO  s.d.s.w.r.o.CachingOperationNameGenerator -
				Generating unique operation named: listAllUsingGET_320
2024-10-23 14:24:07 [restartedMain] INFO  s.d.s.w.r.o.CachingOperationNameGenerator -
				Generating unique operation named: saveProctorHeadHistoryUsingPOST_1
2024-10-23 14:24:07 [restartedMain] INFO  s.d.s.w.r.o.CachingOperationNameGenerator -
				Generating unique operation named: deleteUsingDELETE_269
2024-10-23 14:24:07 [restartedMain] INFO  s.d.s.w.r.o.CachingOperationNameGenerator -
				Generating unique operation named: delete1UsingDELETE_214
2024-10-23 14:24:07 [restartedMain] INFO  s.d.s.w.r.o.CachingOperationNameGenerator -
				Generating unique operation named: getUsingGET_390
2024-10-23 14:24:07 [restartedMain] INFO  s.d.s.w.r.o.CachingOperationNameGenerator -
				Generating unique operation named: getAllListUsingGET_1
2024-10-23 14:24:07 [restartedMain] INFO  s.d.s.w.r.o.CachingOperationNameGenerator -
				Generating unique operation named: getAllProctorHeadDetailsUsingGET_4
2024-10-23 14:24:07 [restartedMain] INFO  s.d.s.w.r.o.CachingOperationNameGenerator -
				Generating unique operation named: getProctorStatusAssignedStudentDetailsListUsingGET_1
2024-10-23 14:24:07 [restartedMain] INFO  s.d.s.w.r.o.CachingOperationNameGenerator -
				Generating unique operation named: getProctorStatusAssignedStudentDetailsListByUserIdUsingGET_1
2024-10-23 14:24:07 [restartedMain] INFO  s.d.s.w.r.o.CachingOperationNameGenerator -
				Generating unique operation named: listAllUsingGET_321
2024-10-23 14:24:07 [restartedMain] INFO  s.d.s.w.r.o.CachingOperationNameGenerator -
				Generating unique operation named: saveProctorStudentAssignmentUsingPOST_2
2024-10-23 14:24:07 [restartedMain] INFO  s.d.s.w.r.o.CachingOperationNameGenerator -
				Generating unique operation named: updateUsingPUT_349
2024-10-23 14:24:07 [restartedMain] INFO  s.d.s.w.r.o.CachingOperationNameGenerator -
				Generating unique operation named: getAllProctorHeadDetailsUsingGET_5
2024-10-23 14:24:07 [restartedMain] INFO  s.d.s.w.r.o.CachingOperationNameGenerator -
				Generating unique operation named: proctorStudentAssignmentHistoryDetailByUserIdUsingGET_1
2024-10-23 14:24:07 [restartedMain] INFO  s.d.s.w.r.o.CachingOperationNameGenerator -
				Generating unique operation named: saveProctorStudentAssignmentUsingPOST_3
2024-10-23 14:24:07 [restartedMain] INFO  s.d.s.w.r.o.CachingOperationNameGenerator -
				Generating unique operation named: deleteUsingDELETE_270
2024-10-23 14:24:07 [restartedMain] INFO  s.d.s.w.r.o.CachingOperationNameGenerator -
				Generating unique operation named: delete1UsingDELETE_215
2024-10-23 14:24:07 [restartedMain] INFO  s.d.s.w.r.o.CachingOperationNameGenerator -
				Generating unique operation named: fetchAllProctorStudentMeetingUsingGET_1
2024-10-23 14:24:07 [restartedMain] INFO  s.d.s.w.r.o.CachingOperationNameGenerator -
				Generating unique operation named: fetchAllProctorStudentMeetingBasedOnUserIdUsingGET_1
2024-10-23 14:24:07 [restartedMain] INFO  s.d.s.w.r.o.CachingOperationNameGenerator -
				Generating unique operation named: getUsingGET_391
2024-10-23 14:24:07 [restartedMain] INFO  s.d.s.w.r.o.CachingOperationNameGenerator -
				Generating unique operation named: saveProctorStudentMeetingUsingPOST_1
2024-10-23 14:24:07 [restartedMain] INFO  s.d.s.w.r.o.CachingOperationNameGenerator -
				Generating unique operation named: sendEmailMessageForMeetingUsingPOST_1
2024-10-23 14:24:07 [restartedMain] INFO  s.d.s.w.r.o.CachingOperationNameGenerator -
				Generating unique operation named: sendTelegramMessageForMeetingUsingPOST_1
2024-10-23 14:24:07 [restartedMain] INFO  s.d.s.w.r.o.CachingOperationNameGenerator -
				Generating unique operation named: updateProctorStudentMeetingUsingPUT_1
2024-10-23 14:24:07 [restartedMain] INFO  s.d.s.w.s.ApiListingReferenceScanner -
				Scanning for api listing references
2024-10-23 14:24:07 [restartedMain] INFO  s.d.s.w.s.ApiListingReferenceScanner -
				Scanning for api listing references
2024-10-23 14:24:07 [restartedMain] INFO  s.d.s.w.r.o.CachingOperationNameGenerator -
				Generating unique operation named: activateUsingDELETE_116
2024-10-23 14:24:07 [restartedMain] INFO  s.d.s.w.r.o.CachingOperationNameGenerator -
				Generating unique operation named: checkAuidWithFeeTypeIsAlreadyPresentOrNotUsingGET_1
2024-10-23 14:24:07 [restartedMain] INFO  s.d.s.w.r.o.CachingOperationNameGenerator -
				Generating unique operation named: createAcerpAmountUsingPOST_1
2024-10-23 14:24:07 [restartedMain] INFO  s.d.s.w.r.o.CachingOperationNameGenerator -
				Generating unique operation named: deactivateUsingDELETE_116
2024-10-23 14:24:07 [restartedMain] INFO  s.d.s.w.r.o.CachingOperationNameGenerator -
				Generating unique operation named: fetchAllAcerpAmountUsingGET_1
2024-10-23 14:24:07 [restartedMain] INFO  s.d.s.w.r.o.CachingOperationNameGenerator -
				Generating unique operation named: getUsingGET_392
2024-10-23 14:24:07 [restartedMain] INFO  s.d.s.w.r.o.CachingOperationNameGenerator -
				Generating unique operation named: getAcerpAmountByAuidUsingGET_1
2024-10-23 14:24:07 [restartedMain] INFO  s.d.s.w.r.o.CachingOperationNameGenerator -
				Generating unique operation named: listAllUsingGET_322
2024-10-23 14:24:07 [restartedMain] INFO  s.d.s.w.r.o.CachingOperationNameGenerator -
				Generating unique operation named: updateUsingPUT_350
2024-10-23 14:24:07 [restartedMain] INFO  s.d.s.w.r.o.CachingOperationNameGenerator -
				Generating unique operation named: updateAcerpAmountByacerpAmountIdUsingPUT_1
2024-10-23 14:24:07 [restartedMain] INFO  s.d.s.w.r.o.CachingOperationNameGenerator -
				Generating unique operation named: uploadFileUsingPOST_50
2024-10-23 14:24:07 [restartedMain] INFO  s.d.s.w.r.o.CachingOperationNameGenerator -
				Generating unique operation named: viewFilesUsingGET_47
2024-10-23 14:24:07 [restartedMain] INFO  s.d.s.w.r.o.CachingOperationNameGenerator -
				Generating unique operation named: deleteUsingDELETE_271
2024-10-23 14:24:07 [restartedMain] INFO  s.d.s.w.r.o.CachingOperationNameGenerator -
				Generating unique operation named: getUsingGET_393
2024-10-23 14:24:07 [restartedMain] INFO  s.d.s.w.r.o.CachingOperationNameGenerator -
				Generating unique operation named: listAllUsingGET_323
2024-10-23 14:24:07 [restartedMain] INFO  s.d.s.w.r.o.CachingOperationNameGenerator -
				Generating unique operation named: saveApplicantDetailsUsingPOST_1
2024-10-23 14:24:07 [restartedMain] INFO  s.d.s.w.r.o.CachingOperationNameGenerator -
				Generating unique operation named: updateUsingPUT_351
2024-10-23 14:24:07 [restartedMain] INFO  s.d.s.w.r.o.CachingOperationNameGenerator -
				Generating unique operation named: activateUsingDELETE_117
2024-10-23 14:24:07 [restartedMain] INFO  s.d.s.w.r.o.CachingOperationNameGenerator -
				Generating unique operation named: bankImportSettlementUsingPOST_1
2024-10-23 14:24:07 [restartedMain] INFO  s.d.s.w.r.o.CachingOperationNameGenerator -
				Generating unique operation named: bankImportSettlementTriggerUsingPOST_1
2024-10-23 14:24:07 [restartedMain] INFO  s.d.s.w.r.o.CachingOperationNameGenerator -
				Generating unique operation named: bankImportTransactionUsingGET_1
2024-10-23 14:24:07 [restartedMain] INFO  s.d.s.w.r.o.CachingOperationNameGenerator -
				Generating unique operation named: bankImportTransactionDetailsOnAmountUsingGET_1
2024-10-23 14:24:07 [restartedMain] INFO  s.d.s.w.r.o.CachingOperationNameGenerator -
				Generating unique operation named: bankImportTransactionWithVoucherNameUsingGET_1
2024-10-23 14:24:07 [restartedMain] INFO  s.d.s.w.r.o.CachingOperationNameGenerator -
				Generating unique operation named: deactivateUsingDELETE_117
2024-10-23 14:24:07 [restartedMain] INFO  s.d.s.w.r.o.CachingOperationNameGenerator -
				Generating unique operation named: deleteBankImportTransactionUsingDELETE_1
2024-10-23 14:24:07 [restartedMain] INFO  s.d.s.w.r.o.CachingOperationNameGenerator -
				Generating unique operation named: fetchAllInactivebankImportTransactionDetailUsingGET_1
2024-10-23 14:24:07 [restartedMain] INFO  s.d.s.w.r.o.CachingOperationNameGenerator -
				Generating unique operation named: fetchAllbankImportTransactionDetailsForClearedHistoryUsingGET_1
2024-10-23 14:24:07 [restartedMain] INFO  s.d.s.w.r.o.CachingOperationNameGenerator -
				Generating unique operation named: getUsingGET_394
2024-10-23 14:24:07 [restartedMain] INFO  s.d.s.w.r.o.CachingOperationNameGenerator -
				Generating unique operation named: getAllBankImportTransactionUsingGET_5
2024-10-23 14:24:07 [restartedMain] INFO  s.d.s.w.r.o.CachingOperationNameGenerator -
				Generating unique operation named: listAllUsingGET_324
2024-10-23 14:24:07 [restartedMain] INFO  s.d.s.w.r.o.CachingOperationNameGenerator -
				Generating unique operation named: postDataFromFileUsingPOST_3
2024-10-23 14:24:07 [restartedMain] INFO  s.d.s.w.r.o.CachingOperationNameGenerator -
				Generating unique operation named: saveBankImportTransactionUsingPOST_1
2024-10-23 14:24:07 [restartedMain] INFO  s.d.s.w.r.o.CachingOperationNameGenerator -
				Generating unique operation named: saveBankImportTransaction1UsingPOST_1
2024-10-23 14:24:07 [restartedMain] INFO  s.d.s.w.r.o.CachingOperationNameGenerator -
				Generating unique operation named: updateUsingPUT_352
2024-10-23 14:24:07 [restartedMain] INFO  s.d.s.w.r.o.CachingOperationNameGenerator -
				Generating unique operation named: updateBankDetailsDataUsingPUT_1
2024-10-23 14:24:07 [restartedMain] INFO  s.d.s.w.r.o.CachingOperationNameGenerator -
				Generating unique operation named: deleteUsingDELETE_272
2024-10-23 14:24:07 [restartedMain] INFO  s.d.s.w.r.o.CachingOperationNameGenerator -
				Generating unique operation named: delete1UsingDELETE_216
2024-10-23 14:24:07 [restartedMain] INFO  s.d.s.w.r.o.CachingOperationNameGenerator -
				Generating unique operation named: getUsingGET_395
2024-10-23 14:24:07 [restartedMain] INFO  s.d.s.w.r.o.CachingOperationNameGenerator -
				Generating unique operation named: listAllUsingGET_325
2024-10-23 14:24:07 [restartedMain] INFO  s.d.s.w.r.o.CachingOperationNameGenerator -
				Generating unique operation named: listAll1UsingGET_162
2024-10-23 14:24:07 [restartedMain] INFO  s.d.s.w.r.o.CachingOperationNameGenerator -
				Generating unique operation named: saveBoardUsingPOST_1
2024-10-23 14:24:07 [restartedMain] INFO  s.d.s.w.r.o.CachingOperationNameGenerator -
				Generating unique operation named: updateUsingPUT_353
2024-10-23 14:24:07 [restartedMain] INFO  s.d.s.w.r.o.CachingOperationNameGenerator -
				Generating unique operation named: deleteUsingDELETE_273
2024-10-23 14:24:07 [restartedMain] INFO  s.d.s.w.r.o.CachingOperationNameGenerator -
				Generating unique operation named: delete1UsingDELETE_217
2024-10-23 14:24:07 [restartedMain] INFO  s.d.s.w.r.o.CachingOperationNameGenerator -
				Generating unique operation named: getUsingGET_396
2024-10-23 14:24:07 [restartedMain] INFO  s.d.s.w.r.o.CachingOperationNameGenerator -
				Generating unique operation named: getBoardBySchoolUsingGET_1
2024-10-23 14:24:07 [restartedMain] INFO  s.d.s.w.r.o.CachingOperationNameGenerator -
				Generating unique operation named: getBoardSchoolUsingGET_1
2024-10-23 14:24:07 [restartedMain] INFO  s.d.s.w.r.o.CachingOperationNameGenerator -
				Generating unique operation named: listAllUsingGET_326
2024-10-23 14:24:07 [restartedMain] INFO  s.d.s.w.r.o.CachingOperationNameGenerator -
				Generating unique operation named: listAll1UsingGET_163
2024-10-23 14:24:07 [restartedMain] INFO  s.d.s.w.r.o.CachingOperationNameGenerator -
				Generating unique operation named: saveAcademicYearUsingPOST_12
2024-10-23 14:24:07 [restartedMain] INFO  s.d.s.w.r.o.CachingOperationNameGenerator -
				Generating unique operation named: updateUsingPUT_354
2024-10-23 14:24:07 [restartedMain] INFO  s.d.s.w.r.o.CachingOperationNameGenerator -
				Generating unique operation named: getUsingGET_397
2024-10-23 14:24:07 [restartedMain] INFO  s.d.s.w.r.o.CachingOperationNameGenerator -
				Generating unique operation named: listAllUsingGET_327
2024-10-23 14:24:07 [restartedMain] INFO  s.d.s.w.r.o.CachingOperationNameGenerator -
				Generating unique operation named: listAllUsingGET_328
2024-10-23 14:24:07 [restartedMain] INFO  s.d.s.w.r.o.CachingOperationNameGenerator -
				Generating unique operation named: listAll1UsingGET_164
2024-10-23 14:24:07 [restartedMain] INFO  s.d.s.w.r.o.CachingOperationNameGenerator -
				Generating unique operation named: saveCandidateCounsellorSwappingUsingPOST_1
2024-10-23 14:24:07 [restartedMain] INFO  s.d.s.w.r.o.CachingOperationNameGenerator -
				Generating unique operation named: deleteUsingDELETE_274
2024-10-23 14:24:07 [restartedMain] INFO  s.d.s.w.r.o.CachingOperationNameGenerator -
				Generating unique operation named: delete1UsingDELETE_218
2024-10-23 14:24:07 [restartedMain] INFO  s.d.s.w.r.o.CachingOperationNameGenerator -
				Generating unique operation named: fetchAllCandidateFollowUpUsingGET_1
2024-10-23 14:24:07 [restartedMain] INFO  s.d.s.w.r.o.CachingOperationNameGenerator -
				Generating unique operation named: fetchCandidateFollowUpDataUsingGET_1
2024-10-23 14:24:07 [restartedMain] INFO  s.d.s.w.r.o.CachingOperationNameGenerator -
				Generating unique operation named: getUsingGET_398
2024-10-23 14:24:07 [restartedMain] INFO  s.d.s.w.r.o.CachingOperationNameGenerator -
				Generating unique operation named: getDataUsingGET_1
2024-10-23 14:24:07 [restartedMain] INFO  s.d.s.w.r.o.CachingOperationNameGenerator -
				Generating unique operation named: listAllUsingGET_329
2024-10-23 14:24:07 [restartedMain] INFO  s.d.s.w.r.o.CachingOperationNameGenerator -
				Generating unique operation named: saveCandidateFollowUpUsingPOST_1
2024-10-23 14:24:07 [restartedMain] INFO  s.d.s.w.r.o.CachingOperationNameGenerator -
				Generating unique operation named: updateUsingPUT_355
2024-10-23 14:24:07 [restartedMain] INFO  s.d.s.w.r.o.CachingOperationNameGenerator -
				Generating unique operation named: fetchAllCandidateResultsUsingGET_1
2024-10-23 14:24:07 [restartedMain] INFO  s.d.s.w.r.o.CachingOperationNameGenerator -
				Generating unique operation named: getAllDataOfCandidateResultUsingGET_1
2024-10-23 14:24:07 [restartedMain] INFO  s.d.s.w.r.o.CachingOperationNameGenerator -
				Generating unique operation named: getCandidateResultsUsingPOST_1
2024-10-23 14:24:07 [restartedMain] INFO  s.d.s.w.r.o.CachingOperationNameGenerator -
				Generating unique operation named: getCountOfResultUsingGET_1
2024-10-23 14:24:07 [restartedMain] INFO  s.d.s.w.r.o.CachingOperationNameGenerator -
				Generating unique operation named: candidatePhotoAttachmentDetailsUsingGET_1
2024-10-23 14:24:07 [restartedMain] INFO  s.d.s.w.r.o.CachingOperationNameGenerator -
				Generating unique operation named: downloadFileUsingGET_22
2024-10-23 14:24:07 [restartedMain] INFO  s.d.s.w.r.o.CachingOperationNameGenerator -
				Generating unique operation named: getUsingGET_399
2024-10-23 14:24:07 [restartedMain] INFO  s.d.s.w.r.o.CachingOperationNameGenerator -
				Generating unique operation named: imageDownloadOfCandidateAttachmentUsingGET_1
2024-10-23 14:24:07 [restartedMain] INFO  s.d.s.w.r.o.CachingOperationNameGenerator -
				Generating unique operation named: uploadCandidateAttachmentUsingPOST_5
2024-10-23 14:24:07 [restartedMain] INFO  s.d.s.w.r.o.CachingOperationNameGenerator -
				Generating unique operation named: uploadCandidateAttachmentFromStudentProfileUsingPOST_1
2024-10-23 14:24:07 [restartedMain] INFO  s.d.s.w.r.o.CachingOperationNameGenerator -
				Generating unique operation named: Candidate_WalkinForLsqUsingPOST_1
2024-10-23 14:24:07 [restartedMain] INFO  s.d.s.w.r.o.CachingOperationNameGenerator -
				Generating unique operation named: deleteUsingDELETE_275
2024-10-23 14:24:07 [restartedMain] INFO  s.d.s.w.r.o.CachingOperationNameGenerator -
				Generating unique operation named: delete1UsingDELETE_219
2024-10-23 14:24:07 [restartedMain] INFO  s.d.s.w.r.o.CachingOperationNameGenerator -
				Generating unique operation named: emailForOfferUsingPOST_3
2024-10-23 14:24:07 [restartedMain] INFO  s.d.s.w.r.o.CachingOperationNameGenerator -
				Generating unique operation named: getUsingGET_400
2024-10-23 14:24:07 [restartedMain] INFO  s.d.s.w.r.o.CachingOperationNameGenerator -
				Generating unique operation named: getAllCandidateWalkinDataUsingGET_1
2024-10-23 14:24:07 [restartedMain] INFO  s.d.s.w.r.o.CachingOperationNameGenerator -
				Generating unique operation named: getAllCandidateWalkinData1UsingGET_1
2024-10-23 14:24:07 [restartedMain] INFO  s.d.s.w.r.o.CachingOperationNameGenerator -
				Generating unique operation named: getCandidateWalkinDataLsqUsingGET_1
2024-10-23 14:24:07 [restartedMain] INFO  s.d.s.w.r.o.CachingOperationNameGenerator -
				Generating unique operation named: listAllUsingGET_330
2024-10-23 14:24:07 [restartedMain] INFO  s.d.s.w.r.o.CachingOperationNameGenerator -
				Generating unique operation named: listAll1UsingGET_165
2024-10-23 14:24:07 [restartedMain] INFO  s.d.s.w.r.o.CachingOperationNameGenerator -
				Generating unique operation named: listAll2UsingGET_4
2024-10-23 14:24:07 [restartedMain] INFO  s.d.s.w.r.o.CachingOperationNameGenerator -
				Generating unique operation named: listAll6UsingGET_1
2024-10-23 14:24:07 [restartedMain] INFO  s.d.s.w.r.o.CachingOperationNameGenerator -
				Generating unique operation named: saveCandidateWalkinUsingPOST_2
2024-10-23 14:24:07 [restartedMain] INFO  s.d.s.w.r.o.CachingOperationNameGenerator -
				Generating unique operation named: saveCandidateWalkinUsingPOST_3
2024-10-23 14:24:07 [restartedMain] INFO  s.d.s.w.r.o.CachingOperationNameGenerator -
				Generating unique operation named: updateUsingPUT_356
2024-10-23 14:24:07 [restartedMain] INFO  s.d.s.w.r.o.CachingOperationNameGenerator -
				Generating unique operation named: updateUsingPUT_357
2024-10-23 14:24:07 [restartedMain] INFO  s.d.s.w.r.o.CachingOperationNameGenerator -
				Generating unique operation named: updateLeadStatusUsingPUT_1
2024-10-23 14:24:07 [restartedMain] INFO  s.d.s.w.r.o.CachingOperationNameGenerator -
				Generating unique operation named: deleteUsingDELETE_276
2024-10-23 14:24:07 [restartedMain] INFO  s.d.s.w.r.o.CachingOperationNameGenerator -
				Generating unique operation named: delete1UsingDELETE_220
2024-10-23 14:24:07 [restartedMain] INFO  s.d.s.w.r.o.CachingOperationNameGenerator -
				Generating unique operation named: getUsingGET_401
2024-10-23 14:24:07 [restartedMain] INFO  s.d.s.w.r.o.CachingOperationNameGenerator -
				Generating unique operation named: getAllCandidateWalkinDumpDataUsingGET_1
2024-10-23 14:24:07 [restartedMain] INFO  s.d.s.w.r.o.CachingOperationNameGenerator -
				Generating unique operation named: listAllUsingGET_331
2024-10-23 14:24:07 [restartedMain] INFO  s.d.s.w.r.o.CachingOperationNameGenerator -
				Generating unique operation named: saveCandidateWalkinDumpUsingPOST_1
2024-10-23 14:24:07 [restartedMain] INFO  s.d.s.w.r.o.CachingOperationNameGenerator -
				Generating unique operation named: updateUsingPUT_358
2024-10-23 14:24:07 [restartedMain] INFO  s.d.s.w.r.o.CachingOperationNameGenerator -
				Generating unique operation named: approveChangeOfCourseProgramRequestUsingPUT_1
2024-10-23 14:24:07 [restartedMain] INFO  s.d.s.w.r.o.CachingOperationNameGenerator -
				Generating unique operation named: changeOfCourseProgramUsingPOST_1
2024-10-23 14:24:07 [restartedMain] INFO  s.d.s.w.r.o.CachingOperationNameGenerator -
				Generating unique operation named: changeOfCourseProgramAttachmentDetailUsingGET_1
2024-10-23 14:24:07 [restartedMain] INFO  s.d.s.w.r.o.CachingOperationNameGenerator -
				Generating unique operation named: downloadFileUsingGET_23
2024-10-23 14:24:08 [restartedMain] INFO  s.d.s.w.r.o.CachingOperationNameGenerator -
				Generating unique operation named: initiatedChangeOfCourseProgramStudentDetailsUsingGET_1
2024-10-23 14:24:08 [restartedMain] INFO  s.d.s.w.r.o.CachingOperationNameGenerator -
				Generating unique operation named: uploadFileUsingPOST_51
2024-10-23 14:24:08 [restartedMain] INFO  s.d.s.w.r.o.CachingOperationNameGenerator -
				Generating unique operation named: activateUsingDELETE_118
2024-10-23 14:24:08 [restartedMain] INFO  s.d.s.w.r.o.CachingOperationNameGenerator -
				Generating unique operation named: deactivateUsingDELETE_118
2024-10-23 14:24:08 [restartedMain] INFO  s.d.s.w.r.o.CachingOperationNameGenerator -
				Generating unique operation named: getClassFeedbackAnswersUsingGET_1
2024-10-23 14:24:08 [restartedMain] INFO  s.d.s.w.r.o.CachingOperationNameGenerator -
				Generating unique operation named: listAllUsingGET_332
2024-10-23 14:24:08 [restartedMain] INFO  s.d.s.w.r.o.CachingOperationNameGenerator -
				Generating unique operation named: saveClassFeedbackAnswersUsingPOST_1
2024-10-23 14:24:08 [restartedMain] INFO  s.d.s.w.r.o.CachingOperationNameGenerator -
				Generating unique operation named: updateClassFeedbackAnswersUsingPUT_1
2024-10-23 14:24:08 [restartedMain] INFO  s.d.s.w.r.o.CachingOperationNameGenerator -
				Generating unique operation named: activateUsingDELETE_119
2024-10-23 14:24:08 [restartedMain] INFO  s.d.s.w.r.o.CachingOperationNameGenerator -
				Generating unique operation named: deactivateUsingDELETE_119
2024-10-23 14:24:08 [restartedMain] INFO  s.d.s.w.r.o.CachingOperationNameGenerator -
				Generating unique operation named: getUsingGET_402
2024-10-23 14:24:08 [restartedMain] INFO  s.d.s.w.r.o.CachingOperationNameGenerator -
				Generating unique operation named: getAllClassFeedbackQuestionsUsingGET_1
2024-10-23 14:24:08 [restartedMain] INFO  s.d.s.w.r.o.CachingOperationNameGenerator -
				Generating unique operation named: getClassFeedbackQuestionsUsingGET_1
2024-10-23 14:24:08 [restartedMain] INFO  s.d.s.w.r.o.CachingOperationNameGenerator -
				Generating unique operation named: listAllUsingGET_333
2024-10-23 14:24:08 [restartedMain] INFO  s.d.s.w.r.o.CachingOperationNameGenerator -
				Generating unique operation named: save_clsfeedbackqueUsingPOST_1
2024-10-23 14:24:08 [restartedMain] INFO  s.d.s.w.r.o.CachingOperationNameGenerator -
				Generating unique operation named: updateUsingPUT_359
2024-10-23 14:24:08 [restartedMain] INFO  s.d.s.w.r.o.CachingOperationNameGenerator -
				Generating unique operation named: getClickPaymentStatusUsingGET_1
2024-10-23 14:24:08 [restartedMain] INFO  s.d.s.w.r.o.CachingOperationNameGenerator -
				Generating unique operation named: saveResponseOfCompleteClickPaymentUsingPOST_1
2024-10-23 14:24:08 [restartedMain] INFO  s.d.s.w.r.o.CachingOperationNameGenerator -
				Generating unique operation named: saveResponseOfPrepareClickPaymentUsingPOST_1
2024-10-23 14:24:08 [restartedMain] INFO  s.d.s.w.r.o.CachingOperationNameGenerator -
				Generating unique operation named: startingOfPaymentUsingPOST_2
2024-10-23 14:24:08 [restartedMain] INFO  s.d.s.w.r.o.CachingOperationNameGenerator -
				Generating unique operation named: activateUsingDELETE_120
2024-10-23 14:24:08 [restartedMain] INFO  s.d.s.w.r.o.CachingOperationNameGenerator -
				Generating unique operation named: deactivateUsingDELETE_120
2024-10-23 14:24:08 [restartedMain] INFO  s.d.s.w.r.o.CachingOperationNameGenerator -
				Generating unique operation named: getUsingGET_403
2024-10-23 14:24:08 [restartedMain] INFO  s.d.s.w.r.o.CachingOperationNameGenerator -
				Generating unique operation named: getAllExamDetailsUsingGET_3
2024-10-23 14:24:08 [restartedMain] INFO  s.d.s.w.r.o.CachingOperationNameGenerator -
				Generating unique operation named: getExamCenterWithDateUsingGET_1
2024-10-23 14:24:08 [restartedMain] INFO  s.d.s.w.r.o.CachingOperationNameGenerator -
				Generating unique operation named: getExamDetailsForHallTicketGenerationUsingGET_1
2024-10-23 14:24:08 [restartedMain] INFO  s.d.s.w.r.o.CachingOperationNameGenerator -
				Generating unique operation named: listAllUsingGET_334
2024-10-23 14:24:08 [restartedMain] INFO  s.d.s.w.r.o.CachingOperationNameGenerator -
				Generating unique operation named: saveExamDetailsUsingPOST_1
2024-10-23 14:24:08 [restartedMain] INFO  s.d.s.w.r.o.CachingOperationNameGenerator -
				Generating unique operation named: updateUsingPUT_360
2024-10-23 14:24:08 [restartedMain] INFO  s.d.s.w.r.o.CachingOperationNameGenerator -
				Generating unique operation named: activateUsingDELETE_121
2024-10-23 14:24:08 [restartedMain] INFO  s.d.s.w.r.o.CachingOperationNameGenerator -
				Generating unique operation named: deactivateUsingDELETE_121
2024-10-23 14:24:08 [restartedMain] INFO  s.d.s.w.r.o.CachingOperationNameGenerator -
				Generating unique operation named: getUsingGET_404
2024-10-23 14:24:08 [restartedMain] INFO  s.d.s.w.r.o.CachingOperationNameGenerator -
				Generating unique operation named: getAdmitCardDetailUsingGET_1
2024-10-23 14:24:08 [restartedMain] INFO  s.d.s.w.r.o.CachingOperationNameGenerator -
				Generating unique operation named: getAllExamHallTicketUsingGET_1
2024-10-23 14:24:08 [restartedMain] INFO  s.d.s.w.r.o.CachingOperationNameGenerator -
				Generating unique operation named: getCandidateNameConcatWithApplicationNumberUsingGET_1
2024-10-23 14:24:08 [restartedMain] INFO  s.d.s.w.r.o.CachingOperationNameGenerator -
				Generating unique operation named: listAllUsingGET_335
2024-10-23 14:24:08 [restartedMain] INFO  s.d.s.w.r.o.CachingOperationNameGenerator -
				Generating unique operation named: saveExamHallTicketUsingPOST_1
2024-10-23 14:24:08 [restartedMain] INFO  s.d.s.w.r.o.CachingOperationNameGenerator -
				Generating unique operation named: updateUsingPUT_361
2024-10-23 14:24:08 [restartedMain] INFO  s.d.s.w.r.o.CachingOperationNameGenerator -
				Generating unique operation named: activateUsingDELETE_122
2024-10-23 14:24:08 [restartedMain] INFO  s.d.s.w.r.o.CachingOperationNameGenerator -
				Generating unique operation named: deactivateUsingDELETE_122
2024-10-23 14:24:08 [restartedMain] INFO  s.d.s.w.r.o.CachingOperationNameGenerator -
				Generating unique operation named: fetchAllExternalMarksAssignmentUsingGET_1
2024-10-23 14:24:08 [restartedMain] INFO  s.d.s.w.r.o.CachingOperationNameGenerator -
				Generating unique operation named: getUsingGET_405
2024-10-23 14:24:08 [restartedMain] INFO  s.d.s.w.r.o.CachingOperationNameGenerator -
				Generating unique operation named: getAllActiveExternalMarksAssignmentUsingGET_1
2024-10-23 14:24:08 [restartedMain] INFO  s.d.s.w.r.o.CachingOperationNameGenerator -
				Generating unique operation named: saveExternalMarksAssignmentUsingPOST_1
2024-10-23 14:24:08 [restartedMain] INFO  s.d.s.w.r.o.CachingOperationNameGenerator -
				Generating unique operation named: updateExternalMarksAssignmentUsingPUT_1
2024-10-23 14:24:08 [restartedMain] INFO  s.d.s.w.r.o.CachingOperationNameGenerator -
				Generating unique operation named: activateUsingDELETE_123
2024-10-23 14:24:08 [restartedMain] INFO  s.d.s.w.r.o.CachingOperationNameGenerator -
				Generating unique operation named: courseConcateWithNameUsingGET_1
2024-10-23 14:24:08 [restartedMain] INFO  s.d.s.w.r.o.CachingOperationNameGenerator -
				Generating unique operation named: deactivateUsingDELETE_123
2024-10-23 14:24:08 [restartedMain] INFO  s.d.s.w.r.o.CachingOperationNameGenerator -
				Generating unique operation named: fetchAllAdministrationEmailIdsDetailUsingGET_18
2024-10-23 14:24:08 [restartedMain] INFO  s.d.s.w.r.o.CachingOperationNameGenerator -
				Generating unique operation named: getUsingGET_406
2024-10-23 14:24:08 [restartedMain] INFO  s.d.s.w.r.o.CachingOperationNameGenerator -
				Generating unique operation named: getAllActiveExternalMarksUsingGET_1
2024-10-23 14:24:08 [restartedMain] INFO  s.d.s.w.r.o.CachingOperationNameGenerator -
				Generating unique operation named: saveExternalMarksUsingPOST_1
2024-10-23 14:24:08 [restartedMain] INFO  s.d.s.w.r.o.CachingOperationNameGenerator -
				Generating unique operation named: updateExternalMarksUsingPUT_1
2024-10-23 14:24:08 [restartedMain] INFO  s.d.s.w.r.o.CachingOperationNameGenerator -
				Generating unique operation named: deleteUsingDELETE_277
2024-10-23 14:24:08 [restartedMain] INFO  s.d.s.w.r.o.CachingOperationNameGenerator -
				Generating unique operation named: delete1UsingDELETE_221
2024-10-23 14:24:08 [restartedMain] INFO  s.d.s.w.r.o.CachingOperationNameGenerator -
				Generating unique operation named: getUsingGET_407
2024-10-23 14:24:08 [restartedMain] INFO  s.d.s.w.r.o.CachingOperationNameGenerator -
				Generating unique operation named: listAllUsingGET_336
2024-10-23 14:24:08 [restartedMain] INFO  s.d.s.w.r.o.CachingOperationNameGenerator -
				Generating unique operation named: listAll1UsingGET_166
2024-10-23 14:24:08 [restartedMain] INFO  s.d.s.w.r.o.CachingOperationNameGenerator -
				Generating unique operation named: saveFeeAdmissionCategoryUsingPOST_1
2024-10-23 14:24:08 [restartedMain] INFO  s.d.s.w.r.o.CachingOperationNameGenerator -
				Generating unique operation named: updateUsingPUT_362
2024-10-23 14:24:08 [restartedMain] INFO  s.d.s.w.r.o.CachingOperationNameGenerator -
				Generating unique operation named: deleteUsingDELETE_278
2024-10-23 14:24:08 [restartedMain] INFO  s.d.s.w.r.o.CachingOperationNameGenerator -
				Generating unique operation named: delete1UsingDELETE_222
2024-10-23 14:24:08 [restartedMain] INFO  s.d.s.w.r.o.CachingOperationNameGenerator -
				Generating unique operation named: getUsingGET_408
2024-10-23 14:24:08 [restartedMain] INFO  s.d.s.w.r.o.CachingOperationNameGenerator -
				Generating unique operation named: getFeeAdmissionByFeeAdmissionCategoryIdUsingGET_1
2024-10-23 14:24:08 [restartedMain] INFO  s.d.s.w.r.o.CachingOperationNameGenerator -
				Generating unique operation named: getFeeAdmissionSubCategoryUsingGET_1
2024-10-23 14:24:08 [restartedMain] INFO  s.d.s.w.r.o.CachingOperationNameGenerator -
				Generating unique operation named: listAllUsingGET_337
2024-10-23 14:24:08 [restartedMain] INFO  s.d.s.w.r.o.CachingOperationNameGenerator -
				Generating unique operation named: listAll1UsingGET_167
2024-10-23 14:24:08 [restartedMain] INFO  s.d.s.w.r.o.CachingOperationNameGenerator -
				Generating unique operation named: saveFeeAdmissionSubCategoryUsingPOST_1
2024-10-23 14:24:08 [restartedMain] INFO  s.d.s.w.r.o.CachingOperationNameGenerator -
				Generating unique operation named: updateUsingPUT_363
2024-10-23 14:24:08 [restartedMain] INFO  s.d.s.w.r.o.CachingOperationNameGenerator -
				Generating unique operation named: FeeHeadAmountRestrictionDetailByfeeHeadAmountRestrictionIdUsingGET_1
2024-10-23 14:24:08 [restartedMain] INFO  s.d.s.w.r.o.CachingOperationNameGenerator -
				Generating unique operation named: activateFeeHeadAmountRestrictionDetailUsingDELETE_1
2024-10-23 14:24:08 [restartedMain] INFO  s.d.s.w.r.o.CachingOperationNameGenerator -
				Generating unique operation named: deactivateFeeHeadAmountRestrictionDetailUsingDELETE_1
2024-10-23 14:24:08 [restartedMain] INFO  s.d.s.w.r.o.CachingOperationNameGenerator -
				Generating unique operation named: downloadFileUsingGET_24
2024-10-23 14:24:08 [restartedMain] INFO  s.d.s.w.r.o.CachingOperationNameGenerator -
				Generating unique operation named: feeHeadAmountRestrictionDetailsForPaymentUsingGET_1
2024-10-23 14:24:08 [restartedMain] INFO  s.d.s.w.r.o.CachingOperationNameGenerator -
				Generating unique operation named: feeHeadAmountRestrictionPaidDetailsUsingGET_1
2024-10-23 14:24:08 [restartedMain] INFO  s.d.s.w.r.o.CachingOperationNameGenerator -
				Generating unique operation named: fetchAllFeeHeadAmountRestrictionDetailsUsingGET_1
2024-10-23 14:24:08 [restartedMain] INFO  s.d.s.w.r.o.CachingOperationNameGenerator -
				Generating unique operation named: getActiveFeeHeadAmountRestrictionUsingGET_1
2024-10-23 14:24:08 [restartedMain] INFO  s.d.s.w.r.o.CachingOperationNameGenerator -
				Generating unique operation named: saveFeeHeadAmountRestrictionUsingPOST_1
2024-10-23 14:24:08 [restartedMain] INFO  s.d.s.w.r.o.CachingOperationNameGenerator -
				Generating unique operation named: updateFeeHeadAmountRestrictionDetailByfeeHeadAmountRestrictionIdUsingPUT_1
2024-10-23 14:24:08 [restartedMain] INFO  s.d.s.w.r.o.CachingOperationNameGenerator -
				Generating unique operation named: uploadFileUsingPOST_52
2024-10-23 14:24:08 [restartedMain] INFO  s.d.s.w.r.o.CachingOperationNameGenerator -
				Generating unique operation named: activateUsingDELETE_124
2024-10-23 14:24:08 [restartedMain] INFO  s.d.s.w.r.o.CachingOperationNameGenerator -
				Generating unique operation named: deactivateUsingDELETE_124
2024-10-23 14:24:08 [restartedMain] INFO  s.d.s.w.r.o.CachingOperationNameGenerator -
				Generating unique operation named: downloadFileUsingGET_25
2024-10-23 14:24:08 [restartedMain] INFO  s.d.s.w.r.o.CachingOperationNameGenerator -
				Generating unique operation named: getUsingGET_409
2024-10-23 14:24:08 [restartedMain] INFO  s.d.s.w.r.o.CachingOperationNameGenerator -
				Generating unique operation named: getAllRolesDetailsUsingGET_9
2024-10-23 14:24:08 [restartedMain] INFO  s.d.s.w.r.o.CachingOperationNameGenerator -
				Generating unique operation named: listAllUsingGET_338
2024-10-23 14:24:08 [restartedMain] INFO  s.d.s.w.r.o.CachingOperationNameGenerator -
				Generating unique operation named: saveForeignRegionalRegistrationOfficesDetailsUsingPOST_1
2024-10-23 14:24:08 [restartedMain] INFO  s.d.s.w.r.o.CachingOperationNameGenerator -
				Generating unique operation named: updateForeignRegionalRegistrationOfficesDetailsUsingPUT_1
2024-10-23 14:24:08 [restartedMain] INFO  s.d.s.w.r.o.CachingOperationNameGenerator -
				Generating unique operation named: uploadFileUsingPOST_53
2024-10-23 14:24:08 [restartedMain] INFO  s.d.s.w.r.o.CachingOperationNameGenerator -
				Generating unique operation named: deleteUsingDELETE_279
2024-10-23 14:24:08 [restartedMain] INFO  s.d.s.w.r.o.CachingOperationNameGenerator -
				Generating unique operation named: delete1UsingDELETE_223
2024-10-23 14:24:08 [restartedMain] INFO  s.d.s.w.r.o.CachingOperationNameGenerator -
				Generating unique operation named: getUsingGET_410
2024-10-23 14:24:08 [restartedMain] INFO  s.d.s.w.r.o.CachingOperationNameGenerator -
				Generating unique operation named: getActiveLeadAssignmentUsingGET_1
2024-10-23 14:24:08 [restartedMain] INFO  s.d.s.w.r.o.CachingOperationNameGenerator -
				Generating unique operation named: getLeadsAssignedToUserUsingGET_1
2024-10-23 14:24:08 [restartedMain] INFO  s.d.s.w.r.o.CachingOperationNameGenerator -
				Generating unique operation named: listAll1UsingGET_168
2024-10-23 14:24:08 [restartedMain] INFO  s.d.s.w.r.o.CachingOperationNameGenerator -
				Generating unique operation named: saveLeadAssignmentUsingPOST_1
2024-10-23 14:24:08 [restartedMain] INFO  s.d.s.w.r.o.CachingOperationNameGenerator -
				Generating unique operation named: updateUsingPUT_364
2024-10-23 14:24:08 [restartedMain] INFO  s.d.s.w.r.o.CachingOperationNameGenerator -
				Generating unique operation named: updateMultipleLeadAssignmentUsingPUT_1
2024-10-23 14:24:08 [restartedMain] INFO  s.d.s.w.r.o.CachingOperationNameGenerator -
				Generating unique operation named: deleteUsingDELETE_280
2024-10-23 14:24:08 [restartedMain] INFO  s.d.s.w.r.o.CachingOperationNameGenerator -
				Generating unique operation named: delete1UsingDELETE_224
2024-10-23 14:24:08 [restartedMain] INFO  s.d.s.w.r.o.CachingOperationNameGenerator -
				Generating unique operation named: getUsingGET_411
2024-10-23 14:24:08 [restartedMain] INFO  s.d.s.w.r.o.CachingOperationNameGenerator -
				Generating unique operation named: getAllPassedOutStatusDetailsUsingGET_1
2024-10-23 14:24:08 [restartedMain] INFO  s.d.s.w.r.o.CachingOperationNameGenerator -
				Generating unique operation named: listAllUsingGET_339
2024-10-23 14:24:08 [restartedMain] INFO  s.d.s.w.r.o.CachingOperationNameGenerator -
				Generating unique operation named: savePassedOutStatusUsingPOST_1
2024-10-23 14:24:08 [restartedMain] INFO  s.d.s.w.r.o.CachingOperationNameGenerator -
				Generating unique operation named: updateUsingPUT_365
2024-10-23 14:24:08 [restartedMain] INFO  s.d.s.w.r.o.CachingOperationNameGenerator -
				Generating unique operation named: getPaymentStatusUsingGET_1
2024-10-23 14:24:08 [restartedMain] INFO  s.d.s.w.r.o.CachingOperationNameGenerator -
				Generating unique operation named: saveResponseOFPaymeUsingPOST_1
2024-10-23 14:24:08 [restartedMain] INFO  s.d.s.w.r.o.CachingOperationNameGenerator -
				Generating unique operation named: startingOfPaymentUsingPOST_3
2024-10-23 14:24:08 [restartedMain] INFO  s.d.s.w.r.o.CachingOperationNameGenerator -
				Generating unique operation named: deleteUsingDELETE_281
2024-10-23 14:24:08 [restartedMain] INFO  s.d.s.w.r.o.CachingOperationNameGenerator -
				Generating unique operation named: getUsingGET_412
2024-10-23 14:24:08 [restartedMain] INFO  s.d.s.w.r.o.CachingOperationNameGenerator -
				Generating unique operation named: listAllUsingGET_340
2024-10-23 14:24:08 [restartedMain] INFO  s.d.s.w.r.o.CachingOperationNameGenerator -
				Generating unique operation named: savePGApplicableUsingPOST_1
2024-10-23 14:24:08 [restartedMain] INFO  s.d.s.w.r.o.CachingOperationNameGenerator -
				Generating unique operation named: updateUsingPUT_366
2024-10-23 14:24:08 [restartedMain] INFO  s.d.s.w.r.o.CachingOperationNameGenerator -
				Generating unique operation named: activatePreAdmissionProcessUsingDELETE_1
2024-10-23 14:24:08 [restartedMain] INFO  s.d.s.w.r.o.CachingOperationNameGenerator -
				Generating unique operation named: deactivatePreAdmissionProcessUsingDELETE_1
2024-10-23 14:24:08 [restartedMain] INFO  s.d.s.w.r.o.CachingOperationNameGenerator -
				Generating unique operation named: deleteUsingDELETE_282
2024-10-23 14:24:08 [restartedMain] INFO  s.d.s.w.r.o.CachingOperationNameGenerator -
				Generating unique operation named: findAllDetailUsingGET_1
2024-10-23 14:24:08 [restartedMain] INFO  s.d.s.w.r.o.CachingOperationNameGenerator -
				Generating unique operation named: findCandidateIdUsingGET_1
2024-10-23 14:24:08 [restartedMain] INFO  s.d.s.w.r.o.CachingOperationNameGenerator -
				Generating unique operation named: getUsingGET_413
2024-10-23 14:24:08 [restartedMain] INFO  s.d.s.w.r.o.CachingOperationNameGenerator -
				Generating unique operation named: getFeeDetailsUsingGET_1
2024-10-23 14:24:08 [restartedMain] INFO  s.d.s.w.r.o.CachingOperationNameGenerator -
				Generating unique operation named: listAllUsingGET_341
2024-10-23 14:24:08 [restartedMain] INFO  s.d.s.w.r.o.CachingOperationNameGenerator -
				Generating unique operation named: listAll2UsingGET_5
2024-10-23 14:24:08 [restartedMain] INFO  s.d.s.w.r.o.CachingOperationNameGenerator -
				Generating unique operation named: savePreAdmissionProcessUsingPOST_1
2024-10-23 14:24:08 [restartedMain] INFO  s.d.s.w.r.o.CachingOperationNameGenerator -
				Generating unique operation named: savePreAdmissionProcess1UsingPOST_1
2024-10-23 14:24:08 [restartedMain] INFO  s.d.s.w.r.o.CachingOperationNameGenerator -
				Generating unique operation named: updateUsingPUT_367
2024-10-23 14:24:08 [restartedMain] INFO  s.d.s.w.r.o.CachingOperationNameGenerator -
				Generating unique operation named: activateUsingDELETE_125
2024-10-23 14:24:08 [restartedMain] INFO  s.d.s.w.r.o.CachingOperationNameGenerator -
				Generating unique operation named: checkDuesUsingPOST_1
2024-10-23 14:24:08 [restartedMain] INFO  s.d.s.w.r.o.CachingOperationNameGenerator -
				Generating unique operation named: createReadmissionUsingPOST_1
2024-10-23 14:24:08 [restartedMain] INFO  s.d.s.w.r.o.CachingOperationNameGenerator -
				Generating unique operation named: deactivateUsingDELETE_125
2024-10-23 14:24:08 [restartedMain] INFO  s.d.s.w.r.o.CachingOperationNameGenerator -
				Generating unique operation named: fetchAllReadmissionUsingGET_1
2024-10-23 14:24:08 [restartedMain] INFO  s.d.s.w.r.o.CachingOperationNameGenerator -
				Generating unique operation named: getUsingGET_414
2024-10-23 14:24:08 [restartedMain] INFO  s.d.s.w.r.o.CachingOperationNameGenerator -
				Generating unique operation named: listAllUsingGET_342
2024-10-23 14:24:08 [restartedMain] INFO  s.d.s.w.r.o.CachingOperationNameGenerator -
				Generating unique operation named: updateUsingPUT_368
2024-10-23 14:24:08 [restartedMain] INFO  s.d.s.w.r.o.CachingOperationNameGenerator -
				Generating unique operation named: deleteUsingDELETE_283
2024-10-23 14:24:08 [restartedMain] INFO  s.d.s.w.r.o.CachingOperationNameGenerator -
				Generating unique operation named: delete1UsingDELETE_225
2024-10-23 14:24:08 [restartedMain] INFO  s.d.s.w.r.o.CachingOperationNameGenerator -
				Generating unique operation named: getUsingGET_415
2024-10-23 14:24:08 [restartedMain] INFO  s.d.s.w.r.o.CachingOperationNameGenerator -
				Generating unique operation named: listAllUsingGET_343
2024-10-23 14:24:08 [restartedMain] INFO  s.d.s.w.r.o.CachingOperationNameGenerator -
				Generating unique operation named: listAll1UsingGET_169
2024-10-23 14:24:08 [restartedMain] INFO  s.d.s.w.r.o.CachingOperationNameGenerator -
				Generating unique operation named: saveSlabDetailUsingPOST_6
2024-10-23 14:24:08 [restartedMain] INFO  s.d.s.w.r.o.CachingOperationNameGenerator -
				Generating unique operation named: updateUsingPUT_369
2024-10-23 14:24:08 [restartedMain] INFO  s.d.s.w.r.o.CachingOperationNameGenerator -
				Generating unique operation named: deleteUsingDELETE_284
2024-10-23 14:24:08 [restartedMain] INFO  s.d.s.w.r.o.CachingOperationNameGenerator -
				Generating unique operation named: fetchAllStudentDetailsWithNoStatusUsingGET_1
2024-10-23 14:24:08 [restartedMain] INFO  s.d.s.w.r.o.CachingOperationNameGenerator -
				Generating unique operation named: fetchAllStudentDetailssWithEligibleStatusUsingGET_1
2024-10-23 14:24:08 [restartedMain] INFO  s.d.s.w.r.o.CachingOperationNameGenerator -
				Generating unique operation named: fetchAllStudentDetailssWithNoStatusAndNotEligibleStatusUsingGET_1
2024-10-23 14:24:08 [restartedMain] INFO  s.d.s.w.r.o.CachingOperationNameGenerator -
				Generating unique operation named: getUsingGET_416
2024-10-23 14:24:08 [restartedMain] INFO  s.d.s.w.r.o.CachingOperationNameGenerator -
				Generating unique operation named: listAllUsingGET_344
2024-10-23 14:24:08 [restartedMain] INFO  s.d.s.w.r.o.CachingOperationNameGenerator -
				Generating unique operation named: reportingStudentByStudentIdUsingGET_1
2024-10-23 14:24:08 [restartedMain] INFO  s.d.s.w.r.o.CachingOperationNameGenerator -
				Generating unique operation named: saveReportingStudentsUsingPOST_1
2024-10-23 14:24:08 [restartedMain] INFO  s.d.s.w.r.o.CachingOperationNameGenerator -
				Generating unique operation named: updateUsingPUT_370
2024-10-23 14:24:08 [restartedMain] INFO  s.d.s.w.r.o.CachingOperationNameGenerator -
				Generating unique operation named: updationOfStudentReportingYearAndUsnUsingPUT_1
2024-10-23 14:24:08 [restartedMain] INFO  s.d.s.w.r.o.CachingOperationNameGenerator -
				Generating unique operation named: activateScholarshipapprovalstatusUsingDELETE_1
2024-10-23 14:24:08 [restartedMain] INFO  s.d.s.w.r.o.CachingOperationNameGenerator -
				Generating unique operation named: deactivatescholarshipapprovalstatusUsingDELETE_1
2024-10-23 14:24:08 [restartedMain] INFO  s.d.s.w.r.o.CachingOperationNameGenerator -
				Generating unique operation named: deleteUsingDELETE_285
2024-10-23 14:24:08 [restartedMain] INFO  s.d.s.w.r.o.CachingOperationNameGenerator -
				Generating unique operation named: getUsingGET_417
2024-10-23 14:24:08 [restartedMain] INFO  s.d.s.w.r.o.CachingOperationNameGenerator -
				Generating unique operation named: getDataForTestimonialsUsingGET_1
2024-10-23 14:24:08 [restartedMain] INFO  s.d.s.w.r.o.CachingOperationNameGenerator -
				Generating unique operation named: getIsApprovedDataForIndexUsingGET_1
2024-10-23 14:24:08 [restartedMain] INFO  s.d.s.w.r.o.CachingOperationNameGenerator -
				Generating unique operation named: getIsVerifiedDataForIndexUsingGET_1
2024-10-23 14:24:08 [restartedMain] INFO  s.d.s.w.r.o.CachingOperationNameGenerator -
				Generating unique operation named: getYearWiseDataByStudentIdUsingGET_1
2024-10-23 14:24:08 [restartedMain] INFO  s.d.s.w.r.o.CachingOperationNameGenerator -
				Generating unique operation named: listAllUsingGET_345
2024-10-23 14:24:08 [restartedMain] INFO  s.d.s.w.r.o.CachingOperationNameGenerator -
				Generating unique operation named: saveScholarshipapprovalstatusUsingPOST_2
2024-10-23 14:24:08 [restartedMain] INFO  s.d.s.w.r.o.CachingOperationNameGenerator -
				Generating unique operation named: updateUsingPUT_371
2024-10-23 14:24:08 [restartedMain] INFO  s.d.s.w.r.o.CachingOperationNameGenerator -
				Generating unique operation named: update1UsingPUT_5
2024-10-23 14:24:08 [restartedMain] INFO  s.d.s.w.r.o.CachingOperationNameGenerator -
				Generating unique operation named: update2UsingPUT_4
2024-10-23 14:24:08 [restartedMain] INFO  s.d.s.w.r.o.CachingOperationNameGenerator -
				Generating unique operation named: update2UsingPUT_5
2024-10-23 14:24:08 [restartedMain] INFO  s.d.s.w.r.o.CachingOperationNameGenerator -
				Generating unique operation named: getScholarshipApprovalStatusHistoryDataUsingGET_1
2024-10-23 14:24:08 [restartedMain] INFO  s.d.s.w.r.o.CachingOperationNameGenerator -
				Generating unique operation named: listAllUsingGET_346
2024-10-23 14:24:08 [restartedMain] INFO  s.d.s.w.r.o.CachingOperationNameGenerator -
				Generating unique operation named: saveScholarshipapprovalstatusUsingPOST_3
2024-10-23 14:24:08 [restartedMain] INFO  s.d.s.w.r.o.CachingOperationNameGenerator -
				Generating unique operation named: activateScholarshipAttachmentUsingDELETE_1
2024-10-23 14:24:08 [restartedMain] INFO  s.d.s.w.r.o.CachingOperationNameGenerator -
				Generating unique operation named: deactivateScholarshipAttachmentUsingDELETE_1
2024-10-23 14:24:08 [restartedMain] INFO  s.d.s.w.r.o.CachingOperationNameGenerator -
				Generating unique operation named: deleteUsingDELETE_286
2024-10-23 14:24:08 [restartedMain] INFO  s.d.s.w.r.o.CachingOperationNameGenerator -
				Generating unique operation named: getUsingGET_418
2024-10-23 14:24:08 [restartedMain] INFO  s.d.s.w.r.o.CachingOperationNameGenerator -
				Generating unique operation named: getAllDeptUsingGET_36
2024-10-23 14:24:08 [restartedMain] INFO  s.d.s.w.r.o.CachingOperationNameGenerator -
				Generating unique operation named: getDetailByCandidateIdUsingGET_1
2024-10-23 14:24:08 [restartedMain] INFO  s.d.s.w.r.o.CachingOperationNameGenerator -
				Generating unique operation named: saveCourseAssignmentUsingPOST_5
2024-10-23 14:24:08 [restartedMain] INFO  s.d.s.w.r.o.CachingOperationNameGenerator -
				Generating unique operation named: updateUsingPUT_372
2024-10-23 14:24:08 [restartedMain] INFO  s.d.s.w.r.o.CachingOperationNameGenerator -
				Generating unique operation named: update2UsingPUT_6
2024-10-23 14:24:08 [restartedMain] INFO  s.d.s.w.r.o.CachingOperationNameGenerator -
				Generating unique operation named: activateScholarshipUsingDELETE_1
2024-10-23 14:24:08 [restartedMain] INFO  s.d.s.w.r.o.CachingOperationNameGenerator -
				Generating unique operation named: checkForScholarshipAlreadyPresentOrNotUsingGET_1
2024-10-23 14:24:08 [restartedMain] INFO  s.d.s.w.r.o.CachingOperationNameGenerator -
				Generating unique operation named: deactivateScholarshipUsingDELETE_1
2024-10-23 14:24:08 [restartedMain] INFO  s.d.s.w.r.o.CachingOperationNameGenerator -
				Generating unique operation named: deleteUsingDELETE_287
2024-10-23 14:24:08 [restartedMain] INFO  s.d.s.w.r.o.CachingOperationNameGenerator -
				Generating unique operation named: fetchScholarshipDetailsForVerifiedUsingGET_1
2024-10-23 14:24:08 [restartedMain] INFO  s.d.s.w.r.o.CachingOperationNameGenerator -
				Generating unique operation named: getUsingGET_419
2024-10-23 14:24:08 [restartedMain] INFO  s.d.s.w.r.o.CachingOperationNameGenerator -
				Generating unique operation named: get1UsingGET_8
2024-10-23 14:24:08 [restartedMain] INFO  s.d.s.w.r.o.CachingOperationNameGenerator -
				Generating unique operation named: get2UsingGET_2
2024-10-23 14:24:08 [restartedMain] INFO  s.d.s.w.r.o.CachingOperationNameGenerator -
				Generating unique operation named: indexAfterVerificationUsingGET_1
2024-10-23 14:24:08 [restartedMain] INFO  s.d.s.w.r.o.CachingOperationNameGenerator -
				Generating unique operation named: indexForVerificationUsingGET_1
2024-10-23 14:24:08 [restartedMain] INFO  s.d.s.w.r.o.CachingOperationNameGenerator -
				Generating unique operation named: listAllUsingGET_347
2024-10-23 14:24:08 [restartedMain] INFO  s.d.s.w.r.o.CachingOperationNameGenerator -
				Generating unique operation named: saveAcademicYearUsingPOST_13
2024-10-23 14:24:08 [restartedMain] INFO  s.d.s.w.r.o.CachingOperationNameGenerator -
				Generating unique operation named: saveDirectScholarshipUsingPOST_1
2024-10-23 14:24:08 [restartedMain] INFO  s.d.s.w.r.o.CachingOperationNameGenerator -
				Generating unique operation named: updateUsingPUT_373
2024-10-23 14:24:08 [restartedMain] INFO  s.d.s.w.r.o.CachingOperationNameGenerator -
				Generating unique operation named: update2UsingPUT_7
2024-10-23 14:24:08 [restartedMain] INFO  s.d.s.w.r.o.CachingOperationNameGenerator -
				Generating unique operation named: activateScholarshipHeadWiseAmountDetailsUsingDELETE_2
2024-10-23 14:24:08 [restartedMain] INFO  s.d.s.w.r.o.CachingOperationNameGenerator -
				Generating unique operation named: deactivateScholarshipHeadWiseAmountDetailsUsingDELETE_2
2024-10-23 14:24:08 [restartedMain] INFO  s.d.s.w.r.o.CachingOperationNameGenerator -
				Generating unique operation named: saveScholarshipVocherHeadWiseAmountDetailsUsingPOST_2
2024-10-23 14:24:08 [restartedMain] INFO  s.d.s.w.r.o.CachingOperationNameGenerator -
				Generating unique operation named: scholarshipHeadWiseAmountDetailsOnScholarshipIdUsingGET_2
2024-10-23 14:24:08 [restartedMain] INFO  s.d.s.w.r.o.CachingOperationNameGenerator -
				Generating unique operation named: scholarshipHeadWiseAmountDetailsOnStudentIdUsingGET_1
2024-10-23 14:24:08 [restartedMain] INFO  s.d.s.w.r.o.CachingOperationNameGenerator -
				Generating unique operation named: scholarshipHeadWiseAmountDetailsOnVocherHeadNewIdUsingGET_2
2024-10-23 14:24:08 [restartedMain] INFO  s.d.s.w.r.o.CachingOperationNameGenerator -
				Generating unique operation named: updateUsingPUT_374
2024-10-23 14:24:08 [restartedMain] INFO  s.d.s.w.r.o.CachingOperationNameGenerator -
				Generating unique operation named: activateScholarshipHeadWiseAmountDetailsUsingDELETE_3
2024-10-23 14:24:08 [restartedMain] INFO  s.d.s.w.r.o.CachingOperationNameGenerator -
				Generating unique operation named: deactivateScholarshipHeadWiseAmountDetailsUsingDELETE_3
2024-10-23 14:24:08 [restartedMain] INFO  s.d.s.w.r.o.CachingOperationNameGenerator -
				Generating unique operation named: fetchAllCancelAdmissionsDetailUsingGET_2
2024-10-23 14:24:08 [restartedMain] INFO  s.d.s.w.r.o.CachingOperationNameGenerator -
				Generating unique operation named: saveScholarshipVocherHeadWiseAmountDetailsUsingPOST_3
2024-10-23 14:24:08 [restartedMain] INFO  s.d.s.w.r.o.CachingOperationNameGenerator -
				Generating unique operation named: scholarshipHeadWiseAmountDetailsOnScholarshipIdUsingGET_3
2024-10-23 14:24:08 [restartedMain] INFO  s.d.s.w.r.o.CachingOperationNameGenerator -
				Generating unique operation named: scholarshipHeadWiseAmountDetailsOnVocherHeadNewIdUsingGET_3
2024-10-23 14:24:08 [restartedMain] INFO  s.d.s.w.r.o.CachingOperationNameGenerator -
				Generating unique operation named: updateUsingPUT_375
2024-10-23 14:24:08 [restartedMain] INFO  s.d.s.w.r.o.CachingOperationNameGenerator -
				Generating unique operation named: deleteUsingDELETE_288
2024-10-23 14:24:08 [restartedMain] INFO  s.d.s.w.r.o.CachingOperationNameGenerator -
				Generating unique operation named: getUsingGET_420
2024-10-23 14:24:08 [restartedMain] INFO  s.d.s.w.r.o.CachingOperationNameGenerator -
				Generating unique operation named: listAllUsingGET_348
2024-10-23 14:24:08 [restartedMain] INFO  s.d.s.w.r.o.CachingOperationNameGenerator -
				Generating unique operation named: saveStdEntranceExamUsingPOST_1
2024-10-23 14:24:08 [restartedMain] INFO  s.d.s.w.r.o.CachingOperationNameGenerator -
				Generating unique operation named: updateUsingPUT_376
2024-10-23 14:24:08 [restartedMain] INFO  s.d.s.w.r.o.CachingOperationNameGenerator -
				Generating unique operation named: createMultipleStdReportingStudentsHistoryUsingPOST_1
2024-10-23 14:24:08 [restartedMain] INFO  s.d.s.w.r.o.CachingOperationNameGenerator -
				Generating unique operation named: deleteUsingDELETE_289
2024-10-23 14:24:08 [restartedMain] INFO  s.d.s.w.r.o.CachingOperationNameGenerator -
				Generating unique operation named: fetchProgramWithSpecializationBySchoolIdUsingGET_1
2024-10-23 14:24:08 [restartedMain] INFO  s.d.s.w.r.o.CachingOperationNameGenerator -
				Generating unique operation named: fetchReportingStudentsHistoryByStudentIdUsingGET_1
2024-10-23 14:24:08 [restartedMain] INFO  s.d.s.w.r.o.CachingOperationNameGenerator -
				Generating unique operation named: getUsingGET_421
2024-10-23 14:24:08 [restartedMain] INFO  s.d.s.w.r.o.CachingOperationNameGenerator -
				Generating unique operation named: getAllStdReportingStudentsHistoryUsingGET_1
2024-10-23 14:24:08 [restartedMain] INFO  s.d.s.w.r.o.CachingOperationNameGenerator -
				Generating unique operation named: getAllStudentDetailsForHistoryIndexUsingGET_1
2024-10-23 14:24:08 [restartedMain] INFO  s.d.s.w.r.o.CachingOperationNameGenerator -
				Generating unique operation named: getNumOfSemAndYearByProgram_IdAndSchool_IdUsingGET_1
2024-10-23 14:24:08 [restartedMain] INFO  s.d.s.w.r.o.CachingOperationNameGenerator -
				Generating unique operation named: saveCourseUsingPOST_7
2024-10-23 14:24:08 [restartedMain] INFO  s.d.s.w.r.o.CachingOperationNameGenerator -
				Generating unique operation named: updateUsingPUT_377
2024-10-23 14:24:08 [restartedMain] INFO  s.d.s.w.r.o.CachingOperationNameGenerator -
				Generating unique operation named: deleteUsingDELETE_290
2024-10-23 14:24:08 [restartedMain] INFO  s.d.s.w.r.o.CachingOperationNameGenerator -
				Generating unique operation named: getUsingGET_422
2024-10-23 14:24:08 [restartedMain] INFO  s.d.s.w.r.o.CachingOperationNameGenerator -
				Generating unique operation named: listAllUsingGET_349
2024-10-23 14:24:08 [restartedMain] INFO  s.d.s.w.r.o.CachingOperationNameGenerator -
				Generating unique operation named: saveStudentAttachmentsUsingPOST_1
2024-10-23 14:24:08 [restartedMain] INFO  s.d.s.w.r.o.CachingOperationNameGenerator -
				Generating unique operation named: updateUsingPUT_378
2024-10-23 14:24:08 [restartedMain] INFO  s.d.s.w.r.o.CachingOperationNameGenerator -
				Generating unique operation named: deleteUsingDELETE_291
2024-10-23 14:24:08 [restartedMain] INFO  s.d.s.w.r.o.CachingOperationNameGenerator -
				Generating unique operation named: delete1UsingDELETE_226
2024-10-23 14:24:08 [restartedMain] INFO  s.d.s.w.r.o.CachingOperationNameGenerator -
				Generating unique operation named: getUsingGET_423
2024-10-23 14:24:08 [restartedMain] INFO  s.d.s.w.r.o.CachingOperationNameGenerator -
				Generating unique operation named: getAssignedCoursesDetailsUsingGET_3
2024-10-23 14:24:08 [restartedMain] INFO  s.d.s.w.r.o.CachingOperationNameGenerator -
				Generating unique operation named: getAttendanceReportForStudentProfileByStudentIdUsingGET_1
2024-10-23 14:24:08 [restartedMain] INFO  s.d.s.w.r.o.CachingOperationNameGenerator -
				Generating unique operation named: getCheckPresentOrAbsentForFeedbackUsingGET_1
2024-10-23 14:24:08 [restartedMain] INFO  s.d.s.w.r.o.CachingOperationNameGenerator -
				Generating unique operation named: getDetailedStudentAttendanceReportSectionwiseUsingGET_1
2024-10-23 14:24:08 [restartedMain] INFO  s.d.s.w.r.o.CachingOperationNameGenerator -
				Generating unique operation named: getFacultiesForFeedbackUsingGET_1
2024-10-23 14:24:08 [restartedMain] INFO  s.d.s.w.r.o.CachingOperationNameGenerator -
				Generating unique operation named: getPresentAbsentDataUsingGET_1
2024-10-23 14:24:08 [restartedMain] INFO  s.d.s.w.r.o.CachingOperationNameGenerator -
				Generating unique operation named: listAllUsingGET_350
2024-10-23 14:24:08 [restartedMain] INFO  s.d.s.w.r.o.CachingOperationNameGenerator -
				Generating unique operation named: listAll1UsingGET_170
2024-10-23 14:24:08 [restartedMain] INFO  s.d.s.w.r.o.CachingOperationNameGenerator -
				Generating unique operation named: saveStudentAttendanceUsingPOST_1
2024-10-23 14:24:08 [restartedMain] INFO  s.d.s.w.r.o.CachingOperationNameGenerator -
				Generating unique operation named: studentAttendanceDetailsUsingGET_1
2024-10-23 14:24:08 [restartedMain] INFO  s.d.s.w.r.o.CachingOperationNameGenerator -
				Generating unique operation named: studentAttendanceDetailsForMobileAppUsingGET_1
2024-10-23 14:24:08 [restartedMain] INFO  s.d.s.w.r.o.CachingOperationNameGenerator -
				Generating unique operation named: studentAttendanceDetailsForReportUsingGET_1
2024-10-23 14:24:08 [restartedMain] INFO  s.d.s.w.r.o.CachingOperationNameGenerator -
				Generating unique operation named: studentAttendanceDetailsOfAllCourseForAbsentAndPresentUsingGET_1
2024-10-23 14:24:08 [restartedMain] INFO  s.d.s.w.r.o.CachingOperationNameGenerator -
				Generating unique operation named: studentAttendanceReportSectionwiseUsingGET_1
2024-10-23 14:24:08 [restartedMain] INFO  s.d.s.w.r.o.CachingOperationNameGenerator -
				Generating unique operation named: updateUsingPUT_379
2024-10-23 14:24:08 [restartedMain] INFO  s.d.s.w.r.o.CachingOperationNameGenerator -
				Generating unique operation named: activateUsingDELETE_126
2024-10-23 14:24:08 [restartedMain] INFO  s.d.s.w.r.o.CachingOperationNameGenerator -
				Generating unique operation named: deactivateUsingDELETE_126
2024-10-23 14:24:08 [restartedMain] INFO  s.d.s.w.r.o.CachingOperationNameGenerator -
				Generating unique operation named: generatePdfUsingGET_1
2024-10-23 14:24:08 [restartedMain] INFO  s.d.s.w.r.o.CachingOperationNameGenerator -
				Generating unique operation named: getUsingGET_424
2024-10-23 14:24:08 [restartedMain] INFO  s.d.s.w.r.o.CachingOperationNameGenerator -
				Generating unique operation named: getAllStudentBonafideUsingGET_1
2024-10-23 14:24:08 [restartedMain] INFO  s.d.s.w.r.o.CachingOperationNameGenerator -
				Generating unique operation named: getStudentBonafideDetailsUsingGET_1
2024-10-23 14:24:08 [restartedMain] INFO  s.d.s.w.r.o.CachingOperationNameGenerator -
				Generating unique operation named: list1UsingGET_1
2024-10-23 14:24:08 [restartedMain] INFO  s.d.s.w.r.o.CachingOperationNameGenerator -
				Generating unique operation named: listAllUsingGET_351
2024-10-23 14:24:08 [restartedMain] INFO  s.d.s.w.r.o.CachingOperationNameGenerator -
				Generating unique operation named: save_studentbonafideUsingPOST_1
2024-10-23 14:24:08 [restartedMain] INFO  s.d.s.w.r.o.CachingOperationNameGenerator -
				Generating unique operation named: studentBonafideAddOnDetailsUsingGET_1
2024-10-23 14:24:08 [restartedMain] INFO  s.d.s.w.r.o.CachingOperationNameGenerator -
				Generating unique operation named: studentBonafideDetailsDropDownUsingGET_1
2024-10-23 14:24:08 [restartedMain] INFO  s.d.s.w.r.o.CachingOperationNameGenerator -
				Generating unique operation named: updateUsingPUT_380
2024-10-23 14:24:08 [restartedMain] INFO  s.d.s.w.r.o.CachingOperationNameGenerator -
				Generating unique operation named: activateUsingDELETE_127
2024-10-23 14:24:08 [restartedMain] INFO  s.d.s.w.r.o.CachingOperationNameGenerator -
				Generating unique operation named: checkStudentClassFeedbackUsingGET_1
2024-10-23 14:24:08 [restartedMain] INFO  s.d.s.w.r.o.CachingOperationNameGenerator -
				Generating unique operation named: deactivateUsingDELETE_127
2024-10-23 14:24:08 [restartedMain] INFO  s.d.s.w.r.o.CachingOperationNameGenerator -
				Generating unique operation named: getStudentClassFeedbackUsingGET_1
2024-10-23 14:24:08 [restartedMain] INFO  s.d.s.w.r.o.CachingOperationNameGenerator -
				Generating unique operation named: listAllUsingGET_352
2024-10-23 14:24:08 [restartedMain] INFO  s.d.s.w.r.o.CachingOperationNameGenerator -
				Generating unique operation named: saveStudentClassFeedbackUsingPOST_1
2024-10-23 14:24:08 [restartedMain] INFO  s.d.s.w.r.o.CachingOperationNameGenerator -
				Generating unique operation named: updateStudentClassFeedbackUsingPUT_1
2024-10-23 14:24:08 [restartedMain] INFO  s.d.s.w.r.o.CachingOperationNameGenerator -
				Generating unique operation named: activateStudentPermissionUsingGET_1
2024-10-23 14:24:08 [restartedMain] INFO  s.d.s.w.r.o.CachingOperationNameGenerator -
				Generating unique operation named: activeStudentDetailsListUsingGET_1
2024-10-23 14:24:08 [restartedMain] INFO  s.d.s.w.r.o.CachingOperationNameGenerator -
				Generating unique operation named: auidNextUsingGET_1
2024-10-23 14:24:08 [restartedMain] INFO  s.d.s.w.r.o.CachingOperationNameGenerator -
				Generating unique operation named: branchWiseDueReportUsingGET_1
2024-10-23 14:24:08 [restartedMain] INFO  s.d.s.w.r.o.CachingOperationNameGenerator -
				Generating unique operation named: bulkPaymentUsingPOST_1
2024-10-23 14:24:08 [restartedMain] INFO  s.d.s.w.r.o.CachingOperationNameGenerator -
				Generating unique operation named: checkAuidIsAlreadyPresentOrNotUsingGET_1
2024-10-23 14:24:08 [restartedMain] INFO  s.d.s.w.r.o.CachingOperationNameGenerator -
				Generating unique operation named: checkPreferredNameForEmailUsingGET_1
2024-10-23 14:24:08 [restartedMain] INFO  s.d.s.w.r.o.CachingOperationNameGenerator -
				Generating unique operation named: deleteUsingDELETE_292
2024-10-23 14:24:08 [restartedMain] INFO  s.d.s.w.r.o.CachingOperationNameGenerator -
				Generating unique operation named: deleteStudentPermissionUsingDELETE_1
2024-10-23 14:24:08 [restartedMain] INFO  s.d.s.w.r.o.CachingOperationNameGenerator -
				Generating unique operation named: downloadImageFileUsingGET_6
2024-10-23 14:24:08 [restartedMain] INFO  s.d.s.w.r.o.CachingOperationNameGenerator -
				Generating unique operation named: examFeeUsingPOST_1
2024-10-23 14:24:08 [restartedMain] INFO  s.d.s.w.r.o.CachingOperationNameGenerator -
				Generating unique operation named: fetchAllAssignedStudentDetailForSectionAssignmentForUpdateUsingGET_1
2024-10-23 14:24:08 [restartedMain] INFO  s.d.s.w.r.o.CachingOperationNameGenerator -
				Generating unique operation named: fetchAllStudentDetailForStudentMarksUsingGET_1
2024-10-23 14:24:08 [restartedMain] INFO  s.d.s.w.r.o.CachingOperationNameGenerator -
				Generating unique operation named: fetchAllUnAssignedStudentDetailForSectionAssignmentFromIndexUsingGET_1
2024-10-23 14:24:08 [restartedMain] INFO  s.d.s.w.r.o.CachingOperationNameGenerator -
				Generating unique operation named: fetchSectionAssignDetailsUsingGET_1
2024-10-23 14:24:08 [restartedMain] INFO  s.d.s.w.r.o.CachingOperationNameGenerator -
				Generating unique operation named: fetchStudentDetailForSectionAssignmentUsingGET_2
2024-10-23 14:24:08 [restartedMain] INFO  s.d.s.w.r.o.CachingOperationNameGenerator -
				Generating unique operation named: fetchStudentDetailForSectionAssignmentUsingGET_3
2024-10-23 14:24:08 [restartedMain] INFO  s.d.s.w.r.o.CachingOperationNameGenerator -
				Generating unique operation named: getUsingGET_425
2024-10-23 14:24:08 [restartedMain] INFO  s.d.s.w.r.o.CachingOperationNameGenerator -
				Generating unique operation named: getAllStudentDetailsDataUsingGET_1
2024-10-23 14:24:08 [restartedMain] INFO  s.d.s.w.r.o.CachingOperationNameGenerator -
				Generating unique operation named: getAuidFilterCountUsingGET_1
2024-10-23 14:24:08 [restartedMain] INFO  s.d.s.w.r.o.CachingOperationNameGenerator -
				Generating unique operation named: getCandidateTransactionDetailsUsingGET_1
2024-10-23 14:24:08 [restartedMain] INFO  s.d.s.w.r.o.CachingOperationNameGenerator -
				Generating unique operation named: getCourseDetailDataUsingGET_1
2024-10-23 14:24:08 [restartedMain] INFO  s.d.s.w.r.o.CachingOperationNameGenerator -
				Generating unique operation named: getRegistrationFeeDetailsUsingGET_1
2024-10-23 14:24:08 [restartedMain] INFO  s.d.s.w.r.o.CachingOperationNameGenerator -
				Generating unique operation named: getStudentDetailUsingGET_1
2024-10-23 14:24:08 [restartedMain] INFO  s.d.s.w.r.o.CachingOperationNameGenerator -
				Generating unique operation named: getStudentDetailsBasedOnAuidAndStrudentIdUsingGET_1
2024-10-23 14:24:08 [restartedMain] INFO  s.d.s.w.r.o.CachingOperationNameGenerator -
				Generating unique operation named: getStudentDetailsDueIndexForNotReportedAndNotEligibleUsingGET_1
2024-10-23 14:24:08 [restartedMain] INFO  s.d.s.w.r.o.CachingOperationNameGenerator -
				Generating unique operation named: getStudentDetailsDueIndexForReportedAndEligibleUsingGET_1
2024-10-23 14:24:08 [restartedMain] INFO  s.d.s.w.r.o.CachingOperationNameGenerator -
				Generating unique operation named: getStudentDetailsForIdCardUsingGET_1
2024-10-23 14:24:08 [restartedMain] INFO  s.d.s.w.r.o.CachingOperationNameGenerator -
				Generating unique operation named: getStudentDetailsForPermissionUsingGET_1
2024-10-23 14:24:08 [restartedMain] INFO  s.d.s.w.r.o.CachingOperationNameGenerator -
				Generating unique operation named: getStudentDetailsForTransactionUsingGET_1
2024-10-23 14:24:08 [restartedMain] INFO  s.d.s.w.r.o.CachingOperationNameGenerator -
				Generating unique operation named: getStudentDueDetailsUsingGET_1
2024-10-23 14:24:08 [restartedMain] INFO  s.d.s.w.r.o.CachingOperationNameGenerator -
				Generating unique operation named: getStudentDuesUsingGET_1
2024-10-23 14:24:08 [restartedMain] INFO  s.d.s.w.r.o.CachingOperationNameGenerator -
				Generating unique operation named: getStudentFeeDetailsUsingGET_1
2024-10-23 14:24:08 [restartedMain] INFO  s.d.s.w.r.o.CachingOperationNameGenerator -
				Generating unique operation named: getStudentIndexUsingGET_5
2024-10-23 14:24:08 [restartedMain] INFO  s.d.s.w.r.o.CachingOperationNameGenerator -
				Generating unique operation named: getStudentIndexUsingGET_6
2024-10-23 14:24:08 [restartedMain] INFO  s.d.s.w.r.o.CachingOperationNameGenerator -
				Generating unique operation named: getStudentIndexUsingGET_7
2024-10-23 14:24:08 [restartedMain] INFO  s.d.s.w.r.o.CachingOperationNameGenerator -
				Generating unique operation named: getStudentIndexUsingGET_8
2024-10-23 14:24:08 [restartedMain] INFO  s.d.s.w.r.o.CachingOperationNameGenerator -
				Generating unique operation named: getStudentListWithTotalDuesUsingGET_1
2024-10-23 14:24:08 [restartedMain] INFO  s.d.s.w.r.o.CachingOperationNameGenerator -
				Generating unique operation named: getStudentListsUsingGET_1
2024-10-23 14:24:08 [restartedMain] INFO  s.d.s.w.r.o.CachingOperationNameGenerator -
				Generating unique operation named: getStudentPermissionListUsingGET_1
2024-10-23 14:24:08 [restartedMain] INFO  s.d.s.w.r.o.CachingOperationNameGenerator -
				Generating unique operation named: getStudentViewDetailsByAuidUsingGET_1
2024-10-23 14:24:08 [restartedMain] INFO  s.d.s.w.r.o.CachingOperationNameGenerator -
				Generating unique operation named: getSumOfAllByCategoryIdUsingGET_1
2024-10-23 14:24:08 [restartedMain] INFO  s.d.s.w.r.o.CachingOperationNameGenerator -
				Generating unique operation named: getTotalDueofStudentUsingGET_1
2024-10-23 14:24:08 [restartedMain] INFO  s.d.s.w.r.o.CachingOperationNameGenerator -
				Generating unique operation named: getTotalStudentAndFeeDueForProgramUsingGET_1
2024-10-23 14:24:08 [restartedMain] INFO  s.d.s.w.r.o.CachingOperationNameGenerator -
				Generating unique operation named: getTransactionDetailsUsingGET_1
2024-10-23 14:24:08 [restartedMain] INFO  s.d.s.w.r.o.CachingOperationNameGenerator -
				Generating unique operation named: inActiveStudentDetailsByAuidUsingGET_1
2024-10-23 14:24:08 [restartedMain] INFO  s.d.s.w.r.o.CachingOperationNameGenerator -
				Generating unique operation named: listAllUsingGET_353
2024-10-23 14:24:08 [restartedMain] INFO  s.d.s.w.r.o.CachingOperationNameGenerator -
				Generating unique operation named: paymentStatusUsingPOST_1
2024-10-23 14:24:08 [restartedMain] INFO  s.d.s.w.r.o.CachingOperationNameGenerator -
				Generating unique operation named: registrationFeeUsingPOST_1
2024-10-23 14:24:08 [restartedMain] INFO  s.d.s.w.r.o.CachingOperationNameGenerator -
				Generating unique operation named: registrationFeePaymentStatusUsingPOST_1
2024-10-23 14:24:08 [restartedMain] INFO  s.d.s.w.r.o.CachingOperationNameGenerator -
				Generating unique operation named: saveExamPermissionUsingPOST_1
2024-10-23 14:24:08 [restartedMain] INFO  s.d.s.w.r.o.CachingOperationNameGenerator -
				Generating unique operation named: saveSpotStudent_DetailsUsingPOST_1
2024-10-23 14:24:08 [restartedMain] INFO  s.d.s.w.r.o.CachingOperationNameGenerator -
				Generating unique operation named: saveStudentDetailsUsingPOST_1
2024-10-23 14:24:08 [restartedMain] INFO  s.d.s.w.r.o.CachingOperationNameGenerator -
				Generating unique operation named: saveStudentForPermissionUsingPOST_1
2024-10-23 14:24:08 [restartedMain] INFO  s.d.s.w.r.o.CachingOperationNameGenerator -
				Generating unique operation named: schoolWiseDueReportUsingGET_1
2024-10-23 14:24:08 [restartedMain] INFO  s.d.s.w.r.o.CachingOperationNameGenerator -
				Generating unique operation named: studenDetailsForIdCardUsingGET_1
2024-10-23 14:24:08 [restartedMain] INFO  s.d.s.w.r.o.CachingOperationNameGenerator -
				Generating unique operation named: studentDetailsByStudentIdsUsingGET_1
2024-10-23 14:24:08 [restartedMain] INFO  s.d.s.w.r.o.CachingOperationNameGenerator -
				Generating unique operation named: studentDetailsForChangeOFCourseUsingGET_1
2024-10-23 14:24:08 [restartedMain] INFO  s.d.s.w.r.o.CachingOperationNameGenerator -
				Generating unique operation named: studentDetailsForMobileAppUsingGET_1
2024-10-23 14:24:08 [restartedMain] INFO  s.d.s.w.r.o.CachingOperationNameGenerator -
				Generating unique operation named: studentDetailsImageCheckUsingPUT_1
2024-10-23 14:24:08 [restartedMain] INFO  s.d.s.w.r.o.CachingOperationNameGenerator -
				Generating unique operation named: studentDueReportTriggerUsingPOST_1
2024-10-23 14:24:08 [restartedMain] INFO  s.d.s.w.r.o.CachingOperationNameGenerator -
				Generating unique operation named: studentEmailExistorNotUsingGET_1
2024-10-23 14:24:08 [restartedMain] INFO  s.d.s.w.r.o.CachingOperationNameGenerator -
				Generating unique operation named: studentFeetemplateUsingGET_1
2024-10-23 14:24:08 [restartedMain] INFO  s.d.s.w.r.o.CachingOperationNameGenerator -
				Generating unique operation named: studentImageUploadFileFromPhpServerUsingPOST_1
2024-10-23 14:24:08 [restartedMain] INFO  s.d.s.w.r.o.CachingOperationNameGenerator -
				Generating unique operation named: studentNoDueStudentDetailsUsingGET_1
2024-10-23 14:24:08 [restartedMain] INFO  s.d.s.w.r.o.CachingOperationNameGenerator -
				Generating unique operation named: studentPermissionFileDownloadUsingGET_1
2024-10-23 14:24:08 [restartedMain] INFO  s.d.s.w.r.o.CachingOperationNameGenerator -
				Generating unique operation named: studentTransactionUsingPOST_1
2024-10-23 14:24:08 [restartedMain] INFO  s.d.s.w.r.o.CachingOperationNameGenerator -
				Generating unique operation named: studentWiseDueReportUsingGET_1
2024-10-23 14:24:08 [restartedMain] INFO  s.d.s.w.r.o.CachingOperationNameGenerator -
				Generating unique operation named: studentWiseDueReportByStudentIdUsingGET_1
2024-10-23 14:24:08 [restartedMain] INFO  s.d.s.w.r.o.CachingOperationNameGenerator -
				Generating unique operation named: triggerEmailWithPdfContentUsingPOST_1
2024-10-23 14:24:08 [restartedMain] INFO  s.d.s.w.r.o.CachingOperationNameGenerator -
				Generating unique operation named: uniformFeeUsingPOST_1
2024-10-23 14:24:08 [restartedMain] INFO  s.d.s.w.r.o.CachingOperationNameGenerator -
				Generating unique operation named: updateUsingPUT_381
2024-10-23 14:24:08 [restartedMain] INFO  s.d.s.w.r.o.CachingOperationNameGenerator -
				Generating unique operation named: updateProctorUsingDELETE_1
2024-10-23 14:24:08 [restartedMain] INFO  s.d.s.w.r.o.CachingOperationNameGenerator -
				Generating unique operation named: updateStudentForPermissionUsingPOST_1
2024-10-23 14:24:08 [restartedMain] INFO  s.d.s.w.r.o.CachingOperationNameGenerator -
				Generating unique operation named: updateUsnDetailsDataUsingPUT_1
2024-10-23 14:24:08 [restartedMain] INFO  s.d.s.w.r.o.CachingOperationNameGenerator -
				Generating unique operation named: uploadFileUsingPOST_54
2024-10-23 14:24:08 [restartedMain] INFO  s.d.s.w.r.o.CachingOperationNameGenerator -
				Generating unique operation named: uploadStudentPermissionFileUsingPOST_1
2024-10-23 14:24:08 [restartedMain] INFO  s.d.s.w.r.o.CachingOperationNameGenerator -
				Generating unique operation named: removeStudentDetailsFromBucketUsingDELETE_1
2024-10-23 14:24:08 [restartedMain] INFO  s.d.s.w.r.o.CachingOperationNameGenerator -
				Generating unique operation named: studentIdCardBucketUsingPOST_1
2024-10-23 14:24:08 [restartedMain] INFO  s.d.s.w.r.o.CachingOperationNameGenerator -
				Generating unique operation named: studentIdCardBucketDetailsUsingGET_1
2024-10-23 14:24:08 [restartedMain] INFO  s.d.s.w.r.o.CachingOperationNameGenerator -
				Generating unique operation named: studentDuplicateIdCardCreationWithHistoryUsingPOST_1
2024-10-23 14:24:08 [restartedMain] INFO  s.d.s.w.r.o.CachingOperationNameGenerator -
				Generating unique operation named: studentIdCardCreationWithHistoryUsingPOST_1
2024-10-23 14:24:08 [restartedMain] INFO  s.d.s.w.r.o.CachingOperationNameGenerator -
				Generating unique operation named: studentIdCardHistoryDetailsUsingGET_1
2024-10-23 14:24:08 [restartedMain] INFO  s.d.s.w.r.o.CachingOperationNameGenerator -
				Generating unique operation named: coursecodeConcateWithNameUsingGET_1
2024-10-23 14:24:08 [restartedMain] INFO  s.d.s.w.r.o.CachingOperationNameGenerator -
				Generating unique operation named: createExternalStudentMarkUsingPOST_1
2024-10-23 14:24:08 [restartedMain] INFO  s.d.s.w.r.o.CachingOperationNameGenerator -
				Generating unique operation named: deleteUsingDELETE_293
2024-10-23 14:24:08 [restartedMain] INFO  s.d.s.w.r.o.CachingOperationNameGenerator -
				Generating unique operation named: delete1UsingDELETE_227
2024-10-23 14:24:08 [restartedMain] INFO  s.d.s.w.r.o.CachingOperationNameGenerator -
				Generating unique operation named: fetchAllExternalStudentMarksDetailUsingGET_1
2024-10-23 14:24:08 [restartedMain] INFO  s.d.s.w.r.o.CachingOperationNameGenerator -
				Generating unique operation named: getUsingGET_426
2024-10-23 14:24:08 [restartedMain] INFO  s.d.s.w.r.o.CachingOperationNameGenerator -
				Generating unique operation named: getAllActiveInternalUsingGET_1
2024-10-23 14:24:08 [restartedMain] INFO  s.d.s.w.r.o.CachingOperationNameGenerator -
				Generating unique operation named: getCourseAssignmentDetailsUsingGET_1
2024-10-23 14:24:08 [restartedMain] INFO  s.d.s.w.r.o.CachingOperationNameGenerator -
				Generating unique operation named: getGraphicalScorecardDataUsingGET_1
2024-10-23 14:24:08 [restartedMain] INFO  s.d.s.w.r.o.CachingOperationNameGenerator -
				Generating unique operation named: getInternalDetailsDataUsingGET_1
2024-10-23 14:24:08 [restartedMain] INFO  s.d.s.w.r.o.CachingOperationNameGenerator -
				Generating unique operation named: getScorecardDataUsingGET_1
2024-10-23 14:24:08 [restartedMain] INFO  s.d.s.w.r.o.CachingOperationNameGenerator -
				Generating unique operation named: getScorecardDataOnInternalUsingGET_1
2024-10-23 14:24:08 [restartedMain] INFO  s.d.s.w.r.o.CachingOperationNameGenerator -
				Generating unique operation named: getStudentMarkDetailsUsingGET_1
2024-10-23 14:24:08 [restartedMain] INFO  s.d.s.w.r.o.CachingOperationNameGenerator -
				Generating unique operation named: getStudentMarkDetailsBasedOnProctorUsingGET_1
2024-10-23 14:24:08 [restartedMain] INFO  s.d.s.w.r.o.CachingOperationNameGenerator -
				Generating unique operation named: listAllUsingGET_354
2024-10-23 14:24:08 [restartedMain] INFO  s.d.s.w.r.o.CachingOperationNameGenerator -
				Generating unique operation named: listAll1UsingGET_171
2024-10-23 14:24:08 [restartedMain] INFO  s.d.s.w.r.o.CachingOperationNameGenerator -
				Generating unique operation named: saveStudentMarkUsingPOST_1
2024-10-23 14:24:08 [restartedMain] INFO  s.d.s.w.r.o.CachingOperationNameGenerator -
				Generating unique operation named: updateUsingPUT_382
2024-10-23 14:24:08 [restartedMain] INFO  s.d.s.w.r.o.CachingOperationNameGenerator -
				Generating unique operation named: activateUsingDELETE_128
2024-10-23 14:24:08 [restartedMain] INFO  s.d.s.w.r.o.CachingOperationNameGenerator -
				Generating unique operation named: deactivateUsingDELETE_128
2024-10-23 14:24:08 [restartedMain] INFO  s.d.s.w.r.o.CachingOperationNameGenerator -
				Generating unique operation named: fetchAllAdministrationEmailIdsDetailUsingGET_19
2024-10-23 14:24:08 [restartedMain] INFO  s.d.s.w.r.o.CachingOperationNameGenerator -
				Generating unique operation named: getUsingGET_427
2024-10-23 14:24:08 [restartedMain] INFO  s.d.s.w.r.o.CachingOperationNameGenerator -
				Generating unique operation named: getAllActiveStudentNoDueUsingGET_1
2024-10-23 14:24:08 [restartedMain] INFO  s.d.s.w.r.o.CachingOperationNameGenerator -
				Generating unique operation named: saveStudentNoDueUsingPOST_1
2024-10-23 14:24:08 [restartedMain] INFO  s.d.s.w.r.o.CachingOperationNameGenerator -
				Generating unique operation named: updateStudentNoDueUsingPUT_1
2024-10-23 14:24:08 [restartedMain] INFO  s.d.s.w.r.o.CachingOperationNameGenerator -
				Generating unique operation named: uploadFileUsingPOST_55
2024-10-23 14:24:08 [restartedMain] INFO  s.d.s.w.r.o.CachingOperationNameGenerator -
				Generating unique operation named: viewFilesUsingGET_48
2024-10-23 14:24:08 [restartedMain] INFO  s.d.s.w.r.o.CachingOperationNameGenerator -
				Generating unique operation named: activeStudentOfferAcceptanceDetailsUsingGET_1
2024-10-23 14:24:08 [restartedMain] INFO  s.d.s.w.r.o.CachingOperationNameGenerator -
				Generating unique operation named: saveStudentOfferAcceptanceUsingPOST_1
2024-10-23 14:24:08 [restartedMain] INFO  s.d.s.w.r.o.CachingOperationNameGenerator -
				Generating unique operation named: deleteUsingDELETE_294
2024-10-23 14:24:08 [restartedMain] INFO  s.d.s.w.r.o.CachingOperationNameGenerator -
				Generating unique operation named: getUsingGET_428
2024-10-23 14:24:08 [restartedMain] INFO  s.d.s.w.r.o.CachingOperationNameGenerator -
				Generating unique operation named: get3UsingGET_1
2024-10-23 14:24:08 [restartedMain] INFO  s.d.s.w.r.o.CachingOperationNameGenerator -
				Generating unique operation named: getAllStudentTranscriptDetailsUsingGET_1
2024-10-23 14:24:08 [restartedMain] INFO  s.d.s.w.r.o.CachingOperationNameGenerator -
				Generating unique operation named: saveLedgerUsingPOST_3
2024-10-23 14:24:08 [restartedMain] INFO  s.d.s.w.r.o.CachingOperationNameGenerator -
				Generating unique operation named: updateUsingPUT_383
2024-10-23 14:24:08 [restartedMain] INFO  s.d.s.w.r.o.CachingOperationNameGenerator -
				Generating unique operation named: delete1UsingDELETE_228
2024-10-23 14:24:08 [restartedMain] INFO  s.d.s.w.r.o.CachingOperationNameGenerator -
				Generating unique operation named: delete2UsingDELETE_9
2024-10-23 14:24:08 [restartedMain] INFO  s.d.s.w.r.o.CachingOperationNameGenerator -
				Generating unique operation named: fetchTutionFeeWaiverForEditUsingGET_1
2024-10-23 14:24:08 [restartedMain] INFO  s.d.s.w.r.o.CachingOperationNameGenerator -
				Generating unique operation named: getTutionFeeActiveDetailsUsingGET_1
2024-10-23 14:24:08 [restartedMain] INFO  s.d.s.w.r.o.CachingOperationNameGenerator -
				Generating unique operation named: getTutionFeeAllDetailsUsingGET_1
2024-10-23 14:24:08 [restartedMain] INFO  s.d.s.w.r.o.CachingOperationNameGenerator -
				Generating unique operation named: getTutionFeeDetailsByIdUsingGET_1
2024-10-23 14:24:08 [restartedMain] INFO  s.d.s.w.r.o.CachingOperationNameGenerator -
				Generating unique operation named: getTutionFeeDetailsByStudentIdUsingGET_1
2024-10-23 14:24:08 [restartedMain] INFO  s.d.s.w.r.o.CachingOperationNameGenerator -
				Generating unique operation named: saveTutionFeeWaiverUsingPOST_1
2024-10-23 14:24:08 [restartedMain] INFO  s.d.s.w.r.o.CachingOperationNameGenerator -
				Generating unique operation named: updateTutionFeeWaiverUsingPUT_1
2024-10-23 14:24:08 [restartedMain] INFO  s.d.s.w.r.o.CachingOperationNameGenerator -
				Generating unique operation named: activeTutionFeeWaiverReportDetailsUsingGET_1
2024-10-23 14:24:08 [restartedMain] INFO  s.d.s.w.r.o.CachingOperationNameGenerator -
				Generating unique operation named: delete1UsingDELETE_229
2024-10-23 14:24:08 [restartedMain] INFO  s.d.s.w.r.o.CachingOperationNameGenerator -
				Generating unique operation named: delete2UsingDELETE_10
2024-10-23 14:24:08 [restartedMain] INFO  s.d.s.w.r.o.CachingOperationNameGenerator -
				Generating unique operation named: fetchAllTutionFeeWaiverReportDetailsUsingGET_1
2024-10-23 14:24:08 [restartedMain] INFO  s.d.s.w.r.o.CachingOperationNameGenerator -
				Generating unique operation named: getTutionFeeWaiverReportDetailByIdUsingGET_1
2024-10-23 14:24:08 [restartedMain] INFO  s.d.s.w.r.o.CachingOperationNameGenerator -
				Generating unique operation named: getTutionFeeWaiverReportDetailByTutionFeeWaiverIdUsingGET_1
2024-10-23 14:24:08 [restartedMain] INFO  s.d.s.w.r.o.CachingOperationNameGenerator -
				Generating unique operation named: saveTutionFeeWaiverReportUsingPOST_1
2024-10-23 14:24:08 [restartedMain] INFO  s.d.s.w.r.o.CachingOperationNameGenerator -
				Generating unique operation named: updateTutionFeeWaiverReportDetailsUsingPUT_1
2024-10-23 14:24:08 [restartedMain] INFO  s.d.s.w.r.o.CachingOperationNameGenerator -
				Generating unique operation named: updateTutionFeeWaiverSubAmountUsingPUT_1
2024-10-23 14:24:08 [restartedMain] INFO  com.au.AcharyaUniversityApplication -
				Started AcharyaUniversityApplication in 89.79 seconds (JVM running for 1432.013)
2024-10-23 14:24:08 [restartedMain] INFO  o.s.b.d.a.ConditionEvaluationDeltaLoggingListener -
				Condition evaluation unchanged
2024-10-23 15:01:15 [http-nio-8080-exec-2] INFO  o.a.c.c.C.[Tomcat].[localhost].[/] -
				Initializing Spring DispatcherServlet 'dispatcherServlet'
2024-10-23 15:01:15 [http-nio-8080-exec-2] INFO  o.s.web.servlet.DispatcherServlet -
				Initializing Servlet 'dispatcherServlet'
2024-10-23 15:01:15 [http-nio-8080-exec-2] INFO  o.s.web.servlet.DispatcherServlet -
				Completed initialization in 7 ms
2024-10-23 15:01:15 [http-nio-8080-exec-2] WARN  com.au.config.JwtRequestFilter -
				JWT Token does not begin with Bearer String
2024-10-23 15:01:21 [http-nio-8080-exec-3] WARN  com.au.config.JwtRequestFilter -
				JWT Token does not begin with Bearer String
2024-10-23 15:23:39 [http-nio-8080-exec-6] WARN  com.au.config.JwtRequestFilter -
				JWT Token does not begin with Bearer String
2024-10-23 16:21:12 [RMI TCP Connection(176)-127.0.0.1] INFO  o.s.b.a.SpringApplicationAdminMXBeanRegistrar$SpringApplicationAdmin -
				Application shutdown requested.
2024-10-23 16:21:12 [RMI TCP Connection(176)-127.0.0.1] INFO  o.s.s.c.ThreadPoolTaskScheduler -
				Shutting down ExecutorService 'taskScheduler'
2024-10-23 16:21:12 [RMI TCP Connection(176)-127.0.0.1] INFO  o.s.s.c.ThreadPoolTaskExecutor -
				Shutting down ExecutorService 'applicationTaskExecutor'
2024-10-23 16:21:13 [RMI TCP Connection(176)-127.0.0.1] INFO  o.s.o.j.LocalContainerEntityManagerFactoryBean -
				Closing JPA EntityManagerFactory for persistence unit 'default'
