2025-02-19 00:35:57 [background-preinit] INFO  o.h.validator.internal.util.Version -
				HV000001: Hibernate Validator 6.1.7.Final
2025-02-19 00:35:57 [restartedMain] INFO  com.au.AcharyaUniversityApplication -
				Starting AcharyaUniversityApplication using Java 17.0.13 on DESKTOP-KDF43MI with PID 3468 (F:\H Drive\Acharya Project\au\Acharya_University\target\classes started by Admin in F:\H Drive\Acharya Project\au\Acharya_University)
2025-02-19 00:35:57 [restartedMain] INFO  com.au.AcharyaUniversityApplication -
				No active profile set, falling back to default profiles: default
2025-02-19 00:35:57 [restartedMain] INFO  o.s.b.d.e.DevToolsPropertyDefaultsPostProcessor -
				Devtools property defaults active! Set 'spring.devtools.add-properties' to 'false' to disable
2025-02-19 00:35:57 [restartedMain] INFO  o.s.b.d.e.DevToolsPropertyDefaultsPostProcessor -
				For additional web related logging consider setting the 'logging.level.web' property to 'DEBUG'
2025-02-19 00:36:06 [restartedMain] INFO  o.s.d.r.c.RepositoryConfigurationDelegate -
				Bootstrapping Spring Data JPA repositories in DEFAULT mode.
2025-02-19 00:36:10 [restartedMain] INFO  o.s.d.r.c.RepositoryConfigurationDelegate -
				Finished Spring Data repository scanning in 3175 ms. Found 399 JPA repository interfaces.
2025-02-19 00:36:11 [restartedMain] INFO  o.s.c.s.PostProcessorRegistrationDelegate$BeanPostProcessorChecker -
				Bean 'org.springframework.security.access.expression.method.DefaultMethodSecurityExpressionHandler@150ce28c' of type [org.springframework.security.access.expression.method.DefaultMethodSecurityExpressionHandler] is not eligible for getting processed by all BeanPostProcessors (for example: not eligible for auto-proxying)
2025-02-19 00:36:11 [restartedMain] INFO  o.s.c.s.PostProcessorRegistrationDelegate$BeanPostProcessorChecker -
				Bean 'methodSecurityMetadataSource' of type [org.springframework.security.access.method.DelegatingMethodSecurityMetadataSource] is not eligible for getting processed by all BeanPostProcessors (for example: not eligible for auto-proxying)
2025-02-19 00:36:13 [restartedMain] INFO  o.s.b.w.e.tomcat.TomcatWebServer -
				Tomcat initialized with port(s): 8080 (http)
2025-02-19 00:36:13 [restartedMain] INFO  o.a.coyote.http11.Http11NioProtocol -
				Initializing ProtocolHandler ["http-nio-8080"]
2025-02-19 00:36:13 [restartedMain] INFO  o.a.catalina.core.StandardService -
				Starting service [Tomcat]
2025-02-19 00:36:13 [restartedMain] INFO  o.a.catalina.core.StandardEngine -
				Starting Servlet engine: [Apache Tomcat/9.0.41]
2025-02-19 00:36:14 [restartedMain] INFO  o.a.c.c.C.[Tomcat].[localhost].[/] -
				Initializing Spring embedded WebApplicationContext
2025-02-19 00:36:14 [restartedMain] INFO  o.s.b.w.s.c.ServletWebServerApplicationContext -
				Root WebApplicationContext: initialization completed in 16588 ms
2025-02-19 00:36:15 [restartedMain] INFO  o.h.jpa.internal.util.LogHelper -
				HHH000204: Processing PersistenceUnitInfo [name: default]
2025-02-19 00:36:15 [restartedMain] INFO  org.hibernate.Version -
				HHH000412: Hibernate ORM core version 5.4.27.Final
2025-02-19 00:36:16 [restartedMain] INFO  o.h.annotations.common.Version -
				HCANN000001: Hibernate Commons Annotations {5.1.2.Final}
2025-02-19 00:36:18 [restartedMain] INFO  org.hibernate.dialect.Dialect -
				HHH000400: Using dialect: org.hibernate.dialect.MySQL8Dialect
2025-02-19 00:36:32 [restartedMain] INFO  o.h.e.t.j.p.i.JtaPlatformInitiator -
				HHH000490: Using JtaPlatform implementation: [org.hibernate.engine.transaction.jta.platform.internal.NoJtaPlatform]
2025-02-19 00:36:32 [restartedMain] INFO  o.s.o.j.LocalContainerEntityManagerFactoryBean -
				Initialized JPA EntityManagerFactory for persistence unit 'default'
2025-02-19 00:36:39 [restartedMain] INFO  o.s.b.d.a.OptionalLiveReloadServer -
				LiveReload server is running on port 35729
2025-02-19 00:36:39 [restartedMain] WARN  o.s.b.a.o.j.JpaBaseConfiguration$JpaWebConfiguration -
				spring.jpa.open-in-view is enabled by default. Therefore, database queries may be performed during view rendering. Explicitly configure spring.jpa.open-in-view to disable this warning
2025-02-19 00:37:06 [restartedMain] INFO  o.s.s.c.ThreadPoolTaskExecutor -
				Initializing ExecutorService 'applicationTaskExecutor'
2025-02-19 00:37:08 [restartedMain] INFO  o.s.s.web.DefaultSecurityFilterChain -
				Will secure Ant [pattern='/UserCreation'] with []
2025-02-19 00:37:08 [restartedMain] INFO  o.s.s.web.DefaultSecurityFilterChain -
				Will secure Ant [pattern='/api/employee/fetchAllJobProfileDetails'] with []
2025-02-19 00:37:08 [restartedMain] INFO  o.s.s.web.DefaultSecurityFilterChain -
				Will secure Ant [pattern='/api/employee/JobProfile'] with []
2025-02-19 00:37:08 [restartedMain] INFO  o.s.s.web.DefaultSecurityFilterChain -
				Will secure Ant [pattern='/api/employee/higherEducationUploadFile'] with []
2025-02-19 00:37:08 [restartedMain] INFO  o.s.s.web.DefaultSecurityFilterChain -
				Will secure Ant [pattern='/api/employee/phdDetails'] with []
2025-02-19 00:37:08 [restartedMain] INFO  o.s.s.web.DefaultSecurityFilterChain -
				Will secure Ant [pattern='/api/employee/JobProfileReferenceNo/{job_id}'] with []
2025-02-19 00:37:08 [restartedMain] INFO  o.s.s.web.DefaultSecurityFilterChain -
				Will secure Ant [pattern='/api/academic/academic_year'] with []
2025-02-19 00:37:08 [restartedMain] INFO  o.s.s.web.DefaultSecurityFilterChain -
				Will secure Ant [pattern='/api/institute/school'] with []
2025-02-19 00:37:08 [restartedMain] INFO  o.s.s.web.DefaultSecurityFilterChain -
				Will secure Ant [pattern='/api/academic/FetchProgramSpecialization/{school_id}/{program_id}'] with []
2025-02-19 00:37:08 [restartedMain] INFO  o.s.s.web.DefaultSecurityFilterChain -
				Will secure Ant [pattern='/api/academic/fetchAllProgramsWithProgramType/{school_id}'] with []
2025-02-19 00:37:08 [restartedMain] INFO  o.s.s.web.DefaultSecurityFilterChain -
				Will secure Ant [pattern='/api/employee/uploadEducationDetailsAttachment'] with []
2025-02-19 00:37:08 [restartedMain] INFO  o.s.s.web.DefaultSecurityFilterChain -
				Will secure Ant [pattern='/api/employee/uploadEmployeeIDsAttachment'] with []
2025-02-19 00:37:08 [restartedMain] INFO  o.s.s.web.DefaultSecurityFilterChain -
				Will secure Ant [pattern='/api/employee/employeeDetailsFileDownload'] with []
2025-02-19 00:37:08 [restartedMain] INFO  o.s.s.web.DefaultSecurityFilterChain -
				Will secure Ant [pattern='/api/employee/fileDownloadOfEducationDetailsAttachment'] with []
2025-02-19 00:37:08 [restartedMain] INFO  o.s.s.web.DefaultSecurityFilterChain -
				Will secure Ant [pattern='/api/employee/EducationDetails'] with []
2025-02-19 00:37:08 [restartedMain] INFO  o.s.s.web.DefaultSecurityFilterChain -
				Will secure Ant [pattern='/api/employee/ExperienceDetails'] with []
2025-02-19 00:37:08 [restartedMain] INFO  o.s.s.web.DefaultSecurityFilterChain -
				Will secure Ant [pattern='/api/employee/checkEmail/{email}'] with []
2025-02-19 00:37:08 [restartedMain] INFO  o.s.s.web.DefaultSecurityFilterChain -
				Will secure Ant [pattern='/api/employee/JobUploadFile'] with []
2025-02-19 00:37:08 [restartedMain] INFO  o.s.s.web.DefaultSecurityFilterChain -
				Will secure Ant [pattern='/api/Country'] with []
2025-02-19 00:37:08 [restartedMain] INFO  o.s.s.web.DefaultSecurityFilterChain -
				Will secure Ant [pattern='/api/employee/graduation'] with []
2025-02-19 00:37:08 [restartedMain] INFO  o.s.s.web.DefaultSecurityFilterChain -
				Will secure Ant [pattern='/api/State1/{countryId}'] with []
2025-02-19 00:37:08 [restartedMain] INFO  o.s.s.web.DefaultSecurityFilterChain -
				Will secure Ant [pattern='/api/forgotPassword'] with []
2025-02-19 00:37:08 [restartedMain] INFO  o.s.s.web.DefaultSecurityFilterChain -
				Will secure Ant [pattern='/api/forgotPasswordWhatsapp'] with []
2025-02-19 00:37:08 [restartedMain] INFO  o.s.s.web.DefaultSecurityFilterChain -
				Will secure Ant [pattern='/api/resetPassword'] with []
2025-02-19 00:37:08 [restartedMain] INFO  o.s.s.web.DefaultSecurityFilterChain -
				Will secure Ant [pattern='/api/UserAuthentication'] with []
2025-02-19 00:37:08 [restartedMain] INFO  o.s.s.web.DefaultSecurityFilterChain -
				Will secure Ant [pattern='/api/Roles'] with []
2025-02-19 00:37:08 [restartedMain] INFO  o.s.s.web.DefaultSecurityFilterChain -
				Will secure Ant [pattern='/api/City1/{state_id}/{country_id}'] with []
2025-02-19 00:37:08 [restartedMain] INFO  o.s.s.web.DefaultSecurityFilterChain -
				Will secure Ant [pattern='/api/court'] with []
2025-02-19 00:37:08 [restartedMain] INFO  o.s.s.web.DefaultSecurityFilterChain -
				Will secure Ant [pattern='/api/courtCases'] with []
2025-02-19 00:37:08 [restartedMain] INFO  o.s.s.web.DefaultSecurityFilterChain -
				Will secure Ant [pattern='/api/courtCases/{court_cases_id}'] with []
2025-02-19 00:37:08 [restartedMain] INFO  o.s.s.web.DefaultSecurityFilterChain -
				Will secure Ant [pattern='/api/fetchAllCourtCasesDetails'] with []
2025-02-19 00:37:08 [restartedMain] INFO  o.s.s.web.DefaultSecurityFilterChain -
				Will secure Ant [pattern='/api/activateCourtCases/{court_cases_id}'] with []
2025-02-19 00:37:08 [restartedMain] INFO  o.s.s.web.DefaultSecurityFilterChain -
				Will secure Ant [pattern='/api/courtCaseDetailsHistoryOnCaseNo'] with []
2025-02-19 00:37:08 [restartedMain] INFO  o.s.s.web.DefaultSecurityFilterChain -
				Will secure Ant [pattern='/api/stageOfTheCase'] with []
2025-02-19 00:37:08 [restartedMain] INFO  o.s.s.web.DefaultSecurityFilterChain -
				Will secure Ant [pattern='/api/fetchAllStageOfTheCaseDetail'] with []
2025-02-19 00:37:08 [restartedMain] INFO  o.s.s.web.DefaultSecurityFilterChain -
				Will secure Ant [pattern='/api/stageOfTheCase/{stage_of_the_case_id}'] with []
2025-02-19 00:37:08 [restartedMain] INFO  o.s.s.web.DefaultSecurityFilterChain -
				Will secure Ant [pattern='/api/student/Candidate_Walkin1'] with []
2025-02-19 00:37:08 [restartedMain] INFO  o.s.s.web.DefaultSecurityFilterChain -
				Will secure Ant [pattern='/api/student/Candidate_WalkinForLsq'] with []
2025-02-19 00:37:08 [restartedMain] INFO  o.s.s.web.DefaultSecurityFilterChain -
				Will secure Ant [pattern='/api/finance/getFeeTemplateRemarksDetails/{fee_template}'] with []
2025-02-19 00:37:08 [restartedMain] INFO  o.s.s.web.DefaultSecurityFilterChain -
				Will secure Ant [pattern='/api/callOutbound'] with []
2025-02-19 00:37:08 [restartedMain] INFO  o.s.s.web.DefaultSecurityFilterChain -
				Will secure Ant [pattern='/api/getCallOutbound'] with []
2025-02-19 00:37:08 [restartedMain] INFO  o.s.s.web.DefaultSecurityFilterChain -
				Will secure Ant [pattern='/api/student/bulkPayment'] with []
2025-02-19 00:37:08 [restartedMain] INFO  o.s.s.web.DefaultSecurityFilterChain -
				Will secure Ant [pattern='/api/student/bulkPaymentStatus'] with []
2025-02-19 00:37:08 [restartedMain] INFO  o.s.s.web.DefaultSecurityFilterChain -
				Will secure Ant [pattern='/api/State'] with []
2025-02-19 00:37:08 [restartedMain] INFO  o.s.s.web.DefaultSecurityFilterChain -
				Will secure Ant [pattern='/api/student/getBulkTransactionDetails'] with []
2025-02-19 00:37:08 [restartedMain] INFO  o.s.s.web.DefaultSecurityFilterChain -
				Will secure Ant [pattern='/api/finance/getFeePaymentWindow/{id}'] with []
2025-02-19 00:37:08 [restartedMain] INFO  o.s.s.web.DefaultSecurityFilterChain -
				Will secure Ant [pattern='/api/employee/jobProfileDetailsOnDate/{created_date}'] with []
2025-02-19 00:37:08 [restartedMain] INFO  o.s.s.web.DefaultSecurityFilterChain -
				Will secure Ant [pattern='/api/stageOfTheCase/{stage_of_the_case_id}'] with []
2025-02-19 00:37:08 [restartedMain] INFO  o.s.s.web.DefaultSecurityFilterChain -
				Will secure Ant [pattern='/api/stageOfTheCase/{stage_of_the_case_id}'] with []
2025-02-19 00:37:08 [restartedMain] INFO  o.s.s.web.DefaultSecurityFilterChain -
				Will secure Ant [pattern='/api/student/saveCandidateWalkinDump'] with []
2025-02-19 00:37:08 [restartedMain] INFO  o.s.s.web.DefaultSecurityFilterChain -
				Will secure Ant [pattern='/api/legalDepartmentUsers'] with []
2025-02-19 00:37:08 [restartedMain] INFO  o.s.s.web.DefaultSecurityFilterChain -
				Will secure Ant [pattern='/api/regenrationOfToken'] with []
2025-02-19 00:37:08 [restartedMain] INFO  o.s.s.web.DefaultSecurityFilterChain -
				Will secure Ant [pattern='/api/activateStageOfTheCase/{stage_of_the_case_id}'] with []
2025-02-19 00:37:08 [restartedMain] INFO  o.s.s.web.DefaultSecurityFilterChain -
				Will secure Ant [pattern='/api/courtCasesUpdateOnly/{court_cases_id}'] with []
2025-02-19 00:37:08 [restartedMain] INFO  o.s.s.web.DefaultSecurityFilterChain -
				Will secure Ant [pattern='/api/updatelegalDepartmentUsers'] with []
2025-02-19 00:37:08 [restartedMain] INFO  o.s.s.web.DefaultSecurityFilterChain -
				Will secure Ant [pattern='/api/employee/updateOfferAfterAccepting'] with []
2025-02-19 00:37:08 [restartedMain] INFO  o.s.s.web.DefaultSecurityFilterChain -
				Will secure Ant [pattern='/api/legalDepartmentUsers/{legal_department_user_name}'] with []
2025-02-19 00:37:08 [restartedMain] INFO  o.s.s.web.DefaultSecurityFilterChain -
				Will secure Ant [pattern='/api/courtCaseDetailsHistoryOnId/{court_cases_history_id}'] with []
2025-02-19 00:37:08 [restartedMain] INFO  o.s.s.web.DefaultSecurityFilterChain -
				Will secure Ant [pattern='/api/student/paymePayment'] with []
2025-02-19 00:37:08 [restartedMain] INFO  o.s.s.web.DefaultSecurityFilterChain -
				Will secure Ant [pattern='/api/student/startingOfPayment'] with []
2025-02-19 00:37:08 [restartedMain] INFO  o.s.s.web.DefaultSecurityFilterChain -
				Will secure Ant [pattern='/api/feedback/verificationOfTelegramIdAndUsername'] with []
2025-02-19 00:37:08 [restartedMain] INFO  o.s.s.web.DefaultSecurityFilterChain -
				Will secure Ant [pattern='/api/feedback/verificationProcessOfTelegramIdAndUsername'] with []
2025-02-19 00:37:08 [restartedMain] INFO  o.s.s.web.DefaultSecurityFilterChain -
				Will secure Ant [pattern='/api/feedback/verificationProcessOfTelegramIdAndUsernameByWebhooks'] with []
2025-02-19 00:37:08 [restartedMain] INFO  o.s.s.web.DefaultSecurityFilterChain -
				Will secure Ant [pattern='/api/student/startingOfClickPayment'] with []
2025-02-19 00:37:08 [restartedMain] INFO  o.s.s.web.DefaultSecurityFilterChain -
				Will secure Ant [pattern='/api/student/prepareClickPayment'] with []
2025-02-19 00:37:08 [restartedMain] INFO  o.s.s.web.DefaultSecurityFilterChain -
				Will secure Ant [pattern='/api/student/completeClickPayment'] with []
2025-02-19 00:37:08 [restartedMain] INFO  o.s.s.web.DefaultSecurityFilterChain -
				Will secure Ant [pattern='/api/academic/fetchAllBatchDetails'] with []
2025-02-19 00:37:08 [restartedMain] INFO  o.s.s.web.DefaultSecurityFilterChain -
				Will secure Ant [pattern='/api/employee/getEducationDocsAttachmentById/{empId}'] with []
2025-02-19 00:37:08 [restartedMain] INFO  o.s.s.web.DefaultSecurityFilterChain -
				Will secure Ant [pattern='/api/employee/uploadEmployeeContractsAttachment'] with []
2025-02-19 00:37:08 [restartedMain] INFO  o.s.s.web.DefaultSecurityFilterChain -
				Will secure Ant [pattern='/api/student/feeHeadAmountRestrictionDetailsForPayment/{feeHeadAmountRestrictionId}'] with []
2025-02-19 00:37:08 [restartedMain] INFO  o.s.s.web.DefaultSecurityFilterChain -
				Will secure Ant [pattern='/api/student/getPaymentStatus'] with []
2025-02-19 00:37:08 [restartedMain] INFO  o.s.s.web.DefaultSecurityFilterChain -
				Will secure Ant [pattern='/api/student/studentOfferAcceptance'] with []
2025-02-19 00:37:08 [restartedMain] INFO  o.s.s.web.DefaultSecurityFilterChain -
				Will secure Ant [pattern='/api/student/findAllDetailsPreAdmission/{candidate_id}'] with []
2025-02-19 00:37:08 [restartedMain] INFO  o.s.s.web.DefaultSecurityFilterChain -
				Will secure Ant [pattern='/api/student/getClickPaymentStatus'] with []
2025-02-19 00:37:08 [restartedMain] INFO  o.s.s.web.DefaultSecurityFilterChain -
				Will secure Ant [pattern='/api/student/getFeeDetails'] with []
2025-02-19 00:37:08 [restartedMain] INFO  o.s.s.web.DefaultSecurityFilterChain -
				Will secure Ant [pattern='/api/student/emailToCandidateRegardingOfferLetter'] with []
2025-02-19 00:37:08 [restartedMain] INFO  o.s.s.web.DefaultSecurityFilterChain -
				Will secure Ant [pattern='/api/employee/getEmployeeIDsAttachmentById/{empId}'] with []
2025-02-19 00:37:08 [restartedMain] INFO  o.s.s.web.DefaultSecurityFilterChain -
				Will secure Ant [pattern='/api/employee/getEmployeeContractssAttachmentById/{empId}'] with []
2025-02-19 00:37:08 [restartedMain] INFO  o.s.s.web.DefaultSecurityFilterChain -
				Will secure Ant [pattern='/api/academic/fetchAllProgramsAndSpecializationWithProgramType'] with []
2025-02-19 00:37:08 [restartedMain] INFO  o.s.s.web.DefaultSecurityFilterChain -
				Will secure Ant [pattern='/api/academic/programsDetailsWithProgramType'] with []
2025-02-19 00:37:08 [restartedMain] INFO  o.s.s.web.DefaultSecurityFilterChain -
				Will secure Ant [pattern='/api/employee/newEducationDetails'] with []
2025-02-19 00:37:08 [restartedMain] INFO  o.s.s.web.DefaultSecurityFilterChain -
				Will secure Ant [pattern='/api/resetPasswordOtpCheckr'] with []
2025-02-19 00:37:08 [restartedMain] INFO  o.s.s.web.DefaultSecurityFilterChain -
				Will secure Ant [pattern='/api/lms/login'] with []
2025-02-19 00:37:08 [restartedMain] INFO  o.s.s.web.DefaultSecurityFilterChain -
				Will secure Ant [pattern='/api/lms/getImage'] with []
2025-02-19 00:37:08 [restartedMain] INFO  o.s.s.web.DefaultSecurityFilterChain -
				Will secure Ant [pattern='/api/lms/fetchTimeTableDetailsByCurrentDate'] with []
2025-02-19 00:37:08 [restartedMain] INFO  o.s.s.web.DefaultSecurityFilterChain -
				Will secure Ant [pattern='/api/lms/courses'] with []
2025-02-19 00:37:08 [restartedMain] INFO  o.s.s.web.DefaultSecurityFilterChain -
				Will secure Ant [pattern='/api/lms/getAcademicYears'] with []
2025-02-19 00:37:08 [restartedMain] INFO  o.s.s.web.DefaultSecurityFilterChain -
				Will secure Ant [pattern='/api/lms/getBatchAndSectionbyAcademicYear'] with []
2025-02-19 00:37:08 [restartedMain] INFO  o.s.s.web.DefaultSecurityFilterChain -
				Will secure Ant [pattern='/api/lms/getStudentBatchAndSectionList/{time_table_id}'] with []
2025-02-19 00:37:08 [restartedMain] INFO  o.s.s.web.DefaultSecurityFilterChain -
				Will secure Ant [pattern='/api/lms/fetchTimeTableDetailsBySelectDateForStudents'] with []
2025-02-19 00:37:08 [restartedMain] INFO  o.s.s.web.DefaultSecurityFilterChain -
				Will secure Ant [pattern='/api/lms/fetchTimeTableDetailsBySelectDateForEmployees'] with []
2025-02-19 00:37:08 [restartedMain] INFO  o.s.s.web.DefaultSecurityFilterChain -
				Will secure Ant [pattern='/api/lms//getCurrentYearSectionAndBatchOfStudent'] with []
2025-02-19 00:37:08 [restartedMain] INFO  o.s.s.web.DefaultSecurityFilterChain -
				Will secure Ant [pattern='/api/student/getRegistrationFeeDetails'] with []
2025-02-19 00:37:08 [restartedMain] INFO  o.s.s.web.DefaultSecurityFilterChain -
				Will secure Ant [pattern='/api/student/registrationFee'] with []
2025-02-19 00:37:08 [restartedMain] INFO  o.s.s.web.DefaultSecurityFilterChain -
				Will secure Ant [pattern='/api/student/registrationFeePaymentStatus'] with []
2025-02-19 00:37:08 [restartedMain] INFO  o.s.s.web.DefaultSecurityFilterChain -
				Will secure Ant [pattern='/api/student/getCandidateTransactionDetails'] with []
2025-02-19 00:37:08 [restartedMain] INFO  o.s.s.web.DefaultSecurityFilterChain -
				Will secure Ant [pattern='/api/health'] with []
2025-02-19 00:37:08 [restartedMain] INFO  o.s.s.web.DefaultSecurityFilterChain -
				Will secure Ant [pattern='/api/lms/studentDetailsByAuidForLms'] with []
2025-02-19 00:37:08 [restartedMain] INFO  o.s.s.web.DefaultSecurityFilterChain -
				Will secure Ant [pattern='/api/lms/schoolDetailsForLms'] with []
2025-02-19 00:37:09 [restartedMain] INFO  o.s.s.web.DefaultSecurityFilterChain -
				Will secure Ant [pattern='/api/lms/studentListBySchoolSpecializationAcYearAndTokenFlag'] with []
2025-02-19 00:37:09 [restartedMain] INFO  o.s.s.web.DefaultSecurityFilterChain -
				Will secure Ant [pattern='/api/lms/studentSubjects'] with []
2025-02-19 00:37:09 [restartedMain] INFO  o.s.s.web.DefaultSecurityFilterChain -
				Will secure Ant [pattern='/api/lms/acYearDetails'] with []
2025-02-19 00:37:09 [restartedMain] INFO  o.s.s.web.DefaultSecurityFilterChain -
				Will secure Ant [pattern='/api/lms/assignedStudentDetailsToProctor'] with []
2025-02-19 00:37:09 [restartedMain] INFO  o.s.s.web.DefaultSecurityFilterChain -
				Will secure Ant [pattern='/api/lms/specializationDetails'] with []
2025-02-19 00:37:09 [restartedMain] INFO  o.s.s.web.DefaultSecurityFilterChain -
				Will secure Ant [pattern='/api/lms/batchOrSectionAssignedStudentDetails'] with []
2025-02-19 00:37:09 [restartedMain] INFO  o.s.s.web.DefaultSecurityFilterChain -
				Will secure Ant [pattern='/api/student/candidateWalkinForLsqApplicationStatus'] with []
2025-02-19 00:37:09 [restartedMain] INFO  o.s.s.web.DefaultSecurityFilterChain -
				Will secure Ant [pattern='/api/callOutbound'] with []
2025-02-19 00:37:09 [restartedMain] INFO  o.s.s.web.DefaultSecurityFilterChain -
				Will secure Ant [pattern='/api/student/getTransactionDetailsForPhp'] with []
2025-02-19 00:37:09 [restartedMain] INFO  o.s.s.web.DefaultSecurityFilterChain -
				Will secure Ant [pattern='/api/whatsapp/**'] with []
2025-02-19 00:37:09 [restartedMain] INFO  o.s.s.web.DefaultSecurityFilterChain -
				Will secure Ant [pattern='/api/studentTagBoardAmount'] with []
2025-02-19 00:37:09 [restartedMain] INFO  o.s.s.web.DefaultSecurityFilterChain -
				Will secure Ant [pattern='/api/student/uniformnames'] with []
2025-02-19 00:37:09 [restartedMain] INFO  o.s.s.web.DefaultSecurityFilterChain -
				Will secure Ant [pattern='/api/student/uniformfeereceipts'] with []
2025-02-19 00:37:09 [restartedMain] INFO  o.s.s.web.DefaultSecurityFilterChain -
				Will secure Ant [pattern='/api/student/validateauid'] with []
2025-02-19 00:37:09 [restartedMain] INFO  o.s.s.web.DefaultSecurityFilterChain -
				Will secure Ant [pattern='/api/student/uniformdetailstemplate'] with []
2025-02-19 00:37:09 [restartedMain] INFO  o.s.s.web.DefaultSecurityFilterChain -
				Will secure Ant [pattern='/api/student/uniformadmission-count'] with []
2025-02-19 00:37:09 [restartedMain] INFO  o.s.s.web.DefaultSecurityFilterChain -
				Will secure Ant [pattern='/api/student/acyear'] with []
2025-02-19 00:37:09 [restartedMain] INFO  o.s.s.web.DefaultSecurityFilterChain -
				Will secure Ant [pattern='/api/student/institutes'] with []
2025-02-19 00:37:09 [restartedMain] INFO  s.d.s.w.PropertySourcedRequestMappingHandlerMapping -
				Mapped URL path [/v2/api-docs] onto method [springfox.documentation.swagger2.web.Swagger2Controller#getDocumentation(String, HttpServletRequest)]
2025-02-19 00:37:09 [restartedMain] INFO  o.s.s.web.DefaultSecurityFilterChain -
				Will secure any request with [org.springframework.security.web.context.request.async.WebAsyncManagerIntegrationFilter@28c0bd91, org.springframework.security.web.context.SecurityContextPersistenceFilter@63c2b6a, org.springframework.security.web.header.HeaderWriterFilter@3ca82b28, org.springframework.web.filter.CorsFilter@4c8b5d9b, org.springframework.security.web.authentication.logout.LogoutFilter@574fa56e, com.au.config.JwtRequestFilter@b43f2bf, org.springframework.security.web.savedrequest.RequestCacheAwareFilter@e8bbcea, org.springframework.security.web.servletapi.SecurityContextHolderAwareRequestFilter@119af9f8, org.springframework.security.web.authentication.AnonymousAuthenticationFilter@32f8e169, org.springframework.security.web.session.SessionManagementFilter@691bf36c, org.springframework.security.web.access.ExceptionTranslationFilter@11440bbc, org.springframework.security.web.access.intercept.FilterSecurityInterceptor@28f99ac8]
2025-02-19 00:37:10 [restartedMain] INFO  o.a.coyote.http11.Http11NioProtocol -
				Starting ProtocolHandler ["http-nio-8080"]
2025-02-19 00:37:10 [restartedMain] INFO  o.s.b.w.e.tomcat.TomcatWebServer -
				Tomcat started on port(s): 8080 (http) with context path ''
2025-02-19 00:37:10 [restartedMain] INFO  s.d.s.w.p.DocumentationPluginsBootstrapper -
				Context refreshed
2025-02-19 00:37:10 [restartedMain] INFO  s.d.s.w.p.DocumentationPluginsBootstrapper -
				Found 11 custom documentation plugin(s)
2025-02-19 00:37:11 [restartedMain] INFO  s.d.s.w.s.ApiListingReferenceScanner -
				Scanning for api listing references
2025-02-19 00:37:11 [restartedMain] INFO  s.d.s.w.r.o.CachingOperationNameGenerator -
				Generating unique operation named: deleteUsingDELETE_1
2025-02-19 00:37:11 [restartedMain] INFO  s.d.s.w.r.o.CachingOperationNameGenerator -
				Generating unique operation named: delete1UsingDELETE_1
2025-02-19 00:37:11 [restartedMain] INFO  s.d.s.w.r.o.CachingOperationNameGenerator -
				Generating unique operation named: getUsingGET_1
2025-02-19 00:37:11 [restartedMain] INFO  s.d.s.w.r.o.CachingOperationNameGenerator -
				Generating unique operation named: listAllUsingGET_1
2025-02-19 00:37:11 [restartedMain] INFO  s.d.s.w.r.o.CachingOperationNameGenerator -
				Generating unique operation named: listAll1UsingGET_1
2025-02-19 00:37:11 [restartedMain] INFO  s.d.s.w.r.o.CachingOperationNameGenerator -
				Generating unique operation named: updateUsingPUT_1
2025-02-19 00:37:11 [restartedMain] INFO  s.d.s.w.r.o.CachingOperationNameGenerator -
				Generating unique operation named: deleteUsingDELETE_2
2025-02-19 00:37:11 [restartedMain] INFO  s.d.s.w.r.o.CachingOperationNameGenerator -
				Generating unique operation named: delete1UsingDELETE_2
2025-02-19 00:37:11 [restartedMain] INFO  s.d.s.w.r.o.CachingOperationNameGenerator -
				Generating unique operation named: getUsingGET_2
2025-02-19 00:37:11 [restartedMain] INFO  s.d.s.w.r.o.CachingOperationNameGenerator -
				Generating unique operation named: listAllUsingGET_2
2025-02-19 00:37:11 [restartedMain] INFO  s.d.s.w.r.o.CachingOperationNameGenerator -
				Generating unique operation named: listAllUsingGET_3
2025-02-19 00:37:11 [restartedMain] INFO  s.d.s.w.r.o.CachingOperationNameGenerator -
				Generating unique operation named: updateUsingPUT_2
2025-02-19 00:37:11 [restartedMain] INFO  s.d.s.w.r.o.CachingOperationNameGenerator -
				Generating unique operation named: deleteUsingDELETE_3
2025-02-19 00:37:11 [restartedMain] INFO  s.d.s.w.r.o.CachingOperationNameGenerator -
				Generating unique operation named: delete1UsingDELETE_3
2025-02-19 00:37:11 [restartedMain] INFO  s.d.s.w.r.o.CachingOperationNameGenerator -
				Generating unique operation named: getUsingGET_3
2025-02-19 00:37:11 [restartedMain] INFO  s.d.s.w.r.o.CachingOperationNameGenerator -
				Generating unique operation named: listAllUsingGET_4
2025-02-19 00:37:11 [restartedMain] INFO  s.d.s.w.r.o.CachingOperationNameGenerator -
				Generating unique operation named: listAll1UsingGET_2
2025-02-19 00:37:11 [restartedMain] INFO  s.d.s.w.r.o.CachingOperationNameGenerator -
				Generating unique operation named: saveAcademicYearUsingPOST_1
2025-02-19 00:37:11 [restartedMain] INFO  s.d.s.w.r.o.CachingOperationNameGenerator -
				Generating unique operation named: updateUsingPUT_3
2025-02-19 00:37:11 [restartedMain] INFO  s.d.s.w.r.o.CachingOperationNameGenerator -
				Generating unique operation named: deleteUsingDELETE_4
2025-02-19 00:37:11 [restartedMain] INFO  s.d.s.w.r.o.CachingOperationNameGenerator -
				Generating unique operation named: delete1UsingDELETE_4
2025-02-19 00:37:11 [restartedMain] INFO  s.d.s.w.r.o.CachingOperationNameGenerator -
				Generating unique operation named: getUsingGET_4
2025-02-19 00:37:11 [restartedMain] INFO  s.d.s.w.r.o.CachingOperationNameGenerator -
				Generating unique operation named: listAllUsingGET_5
2025-02-19 00:37:11 [restartedMain] INFO  s.d.s.w.r.o.CachingOperationNameGenerator -
				Generating unique operation named: listAllUsingGET_6
2025-02-19 00:37:11 [restartedMain] INFO  s.d.s.w.r.o.CachingOperationNameGenerator -
				Generating unique operation named: updateUsingPUT_4
2025-02-19 00:37:11 [restartedMain] INFO  s.d.s.w.r.o.CachingOperationNameGenerator -
				Generating unique operation named: getUsingGET_5
2025-02-19 00:37:11 [restartedMain] INFO  s.d.s.w.r.o.CachingOperationNameGenerator -
				Generating unique operation named: listAllUsingGET_7
2025-02-19 00:37:11 [restartedMain] INFO  s.d.s.w.r.o.CachingOperationNameGenerator -
				Generating unique operation named: deleteUsingDELETE_5
2025-02-19 00:37:11 [restartedMain] INFO  s.d.s.w.r.o.CachingOperationNameGenerator -
				Generating unique operation named: delete1UsingDELETE_5
2025-02-19 00:37:11 [restartedMain] INFO  s.d.s.w.r.o.CachingOperationNameGenerator -
				Generating unique operation named: getUsingGET_6
2025-02-19 00:37:11 [restartedMain] INFO  s.d.s.w.r.o.CachingOperationNameGenerator -
				Generating unique operation named: listAllUsingGET_8
2025-02-19 00:37:11 [restartedMain] INFO  s.d.s.w.r.o.CachingOperationNameGenerator -
				Generating unique operation named: deleteUsingDELETE_6
2025-02-19 00:37:11 [restartedMain] INFO  s.d.s.w.r.o.CachingOperationNameGenerator -
				Generating unique operation named: delete1UsingDELETE_6
2025-02-19 00:37:11 [restartedMain] INFO  s.d.s.w.r.o.CachingOperationNameGenerator -
				Generating unique operation named: getUsingGET_7
2025-02-19 00:37:11 [restartedMain] INFO  s.d.s.w.r.o.CachingOperationNameGenerator -
				Generating unique operation named: listAllUsingGET_9
2025-02-19 00:37:11 [restartedMain] INFO  s.d.s.w.r.o.CachingOperationNameGenerator -
				Generating unique operation named: listAll1UsingGET_3
2025-02-19 00:37:11 [restartedMain] INFO  s.d.s.w.r.o.CachingOperationNameGenerator -
				Generating unique operation named: saveSubjectTypeUsingPOST_1
2025-02-19 00:37:11 [restartedMain] INFO  s.d.s.w.r.o.CachingOperationNameGenerator -
				Generating unique operation named: updateUsingPUT_5
2025-02-19 00:37:11 [restartedMain] INFO  s.d.s.w.r.o.CachingOperationNameGenerator -
				Generating unique operation named: deleteUsingDELETE_7
2025-02-19 00:37:11 [restartedMain] INFO  s.d.s.w.r.o.CachingOperationNameGenerator -
				Generating unique operation named: delete1UsingDELETE_7
2025-02-19 00:37:11 [restartedMain] INFO  s.d.s.w.r.o.CachingOperationNameGenerator -
				Generating unique operation named: getUsingGET_8
2025-02-19 00:37:11 [restartedMain] INFO  s.d.s.w.r.o.CachingOperationNameGenerator -
				Generating unique operation named: listAllUsingGET_10
2025-02-19 00:37:11 [restartedMain] INFO  s.d.s.w.r.o.CachingOperationNameGenerator -
				Generating unique operation named: listAll1UsingGET_4
2025-02-19 00:37:11 [restartedMain] INFO  s.d.s.w.r.o.CachingOperationNameGenerator -
				Generating unique operation named: listAll1UsingGET_5
2025-02-19 00:37:11 [restartedMain] INFO  s.d.s.w.r.o.CachingOperationNameGenerator -
				Generating unique operation named: updateUsingPUT_6
2025-02-19 00:37:11 [restartedMain] INFO  s.d.s.w.r.o.CachingOperationNameGenerator -
				Generating unique operation named: activateUsingDELETE_1
2025-02-19 00:37:11 [restartedMain] INFO  s.d.s.w.r.o.CachingOperationNameGenerator -
				Generating unique operation named: deactivateUsingDELETE_1
2025-02-19 00:37:11 [restartedMain] INFO  s.d.s.w.r.o.CachingOperationNameGenerator -
				Generating unique operation named: getUsingGET_9
2025-02-19 00:37:11 [restartedMain] INFO  s.d.s.w.r.o.CachingOperationNameGenerator -
				Generating unique operation named: listAllUsingGET_11
2025-02-19 00:37:11 [restartedMain] INFO  s.d.s.w.r.o.CachingOperationNameGenerator -
				Generating unique operation named: updateUsingPUT_7
2025-02-19 00:37:11 [restartedMain] INFO  s.d.s.w.r.o.CachingOperationNameGenerator -
				Generating unique operation named: activateUsingDELETE_2
2025-02-19 00:37:11 [restartedMain] INFO  s.d.s.w.r.o.CachingOperationNameGenerator -
				Generating unique operation named: deactivateUsingDELETE_2
2025-02-19 00:37:11 [restartedMain] INFO  s.d.s.w.r.o.CachingOperationNameGenerator -
				Generating unique operation named: getUsingGET_10
2025-02-19 00:37:11 [restartedMain] INFO  s.d.s.w.r.o.CachingOperationNameGenerator -
				Generating unique operation named: listAllUsingGET_12
2025-02-19 00:37:11 [restartedMain] INFO  s.d.s.w.r.o.CachingOperationNameGenerator -
				Generating unique operation named: updateUsingPUT_8
2025-02-19 00:37:11 [restartedMain] INFO  s.d.s.w.r.o.CachingOperationNameGenerator -
				Generating unique operation named: deleteUsingDELETE_8
2025-02-19 00:37:11 [restartedMain] INFO  s.d.s.w.r.o.CachingOperationNameGenerator -
				Generating unique operation named: delete1UsingDELETE_8
2025-02-19 00:37:11 [restartedMain] INFO  s.d.s.w.r.o.CachingOperationNameGenerator -
				Generating unique operation named: fetchAllAmountDetailUsingGET_1
2025-02-19 00:37:11 [restartedMain] INFO  s.d.s.w.r.o.CachingOperationNameGenerator -
				Generating unique operation named: getUsingGET_11
2025-02-19 00:37:11 [restartedMain] INFO  s.d.s.w.r.o.CachingOperationNameGenerator -
				Generating unique operation named: listAllUsingGET_13
2025-02-19 00:37:11 [restartedMain] INFO  s.d.s.w.r.o.CachingOperationNameGenerator -
				Generating unique operation named: listAll1UsingGET_6
2025-02-19 00:37:11 [restartedMain] INFO  s.d.s.w.r.o.CachingOperationNameGenerator -
				Generating unique operation named: updateUsingPUT_9
2025-02-19 00:37:11 [restartedMain] INFO  s.d.s.w.r.o.CachingOperationNameGenerator -
				Generating unique operation named: deleteUsingDELETE_9
2025-02-19 00:37:11 [restartedMain] INFO  s.d.s.w.r.o.CachingOperationNameGenerator -
				Generating unique operation named: delete1UsingDELETE_9
2025-02-19 00:37:11 [restartedMain] INFO  s.d.s.w.r.o.CachingOperationNameGenerator -
				Generating unique operation named: getUsingGET_12
2025-02-19 00:37:11 [restartedMain] INFO  s.d.s.w.r.o.CachingOperationNameGenerator -
				Generating unique operation named: listAll1UsingGET_7
2025-02-19 00:37:11 [restartedMain] INFO  s.d.s.w.r.o.CachingOperationNameGenerator -
				Generating unique operation named: updateUsingPUT_10
2025-02-19 00:37:11 [restartedMain] INFO  s.d.s.w.r.o.CachingOperationNameGenerator -
				Generating unique operation named: deleteUsingDELETE_10
2025-02-19 00:37:11 [restartedMain] INFO  s.d.s.w.r.o.CachingOperationNameGenerator -
				Generating unique operation named: getUsingGET_13
2025-02-19 00:37:11 [restartedMain] INFO  s.d.s.w.r.o.CachingOperationNameGenerator -
				Generating unique operation named: listAllUsingGET_14
2025-02-19 00:37:12 [restartedMain] INFO  s.d.s.w.r.o.CachingOperationNameGenerator -
				Generating unique operation named: updateUsingPUT_11
2025-02-19 00:37:12 [restartedMain] INFO  s.d.s.w.r.o.CachingOperationNameGenerator -
				Generating unique operation named: deleteUsingDELETE_11
2025-02-19 00:37:12 [restartedMain] INFO  s.d.s.w.r.o.CachingOperationNameGenerator -
				Generating unique operation named: getUsingGET_14
2025-02-19 00:37:12 [restartedMain] INFO  s.d.s.w.r.o.CachingOperationNameGenerator -
				Generating unique operation named: listAllUsingGET_15
2025-02-19 00:37:12 [restartedMain] INFO  s.d.s.w.r.o.CachingOperationNameGenerator -
				Generating unique operation named: updateUsingPUT_12
2025-02-19 00:37:12 [restartedMain] INFO  s.d.s.w.r.o.CachingOperationNameGenerator -
				Generating unique operation named: deleteUsingDELETE_12
2025-02-19 00:37:12 [restartedMain] INFO  s.d.s.w.r.o.CachingOperationNameGenerator -
				Generating unique operation named: delete1UsingDELETE_10
2025-02-19 00:37:12 [restartedMain] INFO  s.d.s.w.r.o.CachingOperationNameGenerator -
				Generating unique operation named: listAllUsingGET_16
2025-02-19 00:37:12 [restartedMain] INFO  s.d.s.w.r.o.CachingOperationNameGenerator -
				Generating unique operation named: listAll1UsingGET_8
2025-02-19 00:37:12 [restartedMain] INFO  s.d.s.w.r.o.CachingOperationNameGenerator -
				Generating unique operation named: deleteUsingDELETE_13
2025-02-19 00:37:12 [restartedMain] INFO  s.d.s.w.r.o.CachingOperationNameGenerator -
				Generating unique operation named: delete1UsingDELETE_11
2025-02-19 00:37:12 [restartedMain] INFO  s.d.s.w.r.o.CachingOperationNameGenerator -
				Generating unique operation named: getUsingGET_15
2025-02-19 00:37:12 [restartedMain] INFO  s.d.s.w.r.o.CachingOperationNameGenerator -
				Generating unique operation named: listAllUsingGET_17
2025-02-19 00:37:12 [restartedMain] INFO  s.d.s.w.r.o.CachingOperationNameGenerator -
				Generating unique operation named: listAll1UsingGET_9
2025-02-19 00:37:12 [restartedMain] INFO  s.d.s.w.r.o.CachingOperationNameGenerator -
				Generating unique operation named: updateUsingPUT_13
2025-02-19 00:37:12 [restartedMain] INFO  s.d.s.w.r.o.CachingOperationNameGenerator -
				Generating unique operation named: deleteUsingDELETE_14
2025-02-19 00:37:12 [restartedMain] INFO  s.d.s.w.r.o.CachingOperationNameGenerator -
				Generating unique operation named: delete1UsingDELETE_12
2025-02-19 00:37:12 [restartedMain] INFO  s.d.s.w.r.o.CachingOperationNameGenerator -
				Generating unique operation named: getUsingGET_16
2025-02-19 00:37:12 [restartedMain] INFO  s.d.s.w.r.o.CachingOperationNameGenerator -
				Generating unique operation named: listAllUsingGET_18
2025-02-19 00:37:12 [restartedMain] INFO  s.d.s.w.r.o.CachingOperationNameGenerator -
				Generating unique operation named: listAll1UsingGET_10
2025-02-19 00:37:12 [restartedMain] INFO  s.d.s.w.r.o.CachingOperationNameGenerator -
				Generating unique operation named: updateUsingPUT_14
2025-02-19 00:37:12 [restartedMain] INFO  s.d.s.w.r.o.CachingOperationNameGenerator -
				Generating unique operation named: activateUsingDELETE_3
2025-02-19 00:37:12 [restartedMain] INFO  s.d.s.w.r.o.CachingOperationNameGenerator -
				Generating unique operation named: deactivateUsingDELETE_3
2025-02-19 00:37:12 [restartedMain] INFO  s.d.s.w.r.o.CachingOperationNameGenerator -
				Generating unique operation named: getUsingGET_17
2025-02-19 00:37:12 [restartedMain] INFO  s.d.s.w.r.o.CachingOperationNameGenerator -
				Generating unique operation named: listAllUsingGET_19
2025-02-19 00:37:12 [restartedMain] INFO  s.d.s.w.r.o.CachingOperationNameGenerator -
				Generating unique operation named: updateUsingPUT_15
2025-02-19 00:37:12 [restartedMain] INFO  s.d.s.w.r.o.CachingOperationNameGenerator -
				Generating unique operation named: activateUsingDELETE_4
2025-02-19 00:37:12 [restartedMain] INFO  s.d.s.w.r.o.CachingOperationNameGenerator -
				Generating unique operation named: deactivateUsingDELETE_4
2025-02-19 00:37:12 [restartedMain] INFO  s.d.s.w.r.o.CachingOperationNameGenerator -
				Generating unique operation named: getUsingGET_18
2025-02-19 00:37:12 [restartedMain] INFO  s.d.s.w.r.o.CachingOperationNameGenerator -
				Generating unique operation named: getAllDeptUsingGET_1
2025-02-19 00:37:12 [restartedMain] INFO  s.d.s.w.r.o.CachingOperationNameGenerator -
				Generating unique operation named: listAllUsingGET_20
2025-02-19 00:37:12 [restartedMain] INFO  s.d.s.w.r.o.CachingOperationNameGenerator -
				Generating unique operation named: updateUsingPUT_16
2025-02-19 00:37:12 [restartedMain] INFO  s.d.s.w.r.o.CachingOperationNameGenerator -
				Generating unique operation named: activateUsingDELETE_5
2025-02-19 00:37:12 [restartedMain] INFO  s.d.s.w.r.o.CachingOperationNameGenerator -
				Generating unique operation named: deactivateUsingDELETE_5
2025-02-19 00:37:12 [restartedMain] INFO  s.d.s.w.r.o.CachingOperationNameGenerator -
				Generating unique operation named: getUsingGET_19
2025-02-19 00:37:12 [restartedMain] INFO  s.d.s.w.r.o.CachingOperationNameGenerator -
				Generating unique operation named: listAllUsingGET_21
2025-02-19 00:37:12 [restartedMain] INFO  s.d.s.w.r.o.CachingOperationNameGenerator -
				Generating unique operation named: updateUsingPUT_17
2025-02-19 00:37:12 [restartedMain] INFO  s.d.s.w.r.o.CachingOperationNameGenerator -
				Generating unique operation named: deleteUsingDELETE_15
2025-02-19 00:37:12 [restartedMain] INFO  s.d.s.w.r.o.CachingOperationNameGenerator -
				Generating unique operation named: delete1UsingDELETE_13
2025-02-19 00:37:12 [restartedMain] INFO  s.d.s.w.r.o.CachingOperationNameGenerator -
				Generating unique operation named: getUsingGET_20
2025-02-19 00:37:12 [restartedMain] INFO  s.d.s.w.r.o.CachingOperationNameGenerator -
				Generating unique operation named: listAllUsingGET_22
2025-02-19 00:37:12 [restartedMain] INFO  s.d.s.w.r.o.CachingOperationNameGenerator -
				Generating unique operation named: listAll1UsingGET_11
2025-02-19 00:37:12 [restartedMain] INFO  s.d.s.w.r.o.CachingOperationNameGenerator -
				Generating unique operation named: updateUsingPUT_18
2025-02-19 00:37:12 [restartedMain] INFO  s.d.s.w.r.o.CachingOperationNameGenerator -
				Generating unique operation named: deleteUsingDELETE_16
2025-02-19 00:37:12 [restartedMain] INFO  s.d.s.w.r.o.CachingOperationNameGenerator -
				Generating unique operation named: delete1UsingDELETE_14
2025-02-19 00:37:12 [restartedMain] INFO  s.d.s.w.r.o.CachingOperationNameGenerator -
				Generating unique operation named: getUsingGET_21
2025-02-19 00:37:12 [restartedMain] INFO  s.d.s.w.r.o.CachingOperationNameGenerator -
				Generating unique operation named: listAllUsingGET_23
2025-02-19 00:37:12 [restartedMain] INFO  s.d.s.w.r.o.CachingOperationNameGenerator -
				Generating unique operation named: listAll1UsingGET_12
2025-02-19 00:37:12 [restartedMain] INFO  s.d.s.w.r.o.CachingOperationNameGenerator -
				Generating unique operation named: deleteUsingDELETE_17
2025-02-19 00:37:12 [restartedMain] INFO  s.d.s.w.r.o.CachingOperationNameGenerator -
				Generating unique operation named: delete1UsingDELETE_15
2025-02-19 00:37:12 [restartedMain] INFO  s.d.s.w.r.o.CachingOperationNameGenerator -
				Generating unique operation named: getUsingGET_22
2025-02-19 00:37:12 [restartedMain] INFO  s.d.s.w.r.o.CachingOperationNameGenerator -
				Generating unique operation named: listAllUsingGET_24
2025-02-19 00:37:12 [restartedMain] INFO  s.d.s.w.r.o.CachingOperationNameGenerator -
				Generating unique operation named: listAll1UsingGET_13
2025-02-19 00:37:12 [restartedMain] INFO  s.d.s.w.r.o.CachingOperationNameGenerator -
				Generating unique operation named: saveSubjectTypeUsingPOST_2
2025-02-19 00:37:12 [restartedMain] INFO  s.d.s.w.r.o.CachingOperationNameGenerator -
				Generating unique operation named: updateUsingPUT_19
2025-02-19 00:37:12 [restartedMain] INFO  s.d.s.w.r.o.CachingOperationNameGenerator -
				Generating unique operation named: deleteUsingDELETE_18
2025-02-19 00:37:12 [restartedMain] INFO  s.d.s.w.r.o.CachingOperationNameGenerator -
				Generating unique operation named: delete1UsingDELETE_16
2025-02-19 00:37:12 [restartedMain] INFO  s.d.s.w.r.o.CachingOperationNameGenerator -
				Generating unique operation named: getUsingGET_23
2025-02-19 00:37:12 [restartedMain] INFO  s.d.s.w.r.o.CachingOperationNameGenerator -
				Generating unique operation named: listAllUsingGET_25
2025-02-19 00:37:12 [restartedMain] INFO  s.d.s.w.r.o.CachingOperationNameGenerator -
				Generating unique operation named: listAll1UsingGET_14
2025-02-19 00:37:12 [restartedMain] INFO  s.d.s.w.r.o.CachingOperationNameGenerator -
				Generating unique operation named: updateUsingPUT_20
2025-02-19 00:37:12 [restartedMain] INFO  s.d.s.w.r.o.CachingOperationNameGenerator -
				Generating unique operation named: deleteUsingDELETE_19
2025-02-19 00:37:12 [restartedMain] INFO  s.d.s.w.r.o.CachingOperationNameGenerator -
				Generating unique operation named: delete1UsingDELETE_17
2025-02-19 00:37:12 [restartedMain] INFO  s.d.s.w.r.o.CachingOperationNameGenerator -
				Generating unique operation named: getUsingGET_24
2025-02-19 00:37:12 [restartedMain] INFO  s.d.s.w.r.o.CachingOperationNameGenerator -
				Generating unique operation named: listAllUsingGET_26
2025-02-19 00:37:12 [restartedMain] INFO  s.d.s.w.r.o.CachingOperationNameGenerator -
				Generating unique operation named: listAll1UsingGET_15
2025-02-19 00:37:12 [restartedMain] INFO  s.d.s.w.r.o.CachingOperationNameGenerator -
				Generating unique operation named: updateUsingPUT_21
2025-02-19 00:37:12 [restartedMain] INFO  s.d.s.w.r.o.CachingOperationNameGenerator -
				Generating unique operation named: deleteUsingDELETE_20
2025-02-19 00:37:12 [restartedMain] INFO  s.d.s.w.r.o.CachingOperationNameGenerator -
				Generating unique operation named: delete1UsingDELETE_18
2025-02-19 00:37:12 [restartedMain] INFO  s.d.s.w.r.o.CachingOperationNameGenerator -
				Generating unique operation named: getUsingGET_25
2025-02-19 00:37:12 [restartedMain] INFO  s.d.s.w.r.o.CachingOperationNameGenerator -
				Generating unique operation named: listAllUsingGET_27
2025-02-19 00:37:12 [restartedMain] INFO  s.d.s.w.r.o.CachingOperationNameGenerator -
				Generating unique operation named: listAll1UsingGET_16
2025-02-19 00:37:12 [restartedMain] INFO  s.d.s.w.r.o.CachingOperationNameGenerator -
				Generating unique operation named: updateUsingPUT_22
2025-02-19 00:37:12 [restartedMain] INFO  s.d.s.w.r.o.CachingOperationNameGenerator -
				Generating unique operation named: deleteUsingDELETE_21
2025-02-19 00:37:12 [restartedMain] INFO  s.d.s.w.r.o.CachingOperationNameGenerator -
				Generating unique operation named: delete1UsingDELETE_19
2025-02-19 00:37:12 [restartedMain] INFO  s.d.s.w.r.o.CachingOperationNameGenerator -
				Generating unique operation named: getUsingGET_26
2025-02-19 00:37:12 [restartedMain] INFO  s.d.s.w.r.o.CachingOperationNameGenerator -
				Generating unique operation named: listAllUsingGET_28
2025-02-19 00:37:12 [restartedMain] INFO  s.d.s.w.r.o.CachingOperationNameGenerator -
				Generating unique operation named: listAll1UsingGET_17
2025-02-19 00:37:12 [restartedMain] INFO  s.d.s.w.r.o.CachingOperationNameGenerator -
				Generating unique operation named: updateUsingPUT_23
2025-02-19 00:37:12 [restartedMain] INFO  s.d.s.w.r.o.CachingOperationNameGenerator -
				Generating unique operation named: listAllUsingGET_29
2025-02-19 00:37:12 [restartedMain] INFO  s.d.s.w.r.o.CachingOperationNameGenerator -
				Generating unique operation named: listAll1UsingGET_18
2025-02-19 00:37:12 [restartedMain] INFO  s.d.s.w.r.o.CachingOperationNameGenerator -
				Generating unique operation named: updateUsingPUT_24
2025-02-19 00:37:12 [restartedMain] INFO  s.d.s.w.r.o.CachingOperationNameGenerator -
				Generating unique operation named: updateUsingPUT_25
2025-02-19 00:37:12 [restartedMain] INFO  s.d.s.w.r.o.CachingOperationNameGenerator -
				Generating unique operation named: activateUsingDELETE_6
2025-02-19 00:37:12 [restartedMain] INFO  s.d.s.w.r.o.CachingOperationNameGenerator -
				Generating unique operation named: deactivateUsingDELETE_6
2025-02-19 00:37:12 [restartedMain] INFO  s.d.s.w.r.o.CachingOperationNameGenerator -
				Generating unique operation named: getUsingGET_27
2025-02-19 00:37:12 [restartedMain] INFO  s.d.s.w.r.o.CachingOperationNameGenerator -
				Generating unique operation named: getAllDeptUsingGET_2
2025-02-19 00:37:12 [restartedMain] INFO  s.d.s.w.r.o.CachingOperationNameGenerator -
				Generating unique operation named: listAllUsingGET_30
2025-02-19 00:37:12 [restartedMain] INFO  s.d.s.w.r.o.CachingOperationNameGenerator -
				Generating unique operation named: updateUsingPUT_26
2025-02-19 00:37:12 [restartedMain] INFO  s.d.s.w.r.o.CachingOperationNameGenerator -
				Generating unique operation named: activateUsingDELETE_7
2025-02-19 00:37:12 [restartedMain] INFO  s.d.s.w.r.o.CachingOperationNameGenerator -
				Generating unique operation named: deactivateUsingDELETE_7
2025-02-19 00:37:12 [restartedMain] INFO  s.d.s.w.r.o.CachingOperationNameGenerator -
				Generating unique operation named: getUsingGET_28
2025-02-19 00:37:12 [restartedMain] INFO  s.d.s.w.r.o.CachingOperationNameGenerator -
				Generating unique operation named: updateUsingPUT_27
2025-02-19 00:37:12 [restartedMain] INFO  s.d.s.w.r.o.CachingOperationNameGenerator -
				Generating unique operation named: updateUsingPUT_28
2025-02-19 00:37:12 [restartedMain] INFO  s.d.s.w.r.o.CachingOperationNameGenerator -
				Generating unique operation named: activateUsingDELETE_8
2025-02-19 00:37:12 [restartedMain] INFO  s.d.s.w.r.o.CachingOperationNameGenerator -
				Generating unique operation named: deactivateUsingDELETE_8
2025-02-19 00:37:12 [restartedMain] INFO  s.d.s.w.r.o.CachingOperationNameGenerator -
				Generating unique operation named: fetchAllAdministrationEmailIdsDetailUsingGET_1
2025-02-19 00:37:12 [restartedMain] INFO  s.d.s.w.r.o.CachingOperationNameGenerator -
				Generating unique operation named: getUsingGET_29
2025-02-19 00:37:12 [restartedMain] INFO  s.d.s.w.r.o.CachingOperationNameGenerator -
				Generating unique operation named: listAllActiveInternalTimeTableUsingGET_1
2025-02-19 00:37:12 [restartedMain] INFO  s.d.s.w.r.o.CachingOperationNameGenerator -
				Generating unique operation named: updateUsingPUT_29
2025-02-19 00:37:12 [restartedMain] INFO  s.d.s.w.r.o.CachingOperationNameGenerator -
				Generating unique operation named: updateUsingPUT_30
2025-02-19 00:37:12 [restartedMain] INFO  s.d.s.w.r.o.CachingOperationNameGenerator -
				Generating unique operation named: activateUsingDELETE_9
2025-02-19 00:37:12 [restartedMain] INFO  s.d.s.w.r.o.CachingOperationNameGenerator -
				Generating unique operation named: deactivateUsingDELETE_9
2025-02-19 00:37:12 [restartedMain] INFO  s.d.s.w.r.o.CachingOperationNameGenerator -
				Generating unique operation named: getUsingGET_30
2025-02-19 00:37:12 [restartedMain] INFO  s.d.s.w.r.o.CachingOperationNameGenerator -
				Generating unique operation named: getAllInternalTypesDetailsUsingGET_1
2025-02-19 00:37:12 [restartedMain] INFO  s.d.s.w.r.o.CachingOperationNameGenerator -
				Generating unique operation named: updateUsingPUT_31
2025-02-19 00:37:12 [restartedMain] INFO  s.d.s.w.r.o.CachingOperationNameGenerator -
				Generating unique operation named: deleteUsingDELETE_22
2025-02-19 00:37:12 [restartedMain] INFO  s.d.s.w.r.o.CachingOperationNameGenerator -
				Generating unique operation named: delete1UsingDELETE_20
2025-02-19 00:37:12 [restartedMain] INFO  s.d.s.w.r.o.CachingOperationNameGenerator -
				Generating unique operation named: getUsingGET_31
2025-02-19 00:37:12 [restartedMain] INFO  s.d.s.w.r.o.CachingOperationNameGenerator -
				Generating unique operation named: internalTimeTableAssignmentDetailsByEmployeeIdUsingGET_1
2025-02-19 00:37:12 [restartedMain] INFO  s.d.s.w.r.o.CachingOperationNameGenerator -
				Generating unique operation named: listAllUsingGET_31
2025-02-19 00:37:12 [restartedMain] INFO  s.d.s.w.r.o.CachingOperationNameGenerator -
				Generating unique operation named: listAll1UsingGET_19
2025-02-19 00:37:12 [restartedMain] INFO  s.d.s.w.r.o.CachingOperationNameGenerator -
				Generating unique operation named: listOfStudentDetailsUsingGET_1
2025-02-19 00:37:12 [restartedMain] INFO  s.d.s.w.r.o.CachingOperationNameGenerator -
				Generating unique operation named: listOfStudentDetailsUsingGET_2
2025-02-19 00:37:12 [restartedMain] INFO  s.d.s.w.r.o.CachingOperationNameGenerator -
				Generating unique operation named: listOfStudentDetailsUsingGET_3
2025-02-19 00:37:12 [restartedMain] INFO  s.d.s.w.r.o.CachingOperationNameGenerator -
				Generating unique operation named: updateUsingPUT_32
2025-02-19 00:37:12 [restartedMain] INFO  s.d.s.w.r.o.CachingOperationNameGenerator -
				Generating unique operation named: activateUsingDELETE_10
2025-02-19 00:37:12 [restartedMain] INFO  s.d.s.w.r.o.CachingOperationNameGenerator -
				Generating unique operation named: deactivateUsingDELETE_10
2025-02-19 00:37:12 [restartedMain] INFO  s.d.s.w.r.o.CachingOperationNameGenerator -
				Generating unique operation named: getUsingGET_32
2025-02-19 00:37:12 [restartedMain] INFO  s.d.s.w.r.o.CachingOperationNameGenerator -
				Generating unique operation named: getAllInternalTypesDetailsUsingGET_2
2025-02-19 00:37:12 [restartedMain] INFO  s.d.s.w.r.o.CachingOperationNameGenerator -
				Generating unique operation named: updateUsingPUT_33
2025-02-19 00:37:12 [restartedMain] INFO  s.d.s.w.r.o.CachingOperationNameGenerator -
				Generating unique operation named: deleteUsingDELETE_23
2025-02-19 00:37:12 [restartedMain] INFO  s.d.s.w.r.o.CachingOperationNameGenerator -
				Generating unique operation named: getUsingGET_33
2025-02-19 00:37:12 [restartedMain] INFO  s.d.s.w.r.o.CachingOperationNameGenerator -
				Generating unique operation named: listAllUsingGET_32
2025-02-19 00:37:12 [restartedMain] INFO  s.d.s.w.r.o.CachingOperationNameGenerator -
				Generating unique operation named: updateUsingPUT_34
2025-02-19 00:37:12 [restartedMain] INFO  s.d.s.w.r.o.CachingOperationNameGenerator -
				Generating unique operation named: deleteUsingDELETE_24
2025-02-19 00:37:12 [restartedMain] INFO  s.d.s.w.r.o.CachingOperationNameGenerator -
				Generating unique operation named: delete1UsingDELETE_21
2025-02-19 00:37:12 [restartedMain] INFO  s.d.s.w.r.o.CachingOperationNameGenerator -
				Generating unique operation named: getUsingGET_34
2025-02-19 00:37:12 [restartedMain] INFO  s.d.s.w.r.o.CachingOperationNameGenerator -
				Generating unique operation named: getLessonPlanByAcademicYearProgramSpecilizationCourseYearOrSemAndEmployeeIdUsingGET_1
2025-02-19 00:37:12 [restartedMain] INFO  s.d.s.w.r.o.CachingOperationNameGenerator -
				Generating unique operation named: listAllUsingGET_33
2025-02-19 00:37:12 [restartedMain] INFO  s.d.s.w.r.o.CachingOperationNameGenerator -
				Generating unique operation named: updateUsingPUT_35
2025-02-19 00:37:12 [restartedMain] INFO  s.d.s.w.r.o.CachingOperationNameGenerator -
				Generating unique operation named: deleteUsingDELETE_25
2025-02-19 00:37:12 [restartedMain] INFO  s.d.s.w.r.o.CachingOperationNameGenerator -
				Generating unique operation named: delete1UsingDELETE_22
2025-02-19 00:37:12 [restartedMain] INFO  s.d.s.w.r.o.CachingOperationNameGenerator -
				Generating unique operation named: getUsingGET_35
2025-02-19 00:37:12 [restartedMain] INFO  s.d.s.w.r.o.CachingOperationNameGenerator -
				Generating unique operation named: listAllUsingGET_34
2025-02-19 00:37:12 [restartedMain] INFO  s.d.s.w.r.o.CachingOperationNameGenerator -
				Generating unique operation named: saveSubjectTypeUsingPOST_3
2025-02-19 00:37:12 [restartedMain] INFO  s.d.s.w.r.o.CachingOperationNameGenerator -
				Generating unique operation named: updateUsingPUT_36
2025-02-19 00:37:12 [restartedMain] INFO  s.d.s.w.r.o.CachingOperationNameGenerator -
				Generating unique operation named: activateUsingDELETE_11
2025-02-19 00:37:12 [restartedMain] INFO  s.d.s.w.r.o.CachingOperationNameGenerator -
				Generating unique operation named: deactivateUsingDELETE_11
2025-02-19 00:37:12 [restartedMain] INFO  s.d.s.w.r.o.CachingOperationNameGenerator -
				Generating unique operation named: getUsingGET_36
2025-02-19 00:37:12 [restartedMain] INFO  s.d.s.w.r.o.CachingOperationNameGenerator -
				Generating unique operation named: listAllUsingGET_35
2025-02-19 00:37:12 [restartedMain] INFO  s.d.s.w.r.o.CachingOperationNameGenerator -
				Generating unique operation named: updateUsingPUT_37
2025-02-19 00:37:12 [restartedMain] INFO  s.d.s.w.r.o.CachingOperationNameGenerator -
				Generating unique operation named: activateUsingDELETE_12
2025-02-19 00:37:12 [restartedMain] INFO  s.d.s.w.r.o.CachingOperationNameGenerator -
				Generating unique operation named: deactivateUsingDELETE_12
2025-02-19 00:37:12 [restartedMain] INFO  s.d.s.w.r.o.CachingOperationNameGenerator -
				Generating unique operation named: getUsingGET_37
2025-02-19 00:37:12 [restartedMain] INFO  s.d.s.w.r.o.CachingOperationNameGenerator -
				Generating unique operation named: listAll1UsingGET_20
2025-02-19 00:37:12 [restartedMain] INFO  s.d.s.w.r.o.CachingOperationNameGenerator -
				Generating unique operation named: updateUsingPUT_38
2025-02-19 00:37:12 [restartedMain] INFO  s.d.s.w.r.o.CachingOperationNameGenerator -
				Generating unique operation named: getUsingGET_38
2025-02-19 00:37:12 [restartedMain] INFO  s.d.s.w.r.o.CachingOperationNameGenerator -
				Generating unique operation named: listAllUsingGET_36
2025-02-19 00:37:12 [restartedMain] INFO  s.d.s.w.r.o.CachingOperationNameGenerator -
				Generating unique operation named: updateUsingPUT_39
2025-02-19 00:37:12 [restartedMain] INFO  s.d.s.w.r.o.CachingOperationNameGenerator -
				Generating unique operation named: activateUsingDELETE_13
2025-02-19 00:37:12 [restartedMain] INFO  s.d.s.w.r.o.CachingOperationNameGenerator -
				Generating unique operation named: deactivateUsingDELETE_13
2025-02-19 00:37:12 [restartedMain] INFO  s.d.s.w.r.o.CachingOperationNameGenerator -
				Generating unique operation named: getUsingGET_39
2025-02-19 00:37:12 [restartedMain] INFO  s.d.s.w.r.o.CachingOperationNameGenerator -
				Generating unique operation named: listAllUsingGET_37
2025-02-19 00:37:12 [restartedMain] INFO  s.d.s.w.r.o.CachingOperationNameGenerator -
				Generating unique operation named: updateUsingPUT_40
2025-02-19 00:37:12 [restartedMain] INFO  s.d.s.w.r.o.CachingOperationNameGenerator -
				Generating unique operation named: deleteUsingDELETE_26
2025-02-19 00:37:12 [restartedMain] INFO  s.d.s.w.r.o.CachingOperationNameGenerator -
				Generating unique operation named: delete1UsingDELETE_23
2025-02-19 00:37:12 [restartedMain] INFO  s.d.s.w.r.o.CachingOperationNameGenerator -
				Generating unique operation named: getUsingGET_40
2025-02-19 00:37:12 [restartedMain] INFO  s.d.s.w.r.o.CachingOperationNameGenerator -
				Generating unique operation named: listAllUsingGET_38
2025-02-19 00:37:12 [restartedMain] INFO  s.d.s.w.r.o.CachingOperationNameGenerator -
				Generating unique operation named: listAllUsingGET_39
2025-02-19 00:37:12 [restartedMain] INFO  s.d.s.w.r.o.CachingOperationNameGenerator -
				Generating unique operation named: updateUsingPUT_41
2025-02-19 00:37:12 [restartedMain] INFO  s.d.s.w.r.o.CachingOperationNameGenerator -
				Generating unique operation named: countRecordsUsingGET_1
2025-02-19 00:37:12 [restartedMain] INFO  s.d.s.w.r.o.CachingOperationNameGenerator -
				Generating unique operation named: deleteUsingDELETE_27
2025-02-19 00:37:12 [restartedMain] INFO  s.d.s.w.r.o.CachingOperationNameGenerator -
				Generating unique operation named: delete1UsingDELETE_24
2025-02-19 00:37:12 [restartedMain] INFO  s.d.s.w.r.o.CachingOperationNameGenerator -
				Generating unique operation named: getUsingGET_41
2025-02-19 00:37:12 [restartedMain] INFO  s.d.s.w.r.o.CachingOperationNameGenerator -
				Generating unique operation named: listAllUsingGET_40
2025-02-19 00:37:12 [restartedMain] INFO  s.d.s.w.r.o.CachingOperationNameGenerator -
				Generating unique operation named: listAll1UsingGET_21
2025-02-19 00:37:12 [restartedMain] INFO  s.d.s.w.r.o.CachingOperationNameGenerator -
				Generating unique operation named: updateUsingPUT_42
2025-02-19 00:37:12 [restartedMain] INFO  s.d.s.w.r.o.CachingOperationNameGenerator -
				Generating unique operation named: deleteUsingDELETE_28
2025-02-19 00:37:12 [restartedMain] INFO  s.d.s.w.r.o.CachingOperationNameGenerator -
				Generating unique operation named: delete1UsingDELETE_25
2025-02-19 00:37:12 [restartedMain] INFO  s.d.s.w.r.o.CachingOperationNameGenerator -
				Generating unique operation named: getUsingGET_42
2025-02-19 00:37:12 [restartedMain] INFO  s.d.s.w.r.o.CachingOperationNameGenerator -
				Generating unique operation named: listAll1UsingGET_22
2025-02-19 00:37:12 [restartedMain] INFO  s.d.s.w.r.o.CachingOperationNameGenerator -
				Generating unique operation named: deleteUsingDELETE_29
2025-02-19 00:37:12 [restartedMain] INFO  s.d.s.w.r.o.CachingOperationNameGenerator -
				Generating unique operation named: delete1UsingDELETE_26
2025-02-19 00:37:12 [restartedMain] INFO  s.d.s.w.r.o.CachingOperationNameGenerator -
				Generating unique operation named: getUsingGET_43
2025-02-19 00:37:12 [restartedMain] INFO  s.d.s.w.r.o.CachingOperationNameGenerator -
				Generating unique operation named: getAllProgramTranscriptDetailsUsingGET_1
2025-02-19 00:37:12 [restartedMain] INFO  s.d.s.w.r.o.CachingOperationNameGenerator -
				Generating unique operation named: listAllUsingGET_41
2025-02-19 00:37:12 [restartedMain] INFO  s.d.s.w.r.o.CachingOperationNameGenerator -
				Generating unique operation named: saveAcademicYearUsingPOST_2
2025-02-19 00:37:12 [restartedMain] INFO  s.d.s.w.r.o.CachingOperationNameGenerator -
				Generating unique operation named: updateUsingPUT_43
2025-02-19 00:37:12 [restartedMain] INFO  s.d.s.w.r.o.CachingOperationNameGenerator -
				Generating unique operation named: deleteUsingDELETE_30
2025-02-19 00:37:12 [restartedMain] INFO  s.d.s.w.r.o.CachingOperationNameGenerator -
				Generating unique operation named: delete1UsingDELETE_27
2025-02-19 00:37:12 [restartedMain] INFO  s.d.s.w.r.o.CachingOperationNameGenerator -
				Generating unique operation named: getUsingGET_44
2025-02-19 00:37:12 [restartedMain] INFO  s.d.s.w.r.o.CachingOperationNameGenerator -
				Generating unique operation named: listAllUsingGET_42
2025-02-19 00:37:12 [restartedMain] INFO  s.d.s.w.r.o.CachingOperationNameGenerator -
				Generating unique operation named: listAll1UsingGET_23
2025-02-19 00:37:12 [restartedMain] INFO  s.d.s.w.r.o.CachingOperationNameGenerator -
				Generating unique operation named: saveProgramTypeUsingPOST_1
2025-02-19 00:37:12 [restartedMain] INFO  s.d.s.w.r.o.CachingOperationNameGenerator -
				Generating unique operation named: updateUsingPUT_44
2025-02-19 00:37:12 [restartedMain] INFO  s.d.s.w.r.o.CachingOperationNameGenerator -
				Generating unique operation named: deleteUsingDELETE_31
2025-02-19 00:37:12 [restartedMain] INFO  s.d.s.w.r.o.CachingOperationNameGenerator -
				Generating unique operation named: delete1UsingDELETE_28
2025-02-19 00:37:12 [restartedMain] INFO  s.d.s.w.r.o.CachingOperationNameGenerator -
				Generating unique operation named: getUsingGET_45
2025-02-19 00:37:12 [restartedMain] INFO  s.d.s.w.r.o.CachingOperationNameGenerator -
				Generating unique operation named: listAllUsingGET_43
2025-02-19 00:37:12 [restartedMain] INFO  s.d.s.w.r.o.CachingOperationNameGenerator -
				Generating unique operation named: saveCourseUsingPOST_1
2025-02-19 00:37:12 [restartedMain] INFO  s.d.s.w.r.o.CachingOperationNameGenerator -
				Generating unique operation named: updateUsingPUT_45
2025-02-19 00:37:12 [restartedMain] INFO  s.d.s.w.r.o.CachingOperationNameGenerator -
				Generating unique operation named: deleteUsingDELETE_32
2025-02-19 00:37:12 [restartedMain] INFO  s.d.s.w.r.o.CachingOperationNameGenerator -
				Generating unique operation named: delete1UsingDELETE_29
2025-02-19 00:37:12 [restartedMain] INFO  s.d.s.w.r.o.CachingOperationNameGenerator -
				Generating unique operation named: getUsingGET_46
2025-02-19 00:37:12 [restartedMain] INFO  s.d.s.w.r.o.CachingOperationNameGenerator -
				Generating unique operation named: getReferenceBooksUsingGET_1
2025-02-19 00:37:12 [restartedMain] INFO  s.d.s.w.r.o.CachingOperationNameGenerator -
				Generating unique operation named: saveCourseUsingPOST_2
2025-02-19 00:37:12 [restartedMain] INFO  s.d.s.w.r.o.CachingOperationNameGenerator -
				Generating unique operation named: updateUsingPUT_46
2025-02-19 00:37:12 [restartedMain] INFO  s.d.s.w.r.o.CachingOperationNameGenerator -
				Generating unique operation named: deleteUsingDELETE_33
2025-02-19 00:37:12 [restartedMain] INFO  s.d.s.w.r.o.CachingOperationNameGenerator -
				Generating unique operation named: delete1UsingDELETE_30
2025-02-19 00:37:13 [restartedMain] INFO  s.d.s.w.r.o.CachingOperationNameGenerator -
				Generating unique operation named: getUsingGET_47
2025-02-19 00:37:13 [restartedMain] INFO  s.d.s.w.r.o.CachingOperationNameGenerator -
				Generating unique operation named: listAllUsingGET_44
2025-02-19 00:37:13 [restartedMain] INFO  s.d.s.w.r.o.CachingOperationNameGenerator -
				Generating unique operation named: updateUsingPUT_47
2025-02-19 00:37:13 [restartedMain] INFO  s.d.s.w.r.o.CachingOperationNameGenerator -
				Generating unique operation named: deleteUsingDELETE_34
2025-02-19 00:37:13 [restartedMain] INFO  s.d.s.w.r.o.CachingOperationNameGenerator -
				Generating unique operation named: delete1UsingDELETE_31
2025-02-19 00:37:13 [restartedMain] INFO  s.d.s.w.r.o.CachingOperationNameGenerator -
				Generating unique operation named: getUsingGET_48
2025-02-19 00:37:13 [restartedMain] INFO  s.d.s.w.r.o.CachingOperationNameGenerator -
				Generating unique operation named: listAllUsingGET_45
2025-02-19 00:37:13 [restartedMain] INFO  s.d.s.w.r.o.CachingOperationNameGenerator -
				Generating unique operation named: saveSubjectTypeUsingPOST_4
2025-02-19 00:37:13 [restartedMain] INFO  s.d.s.w.r.o.CachingOperationNameGenerator -
				Generating unique operation named: updateUsingPUT_48
2025-02-19 00:37:13 [restartedMain] INFO  s.d.s.w.r.o.CachingOperationNameGenerator -
				Generating unique operation named: deleteUsingDELETE_35
2025-02-19 00:37:13 [restartedMain] INFO  s.d.s.w.r.o.CachingOperationNameGenerator -
				Generating unique operation named: delete1UsingDELETE_32
2025-02-19 00:37:13 [restartedMain] INFO  s.d.s.w.r.o.CachingOperationNameGenerator -
				Generating unique operation named: getUsingGET_49
2025-02-19 00:37:13 [restartedMain] INFO  s.d.s.w.r.o.CachingOperationNameGenerator -
				Generating unique operation named: saveAcademicSchoolVisionUsingPOST_1
2025-02-19 00:37:13 [restartedMain] INFO  s.d.s.w.r.o.CachingOperationNameGenerator -
				Generating unique operation named: updateUsingPUT_49
2025-02-19 00:37:13 [restartedMain] INFO  s.d.s.w.r.o.CachingOperationNameGenerator -
				Generating unique operation named: deleteUsingDELETE_36
2025-02-19 00:37:13 [restartedMain] INFO  s.d.s.w.r.o.CachingOperationNameGenerator -
				Generating unique operation named: delete1UsingDELETE_33
2025-02-19 00:37:13 [restartedMain] INFO  s.d.s.w.r.o.CachingOperationNameGenerator -
				Generating unique operation named: getUsingGET_50
2025-02-19 00:37:13 [restartedMain] INFO  s.d.s.w.r.o.CachingOperationNameGenerator -
				Generating unique operation named: listAll1UsingGET_24
2025-02-19 00:37:13 [restartedMain] INFO  s.d.s.w.r.o.CachingOperationNameGenerator -
				Generating unique operation named: updateUsingPUT_50
2025-02-19 00:37:13 [restartedMain] INFO  s.d.s.w.r.o.CachingOperationNameGenerator -
				Generating unique operation named: deleteUsingDELETE_37
2025-02-19 00:37:13 [restartedMain] INFO  s.d.s.w.r.o.CachingOperationNameGenerator -
				Generating unique operation named: delete1UsingDELETE_34
2025-02-19 00:37:13 [restartedMain] INFO  s.d.s.w.r.o.CachingOperationNameGenerator -
				Generating unique operation named: getUsingGET_51
2025-02-19 00:37:13 [restartedMain] INFO  s.d.s.w.r.o.CachingOperationNameGenerator -
				Generating unique operation named: getCourseAssignmentEmployeeBasedOnUserIdUsingGET_1
2025-02-19 00:37:13 [restartedMain] INFO  s.d.s.w.r.o.CachingOperationNameGenerator -
				Generating unique operation named: saveAcademicSchoolVisionUsingPOST_2
2025-02-19 00:37:13 [restartedMain] INFO  s.d.s.w.r.o.CachingOperationNameGenerator -
				Generating unique operation named: updateUsingPUT_51
2025-02-19 00:37:13 [restartedMain] INFO  s.d.s.w.r.o.CachingOperationNameGenerator -
				Generating unique operation named: activateUsingDELETE_14
2025-02-19 00:37:13 [restartedMain] INFO  s.d.s.w.r.o.CachingOperationNameGenerator -
				Generating unique operation named: deactivateUsingDELETE_14
2025-02-19 00:37:13 [restartedMain] INFO  s.d.s.w.r.o.CachingOperationNameGenerator -
				Generating unique operation named: getUsingGET_52
2025-02-19 00:37:13 [restartedMain] INFO  s.d.s.w.r.o.CachingOperationNameGenerator -
				Generating unique operation named: listAll1UsingGET_25
2025-02-19 00:37:13 [restartedMain] INFO  s.d.s.w.r.o.CachingOperationNameGenerator -
				Generating unique operation named: saveSubjectTypeUsingPOST_5
2025-02-19 00:37:13 [restartedMain] INFO  s.d.s.w.r.o.CachingOperationNameGenerator -
				Generating unique operation named: updateUsingPUT_52
2025-02-19 00:37:13 [restartedMain] INFO  s.d.s.w.r.o.CachingOperationNameGenerator -
				Generating unique operation named: deleteUsingDELETE_38
2025-02-19 00:37:13 [restartedMain] INFO  s.d.s.w.r.o.CachingOperationNameGenerator -
				Generating unique operation named: getUsingGET_53
2025-02-19 00:37:13 [restartedMain] INFO  s.d.s.w.r.o.CachingOperationNameGenerator -
				Generating unique operation named: saveAliasNameUsingPOST_1
2025-02-19 00:37:13 [restartedMain] INFO  s.d.s.w.r.o.CachingOperationNameGenerator -
				Generating unique operation named: updateUsingPUT_53
2025-02-19 00:37:13 [restartedMain] INFO  s.d.s.w.r.o.CachingOperationNameGenerator -
				Generating unique operation named: deleteUsingDELETE_39
2025-02-19 00:37:13 [restartedMain] INFO  s.d.s.w.r.o.CachingOperationNameGenerator -
				Generating unique operation named: delete1UsingDELETE_35
2025-02-19 00:37:13 [restartedMain] INFO  s.d.s.w.r.o.CachingOperationNameGenerator -
				Generating unique operation named: listAllUsingGET_46
2025-02-19 00:37:13 [restartedMain] INFO  s.d.s.w.r.o.CachingOperationNameGenerator -
				Generating unique operation named: saveSubjectTypeUsingPOST_6
2025-02-19 00:37:13 [restartedMain] INFO  s.d.s.w.r.o.CachingOperationNameGenerator -
				Generating unique operation named: updateUsingPUT_54
2025-02-19 00:37:13 [restartedMain] INFO  s.d.s.w.r.o.CachingOperationNameGenerator -
				Generating unique operation named: deleteUsingDELETE_40
2025-02-19 00:37:13 [restartedMain] INFO  s.d.s.w.r.o.CachingOperationNameGenerator -
				Generating unique operation named: delete1UsingDELETE_36
2025-02-19 00:37:13 [restartedMain] INFO  s.d.s.w.r.o.CachingOperationNameGenerator -
				Generating unique operation named: getUsingGET_54
2025-02-19 00:37:13 [restartedMain] INFO  s.d.s.w.r.o.CachingOperationNameGenerator -
				Generating unique operation named: listAllUsingGET_47
2025-02-19 00:37:13 [restartedMain] INFO  s.d.s.w.r.o.CachingOperationNameGenerator -
				Generating unique operation named: listAll1UsingGET_26
2025-02-19 00:37:13 [restartedMain] INFO  s.d.s.w.r.o.CachingOperationNameGenerator -
				Generating unique operation named: saveCourseObjectiveUsingPOST_1
2025-02-19 00:37:13 [restartedMain] INFO  s.d.s.w.r.o.CachingOperationNameGenerator -
				Generating unique operation named: updateUsingPUT_55
2025-02-19 00:37:13 [restartedMain] INFO  s.d.s.w.r.o.CachingOperationNameGenerator -
				Generating unique operation named: deleteUsingDELETE_41
2025-02-19 00:37:13 [restartedMain] INFO  s.d.s.w.r.o.CachingOperationNameGenerator -
				Generating unique operation named: delete1UsingDELETE_37
2025-02-19 00:37:13 [restartedMain] INFO  s.d.s.w.r.o.CachingOperationNameGenerator -
				Generating unique operation named: getUsingGET_55
2025-02-19 00:37:13 [restartedMain] INFO  s.d.s.w.r.o.CachingOperationNameGenerator -
				Generating unique operation named: listAllUsingGET_48
2025-02-19 00:37:13 [restartedMain] INFO  s.d.s.w.r.o.CachingOperationNameGenerator -
				Generating unique operation named: listAll1UsingGET_27
2025-02-19 00:37:13 [restartedMain] INFO  s.d.s.w.r.o.CachingOperationNameGenerator -
				Generating unique operation named: updateUsingPUT_56
2025-02-19 00:37:13 [restartedMain] INFO  s.d.s.w.r.o.CachingOperationNameGenerator -
				Generating unique operation named: deleteUsingDELETE_42
2025-02-19 00:37:13 [restartedMain] INFO  s.d.s.w.r.o.CachingOperationNameGenerator -
				Generating unique operation named: delete1UsingDELETE_38
2025-02-19 00:37:13 [restartedMain] INFO  s.d.s.w.r.o.CachingOperationNameGenerator -
				Generating unique operation named: getUsingGET_56
2025-02-19 00:37:13 [restartedMain] INFO  s.d.s.w.r.o.CachingOperationNameGenerator -
				Generating unique operation named: listAllUsingGET_49
2025-02-19 00:37:13 [restartedMain] INFO  s.d.s.w.r.o.CachingOperationNameGenerator -
				Generating unique operation named: listAll1UsingGET_28
2025-02-19 00:37:13 [restartedMain] INFO  s.d.s.w.r.o.CachingOperationNameGenerator -
				Generating unique operation named: saveSubjectTypeUsingPOST_7
2025-02-19 00:37:13 [restartedMain] INFO  s.d.s.w.r.o.CachingOperationNameGenerator -
				Generating unique operation named: updateUsingPUT_57
2025-02-19 00:37:13 [restartedMain] INFO  s.d.s.w.r.o.CachingOperationNameGenerator -
				Generating unique operation named: deleteUsingDELETE_43
2025-02-19 00:37:13 [restartedMain] INFO  s.d.s.w.r.o.CachingOperationNameGenerator -
				Generating unique operation named: delete1UsingDELETE_39
2025-02-19 00:37:13 [restartedMain] INFO  s.d.s.w.r.o.CachingOperationNameGenerator -
				Generating unique operation named: getUsingGET_57
2025-02-19 00:37:13 [restartedMain] INFO  s.d.s.w.r.o.CachingOperationNameGenerator -
				Generating unique operation named: listAllUsingGET_50
2025-02-19 00:37:13 [restartedMain] INFO  s.d.s.w.r.o.CachingOperationNameGenerator -
				Generating unique operation named: listAll1UsingGET_29
2025-02-19 00:37:13 [restartedMain] INFO  s.d.s.w.r.o.CachingOperationNameGenerator -
				Generating unique operation named: listAll1UsingGET_30
2025-02-19 00:37:13 [restartedMain] INFO  s.d.s.w.r.o.CachingOperationNameGenerator -
				Generating unique operation named: updateUsingPUT_58
2025-02-19 00:37:13 [restartedMain] INFO  s.d.s.w.r.o.CachingOperationNameGenerator -
				Generating unique operation named: deleteUsingDELETE_44
2025-02-19 00:37:13 [restartedMain] INFO  s.d.s.w.r.o.CachingOperationNameGenerator -
				Generating unique operation named: delete1UsingDELETE_40
2025-02-19 00:37:13 [restartedMain] INFO  s.d.s.w.r.o.CachingOperationNameGenerator -
				Generating unique operation named: fetchAllAdministrationEmailIdsDetailUsingGET_2
2025-02-19 00:37:13 [restartedMain] INFO  s.d.s.w.r.o.CachingOperationNameGenerator -
				Generating unique operation named: getUsingGET_58
2025-02-19 00:37:13 [restartedMain] INFO  s.d.s.w.r.o.CachingOperationNameGenerator -
				Generating unique operation named: getAllEmployeesForTimeTableUsingGET_1
2025-02-19 00:37:13 [restartedMain] INFO  s.d.s.w.r.o.CachingOperationNameGenerator -
				Generating unique operation named: listAllUsingGET_51
2025-02-19 00:37:13 [restartedMain] INFO  s.d.s.w.r.o.CachingOperationNameGenerator -
				Generating unique operation named: listAll1UsingGET_31
2025-02-19 00:37:13 [restartedMain] INFO  s.d.s.w.r.o.CachingOperationNameGenerator -
				Generating unique operation named: updateUsingPUT_59
2025-02-19 00:37:13 [restartedMain] INFO  s.d.s.w.r.o.CachingOperationNameGenerator -
				Generating unique operation named: deleteUsingDELETE_45
2025-02-19 00:37:13 [restartedMain] INFO  s.d.s.w.r.o.CachingOperationNameGenerator -
				Generating unique operation named: delete1UsingDELETE_41
2025-02-19 00:37:13 [restartedMain] INFO  s.d.s.w.r.o.CachingOperationNameGenerator -
				Generating unique operation named: deleteUsingDELETE_46
2025-02-19 00:37:13 [restartedMain] INFO  s.d.s.w.r.o.CachingOperationNameGenerator -
				Generating unique operation named: delete1UsingDELETE_42
2025-02-19 00:37:13 [restartedMain] INFO  s.d.s.w.r.o.CachingOperationNameGenerator -
				Generating unique operation named: getUsingGET_59
2025-02-19 00:37:13 [restartedMain] INFO  s.d.s.w.r.o.CachingOperationNameGenerator -
				Generating unique operation named: listAllUsingGET_52
2025-02-19 00:37:13 [restartedMain] INFO  s.d.s.w.r.o.CachingOperationNameGenerator -
				Generating unique operation named: listAll1UsingGET_32
2025-02-19 00:37:13 [restartedMain] INFO  s.d.s.w.r.o.CachingOperationNameGenerator -
				Generating unique operation named: saveSubjectTypeUsingPOST_8
2025-02-19 00:37:13 [restartedMain] INFO  s.d.s.w.r.o.CachingOperationNameGenerator -
				Generating unique operation named: updateUsingPUT_60
2025-02-19 00:37:13 [restartedMain] INFO  s.d.s.w.s.ApiListingReferenceScanner -
				Scanning for api listing references
2025-02-19 00:37:13 [restartedMain] INFO  s.d.s.w.r.o.CachingOperationNameGenerator -
				Generating unique operation named: deleteUsingDELETE_47
2025-02-19 00:37:13 [restartedMain] INFO  s.d.s.w.r.o.CachingOperationNameGenerator -
				Generating unique operation named: delete1UsingDELETE_43
2025-02-19 00:37:13 [restartedMain] INFO  s.d.s.w.r.o.CachingOperationNameGenerator -
				Generating unique operation named: getUsingGET_60
2025-02-19 00:37:13 [restartedMain] INFO  s.d.s.w.r.o.CachingOperationNameGenerator -
				Generating unique operation named: getProgramUsingGET_1
2025-02-19 00:37:13 [restartedMain] INFO  s.d.s.w.r.o.CachingOperationNameGenerator -
				Generating unique operation named: listAllUsingGET_53
2025-02-19 00:37:13 [restartedMain] INFO  s.d.s.w.r.o.CachingOperationNameGenerator -
				Generating unique operation named: listAll1UsingGET_33
2025-02-19 00:37:13 [restartedMain] INFO  s.d.s.w.r.o.CachingOperationNameGenerator -
				Generating unique operation named: saveAcademicYearUsingPOST_3
2025-02-19 00:37:13 [restartedMain] INFO  s.d.s.w.r.o.CachingOperationNameGenerator -
				Generating unique operation named: updateUsingPUT_61
2025-02-19 00:37:13 [restartedMain] INFO  s.d.s.w.r.o.CachingOperationNameGenerator -
				Generating unique operation named: deleteUsingDELETE_48
2025-02-19 00:37:13 [restartedMain] INFO  s.d.s.w.r.o.CachingOperationNameGenerator -
				Generating unique operation named: delete1UsingDELETE_44
2025-02-19 00:37:13 [restartedMain] INFO  s.d.s.w.r.o.CachingOperationNameGenerator -
				Generating unique operation named: getUsingGET_61
2025-02-19 00:37:13 [restartedMain] INFO  s.d.s.w.r.o.CachingOperationNameGenerator -
				Generating unique operation named: listAllUsingGET_54
2025-02-19 00:37:13 [restartedMain] INFO  s.d.s.w.r.o.CachingOperationNameGenerator -
				Generating unique operation named: listAll1UsingGET_34
2025-02-19 00:37:13 [restartedMain] INFO  s.d.s.w.r.o.CachingOperationNameGenerator -
				Generating unique operation named: saveacademic_schoolUsingPOST_1
2025-02-19 00:37:13 [restartedMain] INFO  s.d.s.w.r.o.CachingOperationNameGenerator -
				Generating unique operation named: updateUsingPUT_62
2025-02-19 00:37:13 [restartedMain] INFO  s.d.s.w.r.o.CachingOperationNameGenerator -
				Generating unique operation named: deleteUsingDELETE_49
2025-02-19 00:37:13 [restartedMain] INFO  s.d.s.w.r.o.CachingOperationNameGenerator -
				Generating unique operation named: delete1UsingDELETE_45
2025-02-19 00:37:13 [restartedMain] INFO  s.d.s.w.r.o.CachingOperationNameGenerator -
				Generating unique operation named: getUsingGET_62
2025-02-19 00:37:13 [restartedMain] INFO  s.d.s.w.r.o.CachingOperationNameGenerator -
				Generating unique operation named: listAllUsingGET_55
2025-02-19 00:37:13 [restartedMain] INFO  s.d.s.w.r.o.CachingOperationNameGenerator -
				Generating unique operation named: listAllUsingGET_56
2025-02-19 00:37:13 [restartedMain] INFO  s.d.s.w.r.o.CachingOperationNameGenerator -
				Generating unique operation named: saveAcademicSchoolVisionUsingPOST_3
2025-02-19 00:37:13 [restartedMain] INFO  s.d.s.w.r.o.CachingOperationNameGenerator -
				Generating unique operation named: updateUsingPUT_63
2025-02-19 00:37:13 [restartedMain] INFO  s.d.s.w.r.o.CachingOperationNameGenerator -
				Generating unique operation named: countRecordsUsingGET_2
2025-02-19 00:37:13 [restartedMain] INFO  s.d.s.w.r.o.CachingOperationNameGenerator -
				Generating unique operation named: deleteUsingDELETE_50
2025-02-19 00:37:13 [restartedMain] INFO  s.d.s.w.r.o.CachingOperationNameGenerator -
				Generating unique operation named: delete1UsingDELETE_46
2025-02-19 00:37:13 [restartedMain] INFO  s.d.s.w.r.o.CachingOperationNameGenerator -
				Generating unique operation named: fetch1UsingGET_1
2025-02-19 00:37:13 [restartedMain] INFO  s.d.s.w.r.o.CachingOperationNameGenerator -
				Generating unique operation named: getUsingGET_63
2025-02-19 00:37:13 [restartedMain] INFO  s.d.s.w.r.o.CachingOperationNameGenerator -
				Generating unique operation named: getAcademicYearByACYearIdUsingGET_1
2025-02-19 00:37:13 [restartedMain] INFO  s.d.s.w.r.o.CachingOperationNameGenerator -
				Generating unique operation named: listAllUsingGET_57
2025-02-19 00:37:13 [restartedMain] INFO  s.d.s.w.r.o.CachingOperationNameGenerator -
				Generating unique operation named: listAll1UsingGET_35
2025-02-19 00:37:13 [restartedMain] INFO  s.d.s.w.r.o.CachingOperationNameGenerator -
				Generating unique operation named: saveAcademicYearUsingPOST_4
2025-02-19 00:37:13 [restartedMain] INFO  s.d.s.w.r.o.CachingOperationNameGenerator -
				Generating unique operation named: updateUsingPUT_64
2025-02-19 00:37:13 [restartedMain] INFO  s.d.s.w.r.o.CachingOperationNameGenerator -
				Generating unique operation named: deleteUsingDELETE_51
2025-02-19 00:37:13 [restartedMain] INFO  s.d.s.w.r.o.CachingOperationNameGenerator -
				Generating unique operation named: delete1UsingDELETE_47
2025-02-19 00:37:13 [restartedMain] INFO  s.d.s.w.r.o.CachingOperationNameGenerator -
				Generating unique operation named: getUsingGET_64
2025-02-19 00:37:13 [restartedMain] INFO  s.d.s.w.r.o.CachingOperationNameGenerator -
				Generating unique operation named: listAllUsingGET_58
2025-02-19 00:37:13 [restartedMain] INFO  s.d.s.w.r.o.CachingOperationNameGenerator -
				Generating unique operation named: listAllUsingGET_59
2025-02-19 00:37:13 [restartedMain] INFO  s.d.s.w.r.o.CachingOperationNameGenerator -
				Generating unique operation named: saveAcademicsProgramVisionUsingPOST_1
2025-02-19 00:37:13 [restartedMain] INFO  s.d.s.w.r.o.CachingOperationNameGenerator -
				Generating unique operation named: updateUsingPUT_65
2025-02-19 00:37:13 [restartedMain] INFO  s.d.s.w.r.o.CachingOperationNameGenerator -
				Generating unique operation named: activateUsingDELETE_15
2025-02-19 00:37:13 [restartedMain] INFO  s.d.s.w.r.o.CachingOperationNameGenerator -
				Generating unique operation named: deactivateUsingDELETE_15
2025-02-19 00:37:13 [restartedMain] INFO  s.d.s.w.r.o.CachingOperationNameGenerator -
				Generating unique operation named: getUsingGET_65
2025-02-19 00:37:13 [restartedMain] INFO  s.d.s.w.r.o.CachingOperationNameGenerator -
				Generating unique operation named: listAllUsingGET_60
2025-02-19 00:37:13 [restartedMain] INFO  s.d.s.w.r.o.CachingOperationNameGenerator -
				Generating unique operation named: updateUsingPUT_66
2025-02-19 00:37:13 [restartedMain] INFO  s.d.s.w.r.o.CachingOperationNameGenerator -
				Generating unique operation named: uploadFileUsingPOST_1
2025-02-19 00:37:13 [restartedMain] INFO  s.d.s.w.r.o.CachingOperationNameGenerator -
				Generating unique operation named: viewFilesUsingGET_1
2025-02-19 00:37:13 [restartedMain] INFO  s.d.s.w.r.o.CachingOperationNameGenerator -
				Generating unique operation named: activateUsingDELETE_16
2025-02-19 00:37:13 [restartedMain] INFO  s.d.s.w.r.o.CachingOperationNameGenerator -
				Generating unique operation named: deactivateUsingDELETE_16
2025-02-19 00:37:13 [restartedMain] INFO  s.d.s.w.r.o.CachingOperationNameGenerator -
				Generating unique operation named: getUsingGET_66
2025-02-19 00:37:13 [restartedMain] INFO  s.d.s.w.r.o.CachingOperationNameGenerator -
				Generating unique operation named: listAllUsingGET_61
2025-02-19 00:37:13 [restartedMain] INFO  s.d.s.w.r.o.CachingOperationNameGenerator -
				Generating unique operation named: updateUsingPUT_67
2025-02-19 00:37:13 [restartedMain] INFO  s.d.s.w.r.o.CachingOperationNameGenerator -
				Generating unique operation named: activateUsingDELETE_17
2025-02-19 00:37:13 [restartedMain] INFO  s.d.s.w.r.o.CachingOperationNameGenerator -
				Generating unique operation named: deactivateUsingDELETE_17
2025-02-19 00:37:13 [restartedMain] INFO  s.d.s.w.r.o.CachingOperationNameGenerator -
				Generating unique operation named: getUsingGET_67
2025-02-19 00:37:13 [restartedMain] INFO  s.d.s.w.r.o.CachingOperationNameGenerator -
				Generating unique operation named: listAllUsingGET_62
2025-02-19 00:37:13 [restartedMain] INFO  s.d.s.w.r.o.CachingOperationNameGenerator -
				Generating unique operation named: updateUsingPUT_68
2025-02-19 00:37:13 [restartedMain] INFO  s.d.s.w.r.o.CachingOperationNameGenerator -
				Generating unique operation named: activateUsingDELETE_18
2025-02-19 00:37:13 [restartedMain] INFO  s.d.s.w.r.o.CachingOperationNameGenerator -
				Generating unique operation named: deactivateUsingDELETE_18
2025-02-19 00:37:13 [restartedMain] INFO  s.d.s.w.r.o.CachingOperationNameGenerator -
				Generating unique operation named: fetchAllAdministrationEmailIdsDetailUsingGET_3
2025-02-19 00:37:13 [restartedMain] INFO  s.d.s.w.r.o.CachingOperationNameGenerator -
				Generating unique operation named: getUsingGET_68
2025-02-19 00:37:13 [restartedMain] INFO  s.d.s.w.r.o.CachingOperationNameGenerator -
				Generating unique operation named: listAllUsingGET_63
2025-02-19 00:37:13 [restartedMain] INFO  s.d.s.w.r.o.CachingOperationNameGenerator -
				Generating unique operation named: saveAdministrationEmailIdsUsingPOST_1
2025-02-19 00:37:13 [restartedMain] INFO  s.d.s.w.r.o.CachingOperationNameGenerator -
				Generating unique operation named: updateAdministrationEmailIdsUsingPUT_1
2025-02-19 00:37:13 [restartedMain] INFO  s.d.s.w.r.o.CachingOperationNameGenerator -
				Generating unique operation named: activateUsingDELETE_19
2025-02-19 00:37:13 [restartedMain] INFO  s.d.s.w.r.o.CachingOperationNameGenerator -
				Generating unique operation named: deactivateUsingDELETE_19
2025-02-19 00:37:13 [restartedMain] INFO  s.d.s.w.r.o.CachingOperationNameGenerator -
				Generating unique operation named: fetchTimeTableDetailsByEmployeeIdUsingGET_1
2025-02-19 00:37:13 [restartedMain] INFO  s.d.s.w.r.o.CachingOperationNameGenerator -
				Generating unique operation named: getAllDeptUsingGET_3
2025-02-19 00:37:13 [restartedMain] INFO  s.d.s.w.r.o.CachingOperationNameGenerator -
				Generating unique operation named: updateUsingPUT_69
2025-02-19 00:37:13 [restartedMain] INFO  s.d.s.w.r.o.CachingOperationNameGenerator -
				Generating unique operation named: deleteUsingDELETE_52
2025-02-19 00:37:14 [restartedMain] INFO  s.d.s.w.r.o.CachingOperationNameGenerator -
				Generating unique operation named: getUsingGET_69
2025-02-19 00:37:14 [restartedMain] INFO  s.d.s.w.r.o.CachingOperationNameGenerator -
				Generating unique operation named: listAllUsingGET_64
2025-02-19 00:37:14 [restartedMain] INFO  s.d.s.w.r.o.CachingOperationNameGenerator -
				Generating unique operation named: saveAliasNameUsingPOST_2
2025-02-19 00:37:14 [restartedMain] INFO  s.d.s.w.r.o.CachingOperationNameGenerator -
				Generating unique operation named: updateUsingPUT_70
2025-02-19 00:37:14 [restartedMain] INFO  s.d.s.w.r.o.CachingOperationNameGenerator -
				Generating unique operation named: deleteUsingDELETE_53
2025-02-19 00:37:14 [restartedMain] INFO  s.d.s.w.r.o.CachingOperationNameGenerator -
				Generating unique operation named: getUsingGET_70
2025-02-19 00:37:14 [restartedMain] INFO  s.d.s.w.r.o.CachingOperationNameGenerator -
				Generating unique operation named: listAllUsingGET_65
2025-02-19 00:37:14 [restartedMain] INFO  s.d.s.w.r.o.CachingOperationNameGenerator -
				Generating unique operation named: updateUsingPUT_71
2025-02-19 00:37:14 [restartedMain] INFO  s.d.s.w.r.o.CachingOperationNameGenerator -
				Generating unique operation named: getUsingGET_71
2025-02-19 00:37:14 [restartedMain] INFO  s.d.s.w.r.o.CachingOperationNameGenerator -
				Generating unique operation named: deleteUsingDELETE_54
2025-02-19 00:37:14 [restartedMain] INFO  s.d.s.w.r.o.CachingOperationNameGenerator -
				Generating unique operation named: delete1UsingDELETE_48
2025-02-19 00:37:14 [restartedMain] INFO  s.d.s.w.r.o.CachingOperationNameGenerator -
				Generating unique operation named: getUsingGET_72
2025-02-19 00:37:14 [restartedMain] INFO  s.d.s.w.r.o.CachingOperationNameGenerator -
				Generating unique operation named: listAllUsingGET_66
2025-02-19 00:37:14 [restartedMain] INFO  s.d.s.w.r.o.CachingOperationNameGenerator -
				Generating unique operation named: updateUsingPUT_72
2025-02-19 00:37:14 [restartedMain] INFO  s.d.s.w.r.o.CachingOperationNameGenerator -
				Generating unique operation named: deleteUsingDELETE_55
2025-02-19 00:37:14 [restartedMain] INFO  s.d.s.w.r.o.CachingOperationNameGenerator -
				Generating unique operation named: getUsingGET_73
2025-02-19 00:37:14 [restartedMain] INFO  s.d.s.w.r.o.CachingOperationNameGenerator -
				Generating unique operation named: listAllUsingGET_67
2025-02-19 00:37:14 [restartedMain] INFO  s.d.s.w.r.o.CachingOperationNameGenerator -
				Generating unique operation named: updateUsingPUT_73
2025-02-19 00:37:14 [restartedMain] INFO  s.d.s.w.r.o.CachingOperationNameGenerator -
				Generating unique operation named: deleteUsingDELETE_56
2025-02-19 00:37:14 [restartedMain] INFO  s.d.s.w.r.o.CachingOperationNameGenerator -
				Generating unique operation named: getUsingGET_74
2025-02-19 00:37:14 [restartedMain] INFO  s.d.s.w.r.o.CachingOperationNameGenerator -
				Generating unique operation named: listAllUsingGET_68
2025-02-19 00:37:14 [restartedMain] INFO  s.d.s.w.r.o.CachingOperationNameGenerator -
				Generating unique operation named: updateUsingPUT_74
2025-02-19 00:37:14 [restartedMain] INFO  s.d.s.w.r.o.CachingOperationNameGenerator -
				Generating unique operation named: deleteUsingDELETE_57
2025-02-19 00:37:14 [restartedMain] INFO  s.d.s.w.r.o.CachingOperationNameGenerator -
				Generating unique operation named: getUsingGET_75
2025-02-19 00:37:14 [restartedMain] INFO  s.d.s.w.r.o.CachingOperationNameGenerator -
				Generating unique operation named: listAllUsingGET_69
2025-02-19 00:37:14 [restartedMain] INFO  s.d.s.w.r.o.CachingOperationNameGenerator -
				Generating unique operation named: updateUsingPUT_75
2025-02-19 00:37:14 [restartedMain] INFO  s.d.s.w.r.o.CachingOperationNameGenerator -
				Generating unique operation named: uploadFileUsingPOST_2
2025-02-19 00:37:14 [restartedMain] INFO  s.d.s.w.r.o.CachingOperationNameGenerator -
				Generating unique operation named: viewFilesUsingGET_2
2025-02-19 00:37:14 [restartedMain] INFO  s.d.s.w.r.o.CachingOperationNameGenerator -
				Generating unique operation named: deleteUsingDELETE_58
2025-02-19 00:37:14 [restartedMain] INFO  s.d.s.w.r.o.CachingOperationNameGenerator -
				Generating unique operation named: delete1UsingDELETE_49
2025-02-19 00:37:14 [restartedMain] INFO  s.d.s.w.r.o.CachingOperationNameGenerator -
				Generating unique operation named: getUsingGET_76
2025-02-19 00:37:14 [restartedMain] INFO  s.d.s.w.r.o.CachingOperationNameGenerator -
				Generating unique operation named: listAllUsingGET_70
2025-02-19 00:37:14 [restartedMain] INFO  s.d.s.w.r.o.CachingOperationNameGenerator -
				Generating unique operation named: updateUsingPUT_76
2025-02-19 00:37:14 [restartedMain] INFO  s.d.s.w.r.o.CachingOperationNameGenerator -
				Generating unique operation named: deleteUsingDELETE_59
2025-02-19 00:37:14 [restartedMain] INFO  s.d.s.w.r.o.CachingOperationNameGenerator -
				Generating unique operation named: delete1UsingDELETE_50
2025-02-19 00:37:14 [restartedMain] INFO  s.d.s.w.r.o.CachingOperationNameGenerator -
				Generating unique operation named: fetchAllBanknDetailsUsingGET_1
2025-02-19 00:37:14 [restartedMain] INFO  s.d.s.w.r.o.CachingOperationNameGenerator -
				Generating unique operation named: getUsingGET_77
2025-02-19 00:37:14 [restartedMain] INFO  s.d.s.w.r.o.CachingOperationNameGenerator -
				Generating unique operation named: listAllUsingGET_71
2025-02-19 00:37:14 [restartedMain] INFO  s.d.s.w.r.o.CachingOperationNameGenerator -
				Generating unique operation named: saveBankUsingPOST_1
2025-02-19 00:37:14 [restartedMain] INFO  s.d.s.w.r.o.CachingOperationNameGenerator -
				Generating unique operation named: updateUsingPUT_77
2025-02-19 00:37:14 [restartedMain] INFO  s.d.s.w.r.o.CachingOperationNameGenerator -
				Generating unique operation named: activateUsingDELETE_20
2025-02-19 00:37:14 [restartedMain] INFO  s.d.s.w.r.o.CachingOperationNameGenerator -
				Generating unique operation named: deactivateUsingDELETE_20
2025-02-19 00:37:14 [restartedMain] INFO  s.d.s.w.r.o.CachingOperationNameGenerator -
				Generating unique operation named: getUsingGET_78
2025-02-19 00:37:14 [restartedMain] INFO  s.d.s.w.r.o.CachingOperationNameGenerator -
				Generating unique operation named: getAllDeptUsingGET_4
2025-02-19 00:37:14 [restartedMain] INFO  s.d.s.w.r.o.CachingOperationNameGenerator -
				Generating unique operation named: listAllUsingGET_72
2025-02-19 00:37:14 [restartedMain] INFO  s.d.s.w.r.o.CachingOperationNameGenerator -
				Generating unique operation named: activateUsingDELETE_21
2025-02-19 00:37:14 [restartedMain] INFO  s.d.s.w.r.o.CachingOperationNameGenerator -
				Generating unique operation named: deactivateUsingDELETE_21
2025-02-19 00:37:14 [restartedMain] INFO  s.d.s.w.r.o.CachingOperationNameGenerator -
				Generating unique operation named: getUsingGET_79
2025-02-19 00:37:14 [restartedMain] INFO  s.d.s.w.r.o.CachingOperationNameGenerator -
				Generating unique operation named: listAllUsingGET_73
2025-02-19 00:37:14 [restartedMain] INFO  s.d.s.w.r.o.CachingOperationNameGenerator -
				Generating unique operation named: postDataFromFileUsingPOST_1
2025-02-19 00:37:14 [restartedMain] INFO  s.d.s.w.r.o.CachingOperationNameGenerator -
				Generating unique operation named: updateUsingPUT_78
2025-02-19 00:37:14 [restartedMain] INFO  s.d.s.w.r.o.CachingOperationNameGenerator -
				Generating unique operation named: BatchAssignmentUsingPUT_1
2025-02-19 00:37:14 [restartedMain] INFO  s.d.s.w.r.o.CachingOperationNameGenerator -
				Generating unique operation named: assignedStudentDetailsByBatchAssignmentIdUsingGET_1
2025-02-19 00:37:14 [restartedMain] INFO  s.d.s.w.r.o.CachingOperationNameGenerator -
				Generating unique operation named: batchAssignmentUpdateFromIndexPageUsingPUT_1
2025-02-19 00:37:14 [restartedMain] INFO  s.d.s.w.r.o.CachingOperationNameGenerator -
				Generating unique operation named: batchByAcademicYearUsingGET_1
2025-02-19 00:37:14 [restartedMain] INFO  s.d.s.w.r.o.CachingOperationNameGenerator -
				Generating unique operation named: batchByAcademicYearAndSpecializationIdUsingGET_1
2025-02-19 00:37:14 [restartedMain] INFO  s.d.s.w.r.o.CachingOperationNameGenerator -
				Generating unique operation named: deleteUsingDELETE_60
2025-02-19 00:37:14 [restartedMain] INFO  s.d.s.w.r.o.CachingOperationNameGenerator -
				Generating unique operation named: delete1UsingDELETE_51
2025-02-19 00:37:14 [restartedMain] INFO  s.d.s.w.r.o.CachingOperationNameGenerator -
				Generating unique operation named: fetchAllBatchAssignmentDetailsBasedOnSchoolAndCreatedByUsingGET_1
2025-02-19 00:37:14 [restartedMain] INFO  s.d.s.w.r.o.CachingOperationNameGenerator -
				Generating unique operation named: fetchBatchAssignmentDetailForStudentFromIndexUsingGET_1
2025-02-19 00:37:14 [restartedMain] INFO  s.d.s.w.r.o.CachingOperationNameGenerator -
				Generating unique operation named: fetchGuestStudentDetailsUsingGET_1
2025-02-19 00:37:14 [restartedMain] INFO  s.d.s.w.r.o.CachingOperationNameGenerator -
				Generating unique operation named: fetchStudentDetailForBatchAssignmentUsingGET_1
2025-02-19 00:37:14 [restartedMain] INFO  s.d.s.w.r.o.CachingOperationNameGenerator -
				Generating unique operation named: fetchStudentDetailForBatchAssignmentFromIndexUsingGET_1
2025-02-19 00:37:14 [restartedMain] INFO  s.d.s.w.r.o.CachingOperationNameGenerator -
				Generating unique operation named: fetchStudentDetailsForUpdateUsingGET_1
2025-02-19 00:37:14 [restartedMain] INFO  s.d.s.w.r.o.CachingOperationNameGenerator -
				Generating unique operation named: fetchUnAssignedStudentDetailsOfSchoolUsingGET_1
2025-02-19 00:37:14 [restartedMain] INFO  s.d.s.w.r.o.CachingOperationNameGenerator -
				Generating unique operation named: getUsingGET_80
2025-02-19 00:37:14 [restartedMain] INFO  s.d.s.w.r.o.CachingOperationNameGenerator -
				Generating unique operation named: getBatchAssignmentUserIdUsingGET_1
2025-02-19 00:37:14 [restartedMain] INFO  s.d.s.w.r.o.CachingOperationNameGenerator -
				Generating unique operation named: getBatchProgramAssignmentUsingGET_1
2025-02-19 00:37:14 [restartedMain] INFO  s.d.s.w.r.o.CachingOperationNameGenerator -
				Generating unique operation named: getCountOfStudentsAssignedToBatchUsingGET_1
2025-02-19 00:37:14 [restartedMain] INFO  s.d.s.w.r.o.CachingOperationNameGenerator -
				Generating unique operation named: listAllUsingGET_74
2025-02-19 00:37:14 [restartedMain] INFO  s.d.s.w.r.o.CachingOperationNameGenerator -
				Generating unique operation named: saveSubjectTypeUsingPOST_9
2025-02-19 00:37:14 [restartedMain] INFO  s.d.s.w.r.o.CachingOperationNameGenerator -
				Generating unique operation named: studentDetailsWithBatchNameUsingGET_1
2025-02-19 00:37:14 [restartedMain] INFO  s.d.s.w.r.o.CachingOperationNameGenerator -
				Generating unique operation named: deleteUsingDELETE_61
2025-02-19 00:37:14 [restartedMain] INFO  s.d.s.w.r.o.CachingOperationNameGenerator -
				Generating unique operation named: delete1UsingDELETE_52
2025-02-19 00:37:14 [restartedMain] INFO  s.d.s.w.r.o.CachingOperationNameGenerator -
				Generating unique operation named: getUsingGET_81
2025-02-19 00:37:14 [restartedMain] INFO  s.d.s.w.r.o.CachingOperationNameGenerator -
				Generating unique operation named: listAllUsingGET_75
2025-02-19 00:37:14 [restartedMain] INFO  s.d.s.w.r.o.CachingOperationNameGenerator -
				Generating unique operation named: listAll1UsingGET_36
2025-02-19 00:37:14 [restartedMain] INFO  s.d.s.w.r.o.CachingOperationNameGenerator -
				Generating unique operation named: saveSubjectTypeUsingPOST_10
2025-02-19 00:37:14 [restartedMain] INFO  s.d.s.w.r.o.CachingOperationNameGenerator -
				Generating unique operation named: updateUsingPUT_79
2025-02-19 00:37:14 [restartedMain] INFO  s.d.s.w.r.o.CachingOperationNameGenerator -
				Generating unique operation named: assignedProgramAssignmentByBatchAssignmentIdUsingGET_1
2025-02-19 00:37:14 [restartedMain] INFO  s.d.s.w.r.o.CachingOperationNameGenerator -
				Generating unique operation named: assignedProgramByBatchAssignmentIdUsingGET_1
2025-02-19 00:37:14 [restartedMain] INFO  s.d.s.w.r.o.CachingOperationNameGenerator -
				Generating unique operation named: assignedProgramSpecilizationByBatchAssignmentIdUsingGET_1
2025-02-19 00:37:14 [restartedMain] INFO  s.d.s.w.r.o.CachingOperationNameGenerator -
				Generating unique operation named: deleteUsingDELETE_62
2025-02-19 00:37:14 [restartedMain] INFO  s.d.s.w.r.o.CachingOperationNameGenerator -
				Generating unique operation named: getUsingGET_82
2025-02-19 00:37:14 [restartedMain] INFO  s.d.s.w.r.o.CachingOperationNameGenerator -
				Generating unique operation named: listAllUsingGET_76
2025-02-19 00:37:14 [restartedMain] INFO  s.d.s.w.r.o.CachingOperationNameGenerator -
				Generating unique operation named: saveCourseAssignmentUsingPOST_1
2025-02-19 00:37:14 [restartedMain] INFO  s.d.s.w.r.o.CachingOperationNameGenerator -
				Generating unique operation named: updateUsingPUT_80
2025-02-19 00:37:14 [restartedMain] INFO  s.d.s.w.r.o.CachingOperationNameGenerator -
				Generating unique operation named: deleteUsingDELETE_63
2025-02-19 00:37:14 [restartedMain] INFO  s.d.s.w.r.o.CachingOperationNameGenerator -
				Generating unique operation named: delete1UsingDELETE_53
2025-02-19 00:37:14 [restartedMain] INFO  s.d.s.w.r.o.CachingOperationNameGenerator -
				Generating unique operation named: getUsingGET_83
2025-02-19 00:37:14 [restartedMain] INFO  s.d.s.w.r.o.CachingOperationNameGenerator -
				Generating unique operation named: listAllUsingGET_77
2025-02-19 00:37:14 [restartedMain] INFO  s.d.s.w.r.o.CachingOperationNameGenerator -
				Generating unique operation named: listAll1UsingGET_37
2025-02-19 00:37:14 [restartedMain] INFO  s.d.s.w.r.o.CachingOperationNameGenerator -
				Generating unique operation named: updateUsingPUT_81
2025-02-19 00:37:15 [restartedMain] INFO  s.d.s.w.r.o.CachingOperationNameGenerator -
				Generating unique operation named: deleteUsingDELETE_64
2025-02-19 00:37:15 [restartedMain] INFO  s.d.s.w.r.o.CachingOperationNameGenerator -
				Generating unique operation named: delete1UsingDELETE_54
2025-02-19 00:37:15 [restartedMain] INFO  s.d.s.w.r.o.CachingOperationNameGenerator -
				Generating unique operation named: getUsingGET_84
2025-02-19 00:37:15 [restartedMain] INFO  s.d.s.w.r.o.CachingOperationNameGenerator -
				Generating unique operation named: listAllUsingGET_78
2025-02-19 00:37:15 [restartedMain] INFO  s.d.s.w.r.o.CachingOperationNameGenerator -
				Generating unique operation named: listAll1UsingGET_38
2025-02-19 00:37:15 [restartedMain] INFO  s.d.s.w.r.o.CachingOperationNameGenerator -
				Generating unique operation named: saveAcademicYearUsingPOST_5
2025-02-19 00:37:15 [restartedMain] INFO  s.d.s.w.r.o.CachingOperationNameGenerator -
				Generating unique operation named: updateUsingPUT_82
2025-02-19 00:37:15 [restartedMain] INFO  s.d.s.w.r.o.CachingOperationNameGenerator -
				Generating unique operation named: updateUsingPUT_83
2025-02-19 00:37:15 [restartedMain] INFO  s.d.s.w.r.o.CachingOperationNameGenerator -
				Generating unique operation named: deleteUsingDELETE_65
2025-02-19 00:37:15 [restartedMain] INFO  s.d.s.w.r.o.CachingOperationNameGenerator -
				Generating unique operation named: delete1UsingDELETE_55
2025-02-19 00:37:15 [restartedMain] INFO  s.d.s.w.r.o.CachingOperationNameGenerator -
				Generating unique operation named: getUsingGET_85
2025-02-19 00:37:15 [restartedMain] INFO  s.d.s.w.r.o.CachingOperationNameGenerator -
				Generating unique operation named: listAllUsingGET_79
2025-02-19 00:37:15 [restartedMain] INFO  s.d.s.w.r.o.CachingOperationNameGenerator -
				Generating unique operation named: listAll1UsingGET_39
2025-02-19 00:37:15 [restartedMain] INFO  s.d.s.w.r.o.CachingOperationNameGenerator -
				Generating unique operation named: listAll1UsingGET_40
2025-02-19 00:37:15 [restartedMain] INFO  s.d.s.w.r.o.CachingOperationNameGenerator -
				Generating unique operation named: saveProgramTypeUsingPOST_2
2025-02-19 00:37:15 [restartedMain] INFO  s.d.s.w.r.o.CachingOperationNameGenerator -
				Generating unique operation named: updateUsingPUT_84
2025-02-19 00:37:15 [restartedMain] INFO  s.d.s.w.r.o.CachingOperationNameGenerator -
				Generating unique operation named: activateUsingDELETE_22
2025-02-19 00:37:15 [restartedMain] INFO  s.d.s.w.r.o.CachingOperationNameGenerator -
				Generating unique operation named: deactivateUsingDELETE_22
2025-02-19 00:37:15 [restartedMain] INFO  s.d.s.w.r.o.CachingOperationNameGenerator -
				Generating unique operation named: fetchAllAdministrationEmailIdsDetailUsingGET_4
2025-02-19 00:37:15 [restartedMain] INFO  s.d.s.w.r.o.CachingOperationNameGenerator -
				Generating unique operation named: getUsingGET_86
2025-02-19 00:37:15 [restartedMain] INFO  s.d.s.w.r.o.CachingOperationNameGenerator -
				Generating unique operation named: uploadFileUsingPOST_3
2025-02-19 00:37:15 [restartedMain] INFO  s.d.s.w.r.o.CachingOperationNameGenerator -
				Generating unique operation named: viewFilesUsingGET_3
2025-02-19 00:37:15 [restartedMain] INFO  s.d.s.w.r.o.CachingOperationNameGenerator -
				Generating unique operation named: downloadFileUsingGET_1
2025-02-19 00:37:15 [restartedMain] INFO  s.d.s.w.r.o.CachingOperationNameGenerator -
				Generating unique operation named: uploadFileUsingPOST_4
2025-02-19 00:37:15 [restartedMain] INFO  s.d.s.w.r.o.CachingOperationNameGenerator -
				Generating unique operation named: viewFilesUsingGET_4
2025-02-19 00:37:15 [restartedMain] INFO  s.d.s.w.r.o.CachingOperationNameGenerator -
				Generating unique operation named: activateUsingDELETE_23
2025-02-19 00:37:15 [restartedMain] INFO  s.d.s.w.r.o.CachingOperationNameGenerator -
				Generating unique operation named: deactivateUsingDELETE_23
2025-02-19 00:37:15 [restartedMain] INFO  s.d.s.w.r.o.CachingOperationNameGenerator -
				Generating unique operation named: getUsingGET_87
2025-02-19 00:37:15 [restartedMain] INFO  s.d.s.w.r.o.CachingOperationNameGenerator -
				Generating unique operation named: getAllDeptUsingGET_5
2025-02-19 00:37:15 [restartedMain] INFO  s.d.s.w.r.o.CachingOperationNameGenerator -
				Generating unique operation named: updateUsingPUT_85
2025-02-19 00:37:15 [restartedMain] INFO  s.d.s.w.r.o.CachingOperationNameGenerator -
				Generating unique operation named: delete1UsingDELETE_56
2025-02-19 00:37:15 [restartedMain] INFO  s.d.s.w.r.o.CachingOperationNameGenerator -
				Generating unique operation named: deleteUsingDELETE_66
2025-02-19 00:37:15 [restartedMain] INFO  s.d.s.w.r.o.CachingOperationNameGenerator -
				Generating unique operation named: deleteUsingDELETE_67
2025-02-19 00:37:15 [restartedMain] INFO  s.d.s.w.r.o.CachingOperationNameGenerator -
				Generating unique operation named: delete1UsingDELETE_57
2025-02-19 00:37:15 [restartedMain] INFO  s.d.s.w.r.o.CachingOperationNameGenerator -
				Generating unique operation named: getUsingGET_88
2025-02-19 00:37:15 [restartedMain] INFO  s.d.s.w.r.o.CachingOperationNameGenerator -
				Generating unique operation named: listAllUsingGET_80
2025-02-19 00:37:15 [restartedMain] INFO  s.d.s.w.r.o.CachingOperationNameGenerator -
				Generating unique operation named: listAll1UsingGET_41
2025-02-19 00:37:15 [restartedMain] INFO  s.d.s.w.r.o.CachingOperationNameGenerator -
				Generating unique operation named: updateUsingPUT_86
2025-02-19 00:37:15 [restartedMain] INFO  s.d.s.w.r.o.CachingOperationNameGenerator -
				Generating unique operation named: getUsingGET_89
2025-02-19 00:37:15 [restartedMain] INFO  s.d.s.w.r.o.CachingOperationNameGenerator -
				Generating unique operation named: updateUsingPUT_87
2025-02-19 00:37:15 [restartedMain] INFO  s.d.s.w.r.o.CachingOperationNameGenerator -
				Generating unique operation named: uploadFileUsingPOST_5
2025-02-19 00:37:15 [restartedMain] INFO  s.d.s.w.r.o.CachingOperationNameGenerator -
				Generating unique operation named: viewFilesUsingGET_5
2025-02-19 00:37:15 [restartedMain] INFO  s.d.s.w.r.o.CachingOperationNameGenerator -
				Generating unique operation named: getUsingGET_90
2025-02-19 00:37:15 [restartedMain] INFO  s.d.s.w.r.o.CachingOperationNameGenerator -
				Generating unique operation named: listAllUsingGET_81
2025-02-19 00:37:15 [restartedMain] INFO  s.d.s.w.r.o.CachingOperationNameGenerator -
				Generating unique operation named: listAllUsingGET_82
2025-02-19 00:37:15 [restartedMain] INFO  s.d.s.w.r.o.CachingOperationNameGenerator -
				Generating unique operation named: listAll1UsingGET_42
2025-02-19 00:37:15 [restartedMain] INFO  s.d.s.w.r.o.CachingOperationNameGenerator -
				Generating unique operation named: deleteUsingDELETE_68
2025-02-19 00:37:15 [restartedMain] INFO  s.d.s.w.r.o.CachingOperationNameGenerator -
				Generating unique operation named: delete1UsingDELETE_58
2025-02-19 00:37:15 [restartedMain] INFO  s.d.s.w.r.o.CachingOperationNameGenerator -
				Generating unique operation named: getUsingGET_91
2025-02-19 00:37:15 [restartedMain] INFO  s.d.s.w.r.o.CachingOperationNameGenerator -
				Generating unique operation named: listAllUsingGET_83
2025-02-19 00:37:15 [restartedMain] INFO  s.d.s.w.r.o.CachingOperationNameGenerator -
				Generating unique operation named: updateUsingPUT_88
2025-02-19 00:37:15 [restartedMain] INFO  s.d.s.w.r.o.CachingOperationNameGenerator -
				Generating unique operation named: downloadFileUsingGET_2
2025-02-19 00:37:15 [restartedMain] INFO  s.d.s.w.r.o.CachingOperationNameGenerator -
				Generating unique operation named: getUsingGET_92
2025-02-19 00:37:15 [restartedMain] INFO  s.d.s.w.r.o.CachingOperationNameGenerator -
				Generating unique operation named: deleteUsingDELETE_69
2025-02-19 00:37:15 [restartedMain] INFO  s.d.s.w.r.o.CachingOperationNameGenerator -
				Generating unique operation named: delete1UsingDELETE_59
2025-02-19 00:37:15 [restartedMain] INFO  s.d.s.w.r.o.CachingOperationNameGenerator -
				Generating unique operation named: getUsingGET_93
2025-02-19 00:37:15 [restartedMain] INFO  s.d.s.w.r.o.CachingOperationNameGenerator -
				Generating unique operation named: listAllUsingGET_84
2025-02-19 00:37:15 [restartedMain] INFO  s.d.s.w.r.o.CachingOperationNameGenerator -
				Generating unique operation named: listAll1UsingGET_43
2025-02-19 00:37:15 [restartedMain] INFO  s.d.s.w.r.o.CachingOperationNameGenerator -
				Generating unique operation named: saveCandidateWalkinUsingPOST_1
2025-02-19 00:37:15 [restartedMain] INFO  s.d.s.w.r.o.CachingOperationNameGenerator -
				Generating unique operation named: updateUsingPUT_89
2025-02-19 00:37:15 [restartedMain] INFO  s.d.s.w.r.o.CachingOperationNameGenerator -
				Generating unique operation named: updateUsingPUT_90
2025-02-19 00:37:15 [restartedMain] INFO  s.d.s.w.r.o.CachingOperationNameGenerator -
				Generating unique operation named: deleteUsingDELETE_70
2025-02-19 00:37:15 [restartedMain] INFO  s.d.s.w.r.o.CachingOperationNameGenerator -
				Generating unique operation named: delete1UsingDELETE_60
2025-02-19 00:37:15 [restartedMain] INFO  s.d.s.w.r.o.CachingOperationNameGenerator -
				Generating unique operation named: getUsingGET_94
2025-02-19 00:37:15 [restartedMain] INFO  s.d.s.w.r.o.CachingOperationNameGenerator -
				Generating unique operation named: listAllUsingGET_85
2025-02-19 00:37:15 [restartedMain] INFO  s.d.s.w.r.o.CachingOperationNameGenerator -
				Generating unique operation named: updateUsingPUT_91
2025-02-19 00:37:15 [restartedMain] INFO  s.d.s.w.r.o.CachingOperationNameGenerator -
				Generating unique operation named: deleteUsingDELETE_71
2025-02-19 00:37:15 [restartedMain] INFO  s.d.s.w.r.o.CachingOperationNameGenerator -
				Generating unique operation named: delete1UsingDELETE_61
2025-02-19 00:37:15 [restartedMain] INFO  s.d.s.w.r.o.CachingOperationNameGenerator -
				Generating unique operation named: listAllUsingGET_86
2025-02-19 00:37:15 [restartedMain] INFO  s.d.s.w.r.o.CachingOperationNameGenerator -
				Generating unique operation named: listAll1UsingGET_44
2025-02-19 00:37:15 [restartedMain] INFO  s.d.s.w.r.o.CachingOperationNameGenerator -
				Generating unique operation named: deleteUsingDELETE_72
2025-02-19 00:37:15 [restartedMain] INFO  s.d.s.w.r.o.CachingOperationNameGenerator -
				Generating unique operation named: delete1UsingDELETE_62
2025-02-19 00:37:15 [restartedMain] INFO  s.d.s.w.r.o.CachingOperationNameGenerator -
				Generating unique operation named: listAllUsingGET_87
2025-02-19 00:37:15 [restartedMain] INFO  s.d.s.w.r.o.CachingOperationNameGenerator -
				Generating unique operation named: listAll1UsingGET_45
2025-02-19 00:37:15 [restartedMain] INFO  s.d.s.w.r.o.CachingOperationNameGenerator -
				Generating unique operation named: downloadFileUsingGET_3
2025-02-19 00:37:15 [restartedMain] INFO  s.d.s.w.r.o.CachingOperationNameGenerator -
				Generating unique operation named: uploadFileUsingPOST_6
2025-02-19 00:37:15 [restartedMain] INFO  s.d.s.w.r.o.CachingOperationNameGenerator -
				Generating unique operation named: getUsingGET_95
2025-02-19 00:37:15 [restartedMain] INFO  s.d.s.w.r.o.CachingOperationNameGenerator -
				Generating unique operation named: listAllUsingGET_88
2025-02-19 00:37:15 [restartedMain] INFO  s.d.s.w.r.o.CachingOperationNameGenerator -
				Generating unique operation named: activateUsingDELETE_24
2025-02-19 00:37:15 [restartedMain] INFO  s.d.s.w.r.o.CachingOperationNameGenerator -
				Generating unique operation named: deactivateUsingDELETE_24
2025-02-19 00:37:15 [restartedMain] INFO  s.d.s.w.r.o.CachingOperationNameGenerator -
				Generating unique operation named: getUsingGET_96
2025-02-19 00:37:15 [restartedMain] INFO  s.d.s.w.r.o.CachingOperationNameGenerator -
				Generating unique operation named: getAllClassCommencementDetailsUsingGET_1
2025-02-19 00:37:15 [restartedMain] INFO  s.d.s.w.r.o.CachingOperationNameGenerator -
				Generating unique operation named: getClassCommencementDetailsUsingGET_1
2025-02-19 00:37:15 [restartedMain] INFO  s.d.s.w.r.o.CachingOperationNameGenerator -
				Generating unique operation named: getClassCommencementDetailsForValidatingTimeTableUsingGET_1
2025-02-19 00:37:15 [restartedMain] INFO  s.d.s.w.r.o.CachingOperationNameGenerator -
				Generating unique operation named: listAllUsingGET_89
2025-02-19 00:37:15 [restartedMain] INFO  s.d.s.w.r.o.CachingOperationNameGenerator -
				Generating unique operation named: saveClassCommencementDetailsUsingPOST_1
2025-02-19 00:37:15 [restartedMain] INFO  s.d.s.w.r.o.CachingOperationNameGenerator -
				Generating unique operation named: updateUsingPUT_92
2025-02-19 00:37:15 [restartedMain] INFO  s.d.s.w.r.o.CachingOperationNameGenerator -
				Generating unique operation named: activateUsingDELETE_25
2025-02-19 00:37:15 [restartedMain] INFO  s.d.s.w.r.o.CachingOperationNameGenerator -
				Generating unique operation named: deactivateUsingDELETE_25
2025-02-19 00:37:15 [restartedMain] INFO  s.d.s.w.r.o.CachingOperationNameGenerator -
				Generating unique operation named: listAllUsingGET_90
2025-02-19 00:37:15 [restartedMain] INFO  s.d.s.w.r.o.CachingOperationNameGenerator -
				Generating unique operation named: activateUsingDELETE_26
2025-02-19 00:37:15 [restartedMain] INFO  s.d.s.w.r.o.CachingOperationNameGenerator -
				Generating unique operation named: deactivateUsingDELETE_26
2025-02-19 00:37:15 [restartedMain] INFO  s.d.s.w.r.o.CachingOperationNameGenerator -
				Generating unique operation named: getUsingGET_97
2025-02-19 00:37:15 [restartedMain] INFO  s.d.s.w.r.o.CachingOperationNameGenerator -
				Generating unique operation named: listAllUsingGET_91
2025-02-19 00:37:15 [restartedMain] INFO  s.d.s.w.r.o.CachingOperationNameGenerator -
				Generating unique operation named: updateUsingPUT_93
2025-02-19 00:37:15 [restartedMain] INFO  s.d.s.w.r.o.CachingOperationNameGenerator -
				Generating unique operation named: activateUsingDELETE_27
2025-02-19 00:37:15 [restartedMain] INFO  s.d.s.w.r.o.CachingOperationNameGenerator -
				Generating unique operation named: deactivateUsingDELETE_27
2025-02-19 00:37:15 [restartedMain] INFO  s.d.s.w.r.o.CachingOperationNameGenerator -
				Generating unique operation named: getUsingGET_98
2025-02-19 00:37:15 [restartedMain] INFO  s.d.s.w.r.o.CachingOperationNameGenerator -
				Generating unique operation named: getAllDeptUsingGET_6
2025-02-19 00:37:15 [restartedMain] INFO  s.d.s.w.r.o.CachingOperationNameGenerator -
				Generating unique operation named: activateUsingDELETE_28
2025-02-19 00:37:15 [restartedMain] INFO  s.d.s.w.r.o.CachingOperationNameGenerator -
				Generating unique operation named: deactivateUsingDELETE_28
2025-02-19 00:37:15 [restartedMain] INFO  s.d.s.w.r.o.CachingOperationNameGenerator -
				Generating unique operation named: getUsingGET_99
2025-02-19 00:37:15 [restartedMain] INFO  s.d.s.w.r.o.CachingOperationNameGenerator -
				Generating unique operation named: getAllCtUsingGET_1
2025-02-19 00:37:15 [restartedMain] INFO  s.d.s.w.r.o.CachingOperationNameGenerator -
				Generating unique operation named: getCommencementTypeDetailsUsingGET_1
2025-02-19 00:37:15 [restartedMain] INFO  s.d.s.w.r.o.CachingOperationNameGenerator -
				Generating unique operation named: listAllUsingGET_92
2025-02-19 00:37:15 [restartedMain] INFO  s.d.s.w.r.o.CachingOperationNameGenerator -
				Generating unique operation named: saveCtUsingPOST_1
2025-02-19 00:37:15 [restartedMain] INFO  s.d.s.w.r.o.CachingOperationNameGenerator -
				Generating unique operation named: updateUsingPUT_94
2025-02-19 00:37:15 [restartedMain] INFO  s.d.s.w.r.o.CachingOperationNameGenerator -
				Generating unique operation named: activateUsingDELETE_29
2025-02-19 00:37:15 [restartedMain] INFO  s.d.s.w.r.o.CachingOperationNameGenerator -
				Generating unique operation named: deactivateUsingDELETE_29
2025-02-19 00:37:15 [restartedMain] INFO  s.d.s.w.r.o.CachingOperationNameGenerator -
				Generating unique operation named: fetchAllAdministrationEmailIdsDetailUsingGET_5
2025-02-19 00:37:15 [restartedMain] INFO  s.d.s.w.r.o.CachingOperationNameGenerator -
				Generating unique operation named: getUsingGET_100
2025-02-19 00:37:15 [restartedMain] INFO  s.d.s.w.r.o.CachingOperationNameGenerator -
				Generating unique operation named: uploadFileUsingPOST_7
2025-02-19 00:37:15 [restartedMain] INFO  s.d.s.w.r.o.CachingOperationNameGenerator -
				Generating unique operation named: viewFilesUsingGET_6
2025-02-19 00:37:15 [restartedMain] INFO  s.d.s.w.r.o.CachingOperationNameGenerator -
				Generating unique operation named: deleteUsingDELETE_73
2025-02-19 00:37:15 [restartedMain] INFO  s.d.s.w.r.o.CachingOperationNameGenerator -
				Generating unique operation named: getUsingGET_101
2025-02-19 00:37:15 [restartedMain] INFO  s.d.s.w.r.o.CachingOperationNameGenerator -
				Generating unique operation named: listAllUsingGET_93
2025-02-19 00:37:15 [restartedMain] INFO  s.d.s.w.r.o.CachingOperationNameGenerator -
				Generating unique operation named: updateUsingPUT_95
2025-02-19 00:37:15 [restartedMain] INFO  s.d.s.w.r.o.CachingOperationNameGenerator -
				Generating unique operation named: getUsingGET_102
2025-02-19 00:37:15 [restartedMain] INFO  s.d.s.w.r.o.CachingOperationNameGenerator -
				Generating unique operation named: listAllUsingGET_94
2025-02-19 00:37:15 [restartedMain] INFO  s.d.s.w.r.o.CachingOperationNameGenerator -
				Generating unique operation named: allCourseDetailFromCourseAssignmentUsingGET_1
2025-02-19 00:37:15 [restartedMain] INFO  s.d.s.w.r.o.CachingOperationNameGenerator -
				Generating unique operation named: deleteUsingDELETE_74
2025-02-19 00:37:15 [restartedMain] INFO  s.d.s.w.r.o.CachingOperationNameGenerator -
				Generating unique operation named: delete1UsingDELETE_63
2025-02-19 00:37:15 [restartedMain] INFO  s.d.s.w.r.o.CachingOperationNameGenerator -
				Generating unique operation named: fetchAllAmountDetailUsingGET_2
2025-02-19 00:37:15 [restartedMain] INFO  s.d.s.w.r.o.CachingOperationNameGenerator -
				Generating unique operation named: fetchAllAmountDetailUsingGET_3
2025-02-19 00:37:15 [restartedMain] INFO  s.d.s.w.r.o.CachingOperationNameGenerator -
				Generating unique operation named: fetchAllCourseAssignmentDetailsBasedOnUserIdUsingGET_1
2025-02-19 00:37:15 [restartedMain] INFO  s.d.s.w.r.o.CachingOperationNameGenerator -
				Generating unique operation named: fetchAllCourseDetailUsingGET_1
2025-02-19 00:37:15 [restartedMain] INFO  s.d.s.w.r.o.CachingOperationNameGenerator -
				Generating unique operation named: fetchAllCourseDetailsForCourseMappingIndexUsingGET_1
2025-02-19 00:37:15 [restartedMain] INFO  s.d.s.w.r.o.CachingOperationNameGenerator -
				Generating unique operation named: fetchAllDetailByIdsUsingGET_1
2025-02-19 00:37:15 [restartedMain] INFO  s.d.s.w.r.o.CachingOperationNameGenerator -
				Generating unique operation named: fetchAllDetailsBySyllabusIdUsingGET_1
2025-02-19 00:37:15 [restartedMain] INFO  s.d.s.w.r.o.CachingOperationNameGenerator -
				Generating unique operation named: fetchCourseDetailUsingGET_1
2025-02-19 00:37:15 [restartedMain] INFO  s.d.s.w.r.o.CachingOperationNameGenerator -
				Generating unique operation named: fetchCourseObjectiveUsingGET_1
2025-02-19 00:37:15 [restartedMain] INFO  s.d.s.w.r.o.CachingOperationNameGenerator -
				Generating unique operation named: fetchCourseOutcomeUsingGET_1
2025-02-19 00:37:15 [restartedMain] INFO  s.d.s.w.r.o.CachingOperationNameGenerator -
				Generating unique operation named: fetchSyllabusDetailsUsingGET_1
2025-02-19 00:37:15 [restartedMain] INFO  s.d.s.w.r.o.CachingOperationNameGenerator -
				Generating unique operation named: getUsingGET_103
2025-02-19 00:37:15 [restartedMain] INFO  s.d.s.w.r.o.CachingOperationNameGenerator -
				Generating unique operation named: getAllActiveCourseDetailsDataUsingGET_1
2025-02-19 00:37:15 [restartedMain] INFO  s.d.s.w.r.o.CachingOperationNameGenerator -
				Generating unique operation named: getCourseAssignmentDetailsBasedOnUserIdUsingGET_1
2025-02-19 00:37:15 [restartedMain] INFO  s.d.s.w.r.o.CachingOperationNameGenerator -
				Generating unique operation named: getCourseDetailsDataUsingGET_1
2025-02-19 00:37:15 [restartedMain] INFO  s.d.s.w.r.o.CachingOperationNameGenerator -
				Generating unique operation named: getReferenceBooksDetailUsingGET_1
2025-02-19 00:37:15 [restartedMain] INFO  s.d.s.w.r.o.CachingOperationNameGenerator -
				Generating unique operation named: listAllUsingGET_95
2025-02-19 00:37:15 [restartedMain] INFO  s.d.s.w.r.o.CachingOperationNameGenerator -
				Generating unique operation named: listAll1UsingGET_46
2025-02-19 00:37:15 [restartedMain] INFO  s.d.s.w.r.o.CachingOperationNameGenerator -
				Generating unique operation named: saveCourseAssignmentUsingPOST_2
2025-02-19 00:37:15 [restartedMain] INFO  s.d.s.w.r.o.CachingOperationNameGenerator -
				Generating unique operation named: updateUsingPUT_96
2025-02-19 00:37:15 [restartedMain] INFO  s.d.s.w.r.o.CachingOperationNameGenerator -
				Generating unique operation named: deleteUsingDELETE_75
2025-02-19 00:37:15 [restartedMain] INFO  s.d.s.w.r.o.CachingOperationNameGenerator -
				Generating unique operation named: delete1UsingDELETE_64
2025-02-19 00:37:15 [restartedMain] INFO  s.d.s.w.r.o.CachingOperationNameGenerator -
				Generating unique operation named: getUsingGET_104
2025-02-19 00:37:15 [restartedMain] INFO  s.d.s.w.r.o.CachingOperationNameGenerator -
				Generating unique operation named: getAllActiveCourseAssignmentEmployeeUsingGET_1
2025-02-19 00:37:15 [restartedMain] INFO  s.d.s.w.r.o.CachingOperationNameGenerator -
				Generating unique operation named: getCountOfCourseBasedOnUserIdUsingGET_1
2025-02-19 00:37:15 [restartedMain] INFO  s.d.s.w.r.o.CachingOperationNameGenerator -
				Generating unique operation named: getCourseAssignmentEmployeeBasedOnUserIdUsingGET_2
2025-02-19 00:37:15 [restartedMain] INFO  s.d.s.w.r.o.CachingOperationNameGenerator -
				Generating unique operation named: listAll1UsingGET_47
2025-02-19 00:37:15 [restartedMain] INFO  s.d.s.w.r.o.CachingOperationNameGenerator -
				Generating unique operation named: saveCourseAssignmentEmployeeUsingPOST_1
2025-02-19 00:37:15 [restartedMain] INFO  s.d.s.w.r.o.CachingOperationNameGenerator -
				Generating unique operation named: updateUsingPUT_97
2025-02-19 00:37:15 [restartedMain] INFO  s.d.s.w.r.o.CachingOperationNameGenerator -
				Generating unique operation named: deleteUsingDELETE_76
2025-02-19 00:37:15 [restartedMain] INFO  s.d.s.w.r.o.CachingOperationNameGenerator -
				Generating unique operation named: getUsingGET_105
2025-02-19 00:37:15 [restartedMain] INFO  s.d.s.w.r.o.CachingOperationNameGenerator -
				Generating unique operation named: listAllUsingGET_96
2025-02-19 00:37:15 [restartedMain] INFO  s.d.s.w.r.o.CachingOperationNameGenerator -
				Generating unique operation named: saveCourseBranchAssignmentUsingPOST_1
2025-02-19 00:37:15 [restartedMain] INFO  s.d.s.w.r.o.CachingOperationNameGenerator -
				Generating unique operation named: updateUsingPUT_98
2025-02-19 00:37:15 [restartedMain] INFO  s.d.s.w.r.o.CachingOperationNameGenerator -
				Generating unique operation named: deleteUsingDELETE_77
2025-02-19 00:37:15 [restartedMain] INFO  s.d.s.w.r.o.CachingOperationNameGenerator -
				Generating unique operation named: getUsingGET_106
2025-02-19 00:37:15 [restartedMain] INFO  s.d.s.w.r.o.CachingOperationNameGenerator -
				Generating unique operation named: listAllUsingGET_97
2025-02-19 00:37:15 [restartedMain] INFO  s.d.s.w.r.o.CachingOperationNameGenerator -
				Generating unique operation named: saveCourseBranchUsingPOST_1
2025-02-19 00:37:15 [restartedMain] INFO  s.d.s.w.r.o.CachingOperationNameGenerator -
				Generating unique operation named: updateUsingPUT_99
2025-02-19 00:37:15 [restartedMain] INFO  s.d.s.w.r.o.CachingOperationNameGenerator -
				Generating unique operation named: deleteUsingDELETE_78
2025-02-19 00:37:15 [restartedMain] INFO  s.d.s.w.r.o.CachingOperationNameGenerator -
				Generating unique operation named: delete1UsingDELETE_65
2025-02-19 00:37:15 [restartedMain] INFO  s.d.s.w.r.o.CachingOperationNameGenerator -
				Generating unique operation named: getByIdUsingGET_1
2025-02-19 00:37:15 [restartedMain] INFO  s.d.s.w.r.o.CachingOperationNameGenerator -
				Generating unique operation named: listAllUsingGET_98
2025-02-19 00:37:15 [restartedMain] INFO  s.d.s.w.r.o.CachingOperationNameGenerator -
				Generating unique operation named: listAll1UsingGET_48
2025-02-19 00:37:15 [restartedMain] INFO  s.d.s.w.r.o.CachingOperationNameGenerator -
				Generating unique operation named: saveCourseCategoryUsingPOST_1
2025-02-19 00:37:15 [restartedMain] INFO  s.d.s.w.r.o.CachingOperationNameGenerator -
				Generating unique operation named: updateByIdUsingPUT_1
2025-02-19 00:37:15 [restartedMain] INFO  s.d.s.w.r.o.CachingOperationNameGenerator -
				Generating unique operation named: allDetailsUsingGET_1
2025-02-19 00:37:15 [restartedMain] INFO  s.d.s.w.r.o.CachingOperationNameGenerator -
				Generating unique operation named: categoryTypeDetailsOnCatgoryTypeCreationUsingGET_1
2025-02-19 00:37:15 [restartedMain] INFO  s.d.s.w.r.o.CachingOperationNameGenerator -
				Generating unique operation named: coursesForLessonPlanUsingGET_1
2025-02-19 00:37:15 [restartedMain] INFO  s.d.s.w.r.o.CachingOperationNameGenerator -
				Generating unique operation named: deleteUsingDELETE_79
2025-02-19 00:37:15 [restartedMain] INFO  s.d.s.w.r.o.CachingOperationNameGenerator -
				Generating unique operation named: delete1UsingDELETE_66
2025-02-19 00:37:15 [restartedMain] INFO  s.d.s.w.r.o.CachingOperationNameGenerator -
				Generating unique operation named: getUsingGET_107
2025-02-19 00:37:15 [restartedMain] INFO  s.d.s.w.r.o.CachingOperationNameGenerator -
				Generating unique operation named: getCourseConcatUsingGET_1
2025-02-19 00:37:15 [restartedMain] INFO  s.d.s.w.r.o.CachingOperationNameGenerator -
				Generating unique operation named: listAllUsingGET_99
2025-02-19 00:37:15 [restartedMain] INFO  s.d.s.w.r.o.CachingOperationNameGenerator -
				Generating unique operation named: listAll1UsingGET_49
2025-02-19 00:37:15 [restartedMain] INFO  s.d.s.w.r.o.CachingOperationNameGenerator -
				Generating unique operation named: saveCourseUsingPOST_3
2025-02-19 00:37:15 [restartedMain] INFO  s.d.s.w.r.o.CachingOperationNameGenerator -
				Generating unique operation named: updateUsingPUT_100
2025-02-19 00:37:15 [restartedMain] INFO  s.d.s.w.r.o.CachingOperationNameGenerator -
				Generating unique operation named: deleteUsingDELETE_80
2025-02-19 00:37:15 [restartedMain] INFO  s.d.s.w.r.o.CachingOperationNameGenerator -
				Generating unique operation named: delete1UsingDELETE_67
2025-02-19 00:37:15 [restartedMain] INFO  s.d.s.w.r.o.CachingOperationNameGenerator -
				Generating unique operation named: getUsingGET_108
2025-02-19 00:37:16 [restartedMain] INFO  s.d.s.w.r.o.CachingOperationNameGenerator -
				Generating unique operation named: listAllUsingGET_100
2025-02-19 00:37:16 [restartedMain] INFO  s.d.s.w.r.o.CachingOperationNameGenerator -
				Generating unique operation named: listAll1UsingGET_50
2025-02-19 00:37:16 [restartedMain] INFO  s.d.s.w.r.o.CachingOperationNameGenerator -
				Generating unique operation named: saveCourseCreditUsingPOST_1
2025-02-19 00:37:16 [restartedMain] INFO  s.d.s.w.r.o.CachingOperationNameGenerator -
				Generating unique operation named: updateUsingPUT_101
2025-02-19 00:37:16 [restartedMain] INFO  s.d.s.w.r.o.CachingOperationNameGenerator -
				Generating unique operation named: activateUsingDELETE_30
2025-02-19 00:37:16 [restartedMain] INFO  s.d.s.w.r.o.CachingOperationNameGenerator -
				Generating unique operation named: deactivateUsingDELETE_30
2025-02-19 00:37:16 [restartedMain] INFO  s.d.s.w.r.o.CachingOperationNameGenerator -
				Generating unique operation named: getUsingGET_109
2025-02-19 00:37:16 [restartedMain] INFO  s.d.s.w.r.o.CachingOperationNameGenerator -
				Generating unique operation named: getAllDeptUsingGET_7
2025-02-19 00:37:16 [restartedMain] INFO  s.d.s.w.r.o.CachingOperationNameGenerator -
				Generating unique operation named: getCourseObjectiveAndOutcomeUsingGET_1
2025-02-19 00:37:16 [restartedMain] INFO  s.d.s.w.r.o.CachingOperationNameGenerator -
				Generating unique operation named: getCourseObjectiveDetailsUsingGET_1
2025-02-19 00:37:16 [restartedMain] INFO  s.d.s.w.r.o.CachingOperationNameGenerator -
				Generating unique operation named: getCoursesConcateUsingGET_1
2025-02-19 00:37:16 [restartedMain] INFO  s.d.s.w.r.o.CachingOperationNameGenerator -
				Generating unique operation named: listAllUsingGET_101
2025-02-19 00:37:16 [restartedMain] INFO  s.d.s.w.r.o.CachingOperationNameGenerator -
				Generating unique operation named: saveCourseObjectiveUsingPOST_2
2025-02-19 00:37:16 [restartedMain] INFO  s.d.s.w.r.o.CachingOperationNameGenerator -
				Generating unique operation named: updateUsingPUT_102
2025-02-19 00:37:16 [restartedMain] INFO  s.d.s.w.r.o.CachingOperationNameGenerator -
				Generating unique operation named: activateUsingDELETE_31
2025-02-19 00:37:16 [restartedMain] INFO  s.d.s.w.r.o.CachingOperationNameGenerator -
				Generating unique operation named: deactivateUsingDELETE_31
2025-02-19 00:37:16 [restartedMain] INFO  s.d.s.w.r.o.CachingOperationNameGenerator -
				Generating unique operation named: getUsingGET_110
2025-02-19 00:37:16 [restartedMain] INFO  s.d.s.w.r.o.CachingOperationNameGenerator -
				Generating unique operation named: getAllDeptUsingGET_8
2025-02-19 00:37:16 [restartedMain] INFO  s.d.s.w.r.o.CachingOperationNameGenerator -
				Generating unique operation named: getCourseOutComeUsingGET_1
2025-02-19 00:37:16 [restartedMain] INFO  s.d.s.w.r.o.CachingOperationNameGenerator -
				Generating unique operation named: getCourseOutComeDetailsUsingGET_1
2025-02-19 00:37:16 [restartedMain] INFO  s.d.s.w.r.o.CachingOperationNameGenerator -
				Generating unique operation named: getToxonomyDetailsUsingGET_1
2025-02-19 00:37:16 [restartedMain] INFO  s.d.s.w.r.o.CachingOperationNameGenerator -
				Generating unique operation named: listAllUsingGET_102
2025-02-19 00:37:16 [restartedMain] INFO  s.d.s.w.r.o.CachingOperationNameGenerator -
				Generating unique operation named: saveCourseOutComeUsingPOST_1
2025-02-19 00:37:16 [restartedMain] INFO  s.d.s.w.r.o.CachingOperationNameGenerator -
				Generating unique operation named: updateUsingPUT_103
2025-02-19 00:37:16 [restartedMain] INFO  s.d.s.w.r.o.CachingOperationNameGenerator -
				Generating unique operation named: activateUsingDELETE_32
2025-02-19 00:37:16 [restartedMain] INFO  s.d.s.w.r.o.CachingOperationNameGenerator -
				Generating unique operation named: deactivateUsingDELETE_32
2025-02-19 00:37:16 [restartedMain] INFO  s.d.s.w.r.o.CachingOperationNameGenerator -
				Generating unique operation named: fetchProgramIdsUsingGET_1
2025-02-19 00:37:16 [restartedMain] INFO  s.d.s.w.r.o.CachingOperationNameGenerator -
				Generating unique operation named: getUsingGET_111
2025-02-19 00:37:16 [restartedMain] INFO  s.d.s.w.r.o.CachingOperationNameGenerator -
				Generating unique operation named: getAllCoursePatternUsingGET_1
2025-02-19 00:37:16 [restartedMain] INFO  s.d.s.w.r.o.CachingOperationNameGenerator -
				Generating unique operation named: listAllUsingGET_103
2025-02-19 00:37:16 [restartedMain] INFO  s.d.s.w.r.o.CachingOperationNameGenerator -
				Generating unique operation named: saveDeptUsingPOST_1
2025-02-19 00:37:16 [restartedMain] INFO  s.d.s.w.r.o.CachingOperationNameGenerator -
				Generating unique operation named: updateUsingPUT_104
2025-02-19 00:37:16 [restartedMain] INFO  s.d.s.w.r.o.CachingOperationNameGenerator -
				Generating unique operation named: deleteUsingDELETE_81
2025-02-19 00:37:16 [restartedMain] INFO  s.d.s.w.r.o.CachingOperationNameGenerator -
				Generating unique operation named: delete1UsingDELETE_68
2025-02-19 00:37:16 [restartedMain] INFO  s.d.s.w.r.o.CachingOperationNameGenerator -
				Generating unique operation named: getUsingGET_112
2025-02-19 00:37:16 [restartedMain] INFO  s.d.s.w.r.o.CachingOperationNameGenerator -
				Generating unique operation named: listAllUsingGET_104
2025-02-19 00:37:16 [restartedMain] INFO  s.d.s.w.r.o.CachingOperationNameGenerator -
				Generating unique operation named: listAll1UsingGET_51
2025-02-19 00:37:16 [restartedMain] INFO  s.d.s.w.r.o.CachingOperationNameGenerator -
				Generating unique operation named: saveCoursePriceUsingPOST_1
2025-02-19 00:37:16 [restartedMain] INFO  s.d.s.w.r.o.CachingOperationNameGenerator -
				Generating unique operation named: updateUsingPUT_105
2025-02-19 00:37:16 [restartedMain] INFO  s.d.s.w.r.o.CachingOperationNameGenerator -
				Generating unique operation named: assignMultipleCourseToStudentUsingPOST_1
2025-02-19 00:37:16 [restartedMain] INFO  s.d.s.w.r.o.CachingOperationNameGenerator -
				Generating unique operation named: courseDetailsForStudentsAssignmentUsingGET_1
2025-02-19 00:37:16 [restartedMain] INFO  s.d.s.w.r.o.CachingOperationNameGenerator -
				Generating unique operation named: courseStudentAssignmentIdsOnStudentIdsUsingGET_1
2025-02-19 00:37:16 [restartedMain] INFO  s.d.s.w.r.o.CachingOperationNameGenerator -
				Generating unique operation named: coursesAssignedToStudentUsingGET_1
2025-02-19 00:37:16 [restartedMain] INFO  s.d.s.w.r.o.CachingOperationNameGenerator -
				Generating unique operation named: deleteUsingDELETE_82
2025-02-19 00:37:16 [restartedMain] INFO  s.d.s.w.r.o.CachingOperationNameGenerator -
				Generating unique operation named: delete1UsingDELETE_69
2025-02-19 00:37:16 [restartedMain] INFO  s.d.s.w.r.o.CachingOperationNameGenerator -
				Generating unique operation named: getUsingGET_113
2025-02-19 00:37:16 [restartedMain] INFO  s.d.s.w.r.o.CachingOperationNameGenerator -
				Generating unique operation named: getStudentDetailDataUsingGET_1
2025-02-19 00:37:16 [restartedMain] INFO  s.d.s.w.r.o.CachingOperationNameGenerator -
				Generating unique operation named: getStudentDetailsForCourseAssignmentUsingGET_1
2025-02-19 00:37:16 [restartedMain] INFO  s.d.s.w.r.o.CachingOperationNameGenerator -
				Generating unique operation named: getcoursesAssignedToStudentUsingGET_1
2025-02-19 00:37:16 [restartedMain] INFO  s.d.s.w.r.o.CachingOperationNameGenerator -
				Generating unique operation named: listAllUsingGET_105
2025-02-19 00:37:16 [restartedMain] INFO  s.d.s.w.r.o.CachingOperationNameGenerator -
				Generating unique operation named: listAll1UsingGET_52
2025-02-19 00:37:16 [restartedMain] INFO  s.d.s.w.r.o.CachingOperationNameGenerator -
				Generating unique operation named: saveCourseStudentAssignmentUsingPOST_1
2025-02-19 00:37:16 [restartedMain] INFO  s.d.s.w.r.o.CachingOperationNameGenerator -
				Generating unique operation named: updateCourseStudentAssignmentUsingPUT_1
2025-02-19 00:37:16 [restartedMain] INFO  s.d.s.w.r.o.CachingOperationNameGenerator -
				Generating unique operation named: deleteUsingDELETE_83
2025-02-19 00:37:16 [restartedMain] INFO  s.d.s.w.r.o.CachingOperationNameGenerator -
				Generating unique operation named: delete1UsingDELETE_70
2025-02-19 00:37:16 [restartedMain] INFO  s.d.s.w.r.o.CachingOperationNameGenerator -
				Generating unique operation named: getUsingGET_114
2025-02-19 00:37:16 [restartedMain] INFO  s.d.s.w.r.o.CachingOperationNameGenerator -
				Generating unique operation named: listAllUsingGET_106
2025-02-19 00:37:16 [restartedMain] INFO  s.d.s.w.r.o.CachingOperationNameGenerator -
				Generating unique operation named: listAll1UsingGET_53
2025-02-19 00:37:16 [restartedMain] INFO  s.d.s.w.r.o.CachingOperationNameGenerator -
				Generating unique operation named: saveSubjectTypeUsingPOST_11
2025-02-19 00:37:16 [restartedMain] INFO  s.d.s.w.r.o.CachingOperationNameGenerator -
				Generating unique operation named: updateUsingPUT_106
2025-02-19 00:37:16 [restartedMain] INFO  s.d.s.w.r.o.CachingOperationNameGenerator -
				Generating unique operation named: activateUsingDELETE_33
2025-02-19 00:37:16 [restartedMain] INFO  s.d.s.w.r.o.CachingOperationNameGenerator -
				Generating unique operation named: deactivateUsingDELETE_33
2025-02-19 00:37:16 [restartedMain] INFO  s.d.s.w.r.o.CachingOperationNameGenerator -
				Generating unique operation named: listAllUsingGET_107
2025-02-19 00:37:16 [restartedMain] INFO  s.d.s.w.r.o.CachingOperationNameGenerator -
				Generating unique operation named: activateUsingDELETE_34
2025-02-19 00:37:16 [restartedMain] INFO  s.d.s.w.r.o.CachingOperationNameGenerator -
				Generating unique operation named: deactivateUsingDELETE_34
2025-02-19 00:37:16 [restartedMain] INFO  s.d.s.w.r.o.CachingOperationNameGenerator -
				Generating unique operation named: getActiveDetailsUsingGET_1
2025-02-19 00:37:16 [restartedMain] INFO  s.d.s.w.r.o.CachingOperationNameGenerator -
				Generating unique operation named: getDetailByIdUsingGET_1
2025-02-19 00:37:16 [restartedMain] INFO  s.d.s.w.r.o.CachingOperationNameGenerator -
				Generating unique operation named: listAllUsingGET_108
2025-02-19 00:37:16 [restartedMain] INFO  s.d.s.w.r.o.CachingOperationNameGenerator -
				Generating unique operation named: updateDetailByIdUsingPUT_1
2025-02-19 00:37:16 [restartedMain] INFO  s.d.s.w.r.o.CachingOperationNameGenerator -
				Generating unique operation named: deleteUsingDELETE_84
2025-02-19 00:37:16 [restartedMain] INFO  s.d.s.w.r.o.CachingOperationNameGenerator -
				Generating unique operation named: delete1UsingDELETE_71
2025-02-19 00:37:16 [restartedMain] INFO  s.d.s.w.r.o.CachingOperationNameGenerator -
				Generating unique operation named: getUsingGET_115
2025-02-19 00:37:16 [restartedMain] INFO  s.d.s.w.r.o.CachingOperationNameGenerator -
				Generating unique operation named: listAllUsingGET_109
2025-02-19 00:37:16 [restartedMain] INFO  s.d.s.w.r.o.CachingOperationNameGenerator -
				Generating unique operation named: listAll1UsingGET_54
2025-02-19 00:37:16 [restartedMain] INFO  s.d.s.w.r.o.CachingOperationNameGenerator -
				Generating unique operation named: saveDesignationUsingPOST_1
2025-02-19 00:37:16 [restartedMain] INFO  s.d.s.w.r.o.CachingOperationNameGenerator -
				Generating unique operation named: updateUsingPUT_107
2025-02-19 00:37:16 [restartedMain] INFO  s.d.s.w.r.o.CachingOperationNameGenerator -
				Generating unique operation named: deleteUsingDELETE_85
2025-02-19 00:37:16 [restartedMain] INFO  s.d.s.w.r.o.CachingOperationNameGenerator -
				Generating unique operation named: delete1UsingDELETE_72
2025-02-19 00:37:16 [restartedMain] INFO  s.d.s.w.r.o.CachingOperationNameGenerator -
				Generating unique operation named: getUsingGET_116
2025-02-19 00:37:16 [restartedMain] INFO  s.d.s.w.r.o.CachingOperationNameGenerator -
				Generating unique operation named: listAllUsingGET_110
2025-02-19 00:37:16 [restartedMain] INFO  s.d.s.w.r.o.CachingOperationNameGenerator -
				Generating unique operation named: listAll1UsingGET_55
2025-02-19 00:37:16 [restartedMain] INFO  s.d.s.w.r.o.CachingOperationNameGenerator -
				Generating unique operation named: saveCreditSystemUsingPOST_1
2025-02-19 00:37:16 [restartedMain] INFO  s.d.s.w.r.o.CachingOperationNameGenerator -
				Generating unique operation named: updateUsingPUT_108
2025-02-19 00:37:16 [restartedMain] INFO  s.d.s.w.r.o.CachingOperationNameGenerator -
				Generating unique operation named: deleteUsingDELETE_86
2025-02-19 00:37:16 [restartedMain] INFO  s.d.s.w.r.o.CachingOperationNameGenerator -
				Generating unique operation named: delete1UsingDELETE_73
2025-02-19 00:37:16 [restartedMain] INFO  s.d.s.w.r.o.CachingOperationNameGenerator -
				Generating unique operation named: getUsingGET_117
2025-02-19 00:37:16 [restartedMain] INFO  s.d.s.w.r.o.CachingOperationNameGenerator -
				Generating unique operation named: listAllUsingGET_111
2025-02-19 00:37:16 [restartedMain] INFO  s.d.s.w.r.o.CachingOperationNameGenerator -
				Generating unique operation named: listAll1UsingGET_56
2025-02-19 00:37:16 [restartedMain] INFO  s.d.s.w.r.o.CachingOperationNameGenerator -
				Generating unique operation named: updateUsingPUT_109
2025-02-19 00:37:16 [restartedMain] INFO  s.d.s.w.r.o.CachingOperationNameGenerator -
				Generating unique operation named: activateUsingDELETE_35
2025-02-19 00:37:16 [restartedMain] INFO  s.d.s.w.r.o.CachingOperationNameGenerator -
				Generating unique operation named: deactivateUsingDELETE_35
2025-02-19 00:37:16 [restartedMain] INFO  s.d.s.w.r.o.CachingOperationNameGenerator -
				Generating unique operation named: getUsingGET_118
2025-02-19 00:37:16 [restartedMain] INFO  s.d.s.w.r.o.CachingOperationNameGenerator -
				Generating unique operation named: getAllDeptUsingGET_9
2025-02-19 00:37:16 [restartedMain] INFO  s.d.s.w.r.o.CachingOperationNameGenerator -
				Generating unique operation named: delete1UsingDELETE_74
2025-02-19 00:37:16 [restartedMain] INFO  s.d.s.w.r.o.CachingOperationNameGenerator -
				Generating unique operation named: delete2UsingDELETE_1
2025-02-19 00:37:16 [restartedMain] INFO  s.d.s.w.r.o.CachingOperationNameGenerator -
				Generating unique operation named: getActiveDetailsUsingGET_2
2025-02-19 00:37:16 [restartedMain] INFO  s.d.s.w.r.o.CachingOperationNameGenerator -
				Generating unique operation named: activateUsingDELETE_36
2025-02-19 00:37:16 [restartedMain] INFO  s.d.s.w.r.o.CachingOperationNameGenerator -
				Generating unique operation named: deactivateUsingDELETE_36
2025-02-19 00:37:16 [restartedMain] INFO  s.d.s.w.r.o.CachingOperationNameGenerator -
				Generating unique operation named: getUsingGET_119
2025-02-19 00:37:16 [restartedMain] INFO  s.d.s.w.r.o.CachingOperationNameGenerator -
				Generating unique operation named: listAllUsingGET_112
2025-02-19 00:37:16 [restartedMain] INFO  s.d.s.w.r.o.CachingOperationNameGenerator -
				Generating unique operation named: updateUsingPUT_110
2025-02-19 00:37:16 [restartedMain] INFO  s.d.s.w.r.o.CachingOperationNameGenerator -
				Generating unique operation named: activateUsingDELETE_37
2025-02-19 00:37:16 [restartedMain] INFO  s.d.s.w.r.o.CachingOperationNameGenerator -
				Generating unique operation named: deactivateUsingDELETE_37
2025-02-19 00:37:16 [restartedMain] INFO  s.d.s.w.r.o.CachingOperationNameGenerator -
				Generating unique operation named: getUsingGET_120
2025-02-19 00:37:16 [restartedMain] INFO  s.d.s.w.r.o.CachingOperationNameGenerator -
				Generating unique operation named: getAllDeptUsingGET_10
2025-02-19 00:37:16 [restartedMain] INFO  s.d.s.w.r.o.CachingOperationNameGenerator -
				Generating unique operation named: listAllUsingGET_113
2025-02-19 00:37:16 [restartedMain] INFO  s.d.s.w.r.o.CachingOperationNameGenerator -
				Generating unique operation named: saveDeptUsingPOST_2
2025-02-19 00:37:16 [restartedMain] INFO  s.d.s.w.r.o.CachingOperationNameGenerator -
				Generating unique operation named: updateUsingPUT_111
2025-02-19 00:37:16 [restartedMain] INFO  s.d.s.w.r.o.CachingOperationNameGenerator -
				Generating unique operation named: activateUsingDELETE_38
2025-02-19 00:37:16 [restartedMain] INFO  s.d.s.w.r.o.CachingOperationNameGenerator -
				Generating unique operation named: deactivateUsingDELETE_38
2025-02-19 00:37:16 [restartedMain] INFO  s.d.s.w.r.o.CachingOperationNameGenerator -
				Generating unique operation named: getUsingGET_121
2025-02-19 00:37:16 [restartedMain] INFO  s.d.s.w.r.o.CachingOperationNameGenerator -
				Generating unique operation named: getAllDeptUsingGET_11
2025-02-19 00:37:16 [restartedMain] INFO  s.d.s.w.r.o.CachingOperationNameGenerator -
				Generating unique operation named: saveDeptUsingPOST_3
2025-02-19 00:37:16 [restartedMain] INFO  s.d.s.w.r.o.CachingOperationNameGenerator -
				Generating unique operation named: updateUsingPUT_112
2025-02-19 00:37:16 [restartedMain] INFO  s.d.s.w.r.o.CachingOperationNameGenerator -
				Generating unique operation named: deleteUsingDELETE_87
2025-02-19 00:37:16 [restartedMain] INFO  s.d.s.w.r.o.CachingOperationNameGenerator -
				Generating unique operation named: delete1UsingDELETE_75
2025-02-19 00:37:16 [restartedMain] INFO  s.d.s.w.r.o.CachingOperationNameGenerator -
				Generating unique operation named: getUsingGET_122
2025-02-19 00:37:16 [restartedMain] INFO  s.d.s.w.r.o.CachingOperationNameGenerator -
				Generating unique operation named: listAllUsingGET_114
2025-02-19 00:37:16 [restartedMain] INFO  s.d.s.w.r.o.CachingOperationNameGenerator -
				Generating unique operation named: saveDesignationUsingPOST_2
2025-02-19 00:37:16 [restartedMain] INFO  s.d.s.w.r.o.CachingOperationNameGenerator -
				Generating unique operation named: updateUsingPUT_113
2025-02-19 00:37:16 [restartedMain] INFO  s.d.s.w.r.o.CachingOperationNameGenerator -
				Generating unique operation named: deleteUsingDELETE_88
2025-02-19 00:37:16 [restartedMain] INFO  s.d.s.w.r.o.CachingOperationNameGenerator -
				Generating unique operation named: delete1UsingDELETE_76
2025-02-19 00:37:16 [restartedMain] INFO  s.d.s.w.r.o.CachingOperationNameGenerator -
				Generating unique operation named: getUsingGET_123
2025-02-19 00:37:16 [restartedMain] INFO  s.d.s.w.r.o.CachingOperationNameGenerator -
				Generating unique operation named: listAllUsingGET_115
2025-02-19 00:37:16 [restartedMain] INFO  s.d.s.w.r.o.CachingOperationNameGenerator -
				Generating unique operation named: listAll1UsingGET_57
2025-02-19 00:37:16 [restartedMain] INFO  s.d.s.w.r.o.CachingOperationNameGenerator -
				Generating unique operation named: updateUsingPUT_114
2025-02-19 00:37:16 [restartedMain] INFO  s.d.s.w.r.o.CachingOperationNameGenerator -
				Generating unique operation named: activateUsingDELETE_39
2025-02-19 00:37:16 [restartedMain] INFO  s.d.s.w.r.o.CachingOperationNameGenerator -
				Generating unique operation named: deactivateUsingDELETE_39
2025-02-19 00:37:16 [restartedMain] INFO  s.d.s.w.r.o.CachingOperationNameGenerator -
				Generating unique operation named: getUsingGET_124
2025-02-19 00:37:16 [restartedMain] INFO  s.d.s.w.r.o.CachingOperationNameGenerator -
				Generating unique operation named: listAllUsingGET_116
2025-02-19 00:37:16 [restartedMain] INFO  s.d.s.w.r.o.CachingOperationNameGenerator -
				Generating unique operation named: updateUsingPUT_115
2025-02-19 00:37:16 [restartedMain] INFO  s.d.s.w.r.o.CachingOperationNameGenerator -
				Generating unique operation named: uploadFileUsingPOST_8
2025-02-19 00:37:16 [restartedMain] INFO  s.d.s.w.r.o.CachingOperationNameGenerator -
				Generating unique operation named: viewFilesUsingGET_7
2025-02-19 00:37:16 [restartedMain] INFO  s.d.s.w.r.o.CachingOperationNameGenerator -
				Generating unique operation named: deleteUsingDELETE_89
2025-02-19 00:37:16 [restartedMain] INFO  s.d.s.w.r.o.CachingOperationNameGenerator -
				Generating unique operation named: delete1UsingDELETE_77
2025-02-19 00:37:16 [restartedMain] INFO  s.d.s.w.r.o.CachingOperationNameGenerator -
				Generating unique operation named: getUsingGET_125
2025-02-19 00:37:16 [restartedMain] INFO  s.d.s.w.r.o.CachingOperationNameGenerator -
				Generating unique operation named: listAllUsingGET_117
2025-02-19 00:37:16 [restartedMain] INFO  s.d.s.w.r.o.CachingOperationNameGenerator -
				Generating unique operation named: listAll1UsingGET_58
2025-02-19 00:37:16 [restartedMain] INFO  s.d.s.w.r.o.CachingOperationNameGenerator -
				Generating unique operation named: updateUsingPUT_116
2025-02-19 00:37:16 [restartedMain] INFO  s.d.s.w.r.o.CachingOperationNameGenerator -
				Generating unique operation named: activateUsingDELETE_40
2025-02-19 00:37:16 [restartedMain] INFO  s.d.s.w.r.o.CachingOperationNameGenerator -
				Generating unique operation named: deactivateUsingDELETE_40
2025-02-19 00:37:16 [restartedMain] INFO  s.d.s.w.r.o.CachingOperationNameGenerator -
				Generating unique operation named: getUsingGET_126
2025-02-19 00:37:16 [restartedMain] INFO  s.d.s.w.r.o.CachingOperationNameGenerator -
				Generating unique operation named: listAllUsingGET_118
2025-02-19 00:37:16 [restartedMain] INFO  s.d.s.w.r.o.CachingOperationNameGenerator -
				Generating unique operation named: updateUsingPUT_117
2025-02-19 00:37:16 [restartedMain] INFO  s.d.s.w.r.o.CachingOperationNameGenerator -
				Generating unique operation named: uploadFileUsingPOST_9
2025-02-19 00:37:16 [restartedMain] INFO  s.d.s.w.r.o.CachingOperationNameGenerator -
				Generating unique operation named: viewFilesUsingGET_8
2025-02-19 00:37:16 [restartedMain] INFO  s.d.s.w.r.o.CachingOperationNameGenerator -
				Generating unique operation named: activateUsingDELETE_41
2025-02-19 00:37:16 [restartedMain] INFO  s.d.s.w.r.o.CachingOperationNameGenerator -
				Generating unique operation named: deactivateUsingDELETE_41
2025-02-19 00:37:16 [restartedMain] INFO  s.d.s.w.r.o.CachingOperationNameGenerator -
				Generating unique operation named: deleteDraftPaymentVoucherUsingDELETE_1
2025-02-19 00:37:16 [restartedMain] INFO  s.d.s.w.r.o.CachingOperationNameGenerator -
				Generating unique operation named: getUsingGET_127
2025-02-19 00:37:16 [restartedMain] INFO  s.d.s.w.r.o.CachingOperationNameGenerator -
				Generating unique operation named: listAllUsingGET_119
2025-02-19 00:37:16 [restartedMain] INFO  s.d.s.w.r.o.CachingOperationNameGenerator -
				Generating unique operation named: updateUsingPUT_118
2025-02-19 00:37:16 [restartedMain] INFO  s.d.s.w.r.o.CachingOperationNameGenerator -
				Generating unique operation named: uploadFileUsingPOST_10
2025-02-19 00:37:16 [restartedMain] INFO  s.d.s.w.r.o.CachingOperationNameGenerator -
				Generating unique operation named: viewFilesUsingGET_9
2025-02-19 00:37:16 [restartedMain] INFO  s.d.s.w.r.o.CachingOperationNameGenerator -
				Generating unique operation named: deleteUsingDELETE_90
2025-02-19 00:37:16 [restartedMain] INFO  s.d.s.w.r.o.CachingOperationNameGenerator -
				Generating unique operation named: downloadFileUsingGET_4
2025-02-19 00:37:16 [restartedMain] INFO  s.d.s.w.r.o.CachingOperationNameGenerator -
				Generating unique operation named: getUsingGET_128
2025-02-19 00:37:16 [restartedMain] INFO  s.d.s.w.r.o.CachingOperationNameGenerator -
				Generating unique operation named: listAllUsingGET_120
2025-02-19 00:37:16 [restartedMain] INFO  s.d.s.w.r.o.CachingOperationNameGenerator -
				Generating unique operation named: updateUsingPUT_119
2025-02-19 00:37:16 [restartedMain] INFO  s.d.s.w.r.o.CachingOperationNameGenerator -
				Generating unique operation named: uploadCandidateAttachmentUsingPOST_1
2025-02-19 00:37:16 [restartedMain] INFO  s.d.s.w.r.o.CachingOperationNameGenerator -
				Generating unique operation named: deleteUsingDELETE_91
2025-02-19 00:37:16 [restartedMain] INFO  s.d.s.w.r.o.CachingOperationNameGenerator -
				Generating unique operation named: downloadFileUsingGET_5
2025-02-19 00:37:16 [restartedMain] INFO  s.d.s.w.r.o.CachingOperationNameGenerator -
				Generating unique operation named: getUsingGET_129
2025-02-19 00:37:16 [restartedMain] INFO  s.d.s.w.r.o.CachingOperationNameGenerator -
				Generating unique operation named: getAllDeptUsingGET_12
2025-02-19 00:37:16 [restartedMain] INFO  s.d.s.w.r.o.CachingOperationNameGenerator -
				Generating unique operation named: getEmployeeDetailsDataUsingGET_1
2025-02-19 00:37:16 [restartedMain] INFO  s.d.s.w.r.o.CachingOperationNameGenerator -
				Generating unique operation named: getEmployeeIDsAttachmentByEmpIdUsingGET_1
2025-02-19 00:37:16 [restartedMain] INFO  s.d.s.w.r.o.CachingOperationNameGenerator -
				Generating unique operation named: listAllUsingGET_121
2025-02-19 00:37:16 [restartedMain] INFO  s.d.s.w.r.o.CachingOperationNameGenerator -
				Generating unique operation named: updateUsingPUT_120
2025-02-19 00:37:16 [restartedMain] INFO  s.d.s.w.r.o.CachingOperationNameGenerator -
				Generating unique operation named: updateUsingPUT_121
2025-02-19 00:37:16 [restartedMain] INFO  s.d.s.w.r.o.CachingOperationNameGenerator -
				Generating unique operation named: uploadCandidateAttachmentUsingPOST_2
2025-02-19 00:37:16 [restartedMain] INFO  s.d.s.w.r.o.CachingOperationNameGenerator -
				Generating unique operation named: uploadFileUsingPOST_11
2025-02-19 00:37:16 [restartedMain] INFO  s.d.s.w.r.o.CachingOperationNameGenerator -
				Generating unique operation named: activateUsingDELETE_42
2025-02-19 00:37:16 [restartedMain] INFO  s.d.s.w.r.o.CachingOperationNameGenerator -
				Generating unique operation named: deactivateUsingDELETE_42
2025-02-19 00:37:16 [restartedMain] INFO  s.d.s.w.r.o.CachingOperationNameGenerator -
				Generating unique operation named: getUsingGET_130
2025-02-19 00:37:16 [restartedMain] INFO  s.d.s.w.r.o.CachingOperationNameGenerator -
				Generating unique operation named: getAllBankImportTransactionUsingGET_1
2025-02-19 00:37:16 [restartedMain] INFO  s.d.s.w.r.o.CachingOperationNameGenerator -
				Generating unique operation named: getAllBankImportTransactionUsingGET_2
2025-02-19 00:37:16 [restartedMain] INFO  s.d.s.w.r.o.CachingOperationNameGenerator -
				Generating unique operation named: listAllUsingGET_122
2025-02-19 00:37:16 [restartedMain] INFO  s.d.s.w.r.o.CachingOperationNameGenerator -
				Generating unique operation named: deleteUsingDELETE_92
2025-02-19 00:37:16 [restartedMain] INFO  s.d.s.w.r.o.CachingOperationNameGenerator -
				Generating unique operation named: delete1UsingDELETE_78
2025-02-19 00:37:16 [restartedMain] INFO  s.d.s.w.r.o.CachingOperationNameGenerator -
				Generating unique operation named: getUsingGET_131
2025-02-19 00:37:16 [restartedMain] INFO  s.d.s.w.r.o.CachingOperationNameGenerator -
				Generating unique operation named: listAllUsingGET_123
2025-02-19 00:37:16 [restartedMain] INFO  s.d.s.w.r.o.CachingOperationNameGenerator -
				Generating unique operation named: listAll1UsingGET_59
2025-02-19 00:37:16 [restartedMain] INFO  s.d.s.w.r.o.CachingOperationNameGenerator -
				Generating unique operation named: saveFeedbackQuestionsUsingPOST_1
2025-02-19 00:37:16 [restartedMain] INFO  s.d.s.w.r.o.CachingOperationNameGenerator -
				Generating unique operation named: updateUsingPUT_122
2025-02-19 00:37:16 [restartedMain] INFO  s.d.s.w.r.o.CachingOperationNameGenerator -
				Generating unique operation named: activateUsingDELETE_43
2025-02-19 00:37:16 [restartedMain] INFO  s.d.s.w.r.o.CachingOperationNameGenerator -
				Generating unique operation named: deactivateUsingDELETE_43
2025-02-19 00:37:16 [restartedMain] INFO  s.d.s.w.r.o.CachingOperationNameGenerator -
				Generating unique operation named: getUsingGET_132
2025-02-19 00:37:16 [restartedMain] INFO  s.d.s.w.r.o.CachingOperationNameGenerator -
				Generating unique operation named: getAllDeptUsingGET_13
2025-02-19 00:37:16 [restartedMain] INFO  s.d.s.w.r.o.CachingOperationNameGenerator -
				Generating unique operation named: listAllUsingGET_124
2025-02-19 00:37:16 [restartedMain] INFO  s.d.s.w.r.o.CachingOperationNameGenerator -
				Generating unique operation named: saveDeptUsingPOST_4
2025-02-19 00:37:16 [restartedMain] INFO  s.d.s.w.r.o.CachingOperationNameGenerator -
				Generating unique operation named: updateUsingPUT_123
2025-02-19 00:37:16 [restartedMain] INFO  s.d.s.w.r.o.CachingOperationNameGenerator -
				Generating unique operation named: activateUsingDELETE_44
2025-02-19 00:37:16 [restartedMain] INFO  s.d.s.w.r.o.CachingOperationNameGenerator -
				Generating unique operation named: deactivateUsingDELETE_44
2025-02-19 00:37:16 [restartedMain] INFO  s.d.s.w.r.o.CachingOperationNameGenerator -
				Generating unique operation named: getUsingGET_133
2025-02-19 00:37:16 [restartedMain] INFO  s.d.s.w.r.o.CachingOperationNameGenerator -
				Generating unique operation named: getAllDeptUsingGET_14
2025-02-19 00:37:16 [restartedMain] INFO  s.d.s.w.r.o.CachingOperationNameGenerator -
				Generating unique operation named: listAllUsingGET_125
2025-02-19 00:37:16 [restartedMain] INFO  s.d.s.w.r.o.CachingOperationNameGenerator -
				Generating unique operation named: saveDeptUsingPOST_5
2025-02-19 00:37:16 [restartedMain] INFO  s.d.s.w.r.o.CachingOperationNameGenerator -
				Generating unique operation named: updateUsingPUT_124
2025-02-19 00:37:16 [restartedMain] INFO  s.d.s.w.r.o.CachingOperationNameGenerator -
				Generating unique operation named: deleteUsingDELETE_93
2025-02-19 00:37:16 [restartedMain] INFO  s.d.s.w.r.o.CachingOperationNameGenerator -
				Generating unique operation named: delete1UsingDELETE_79
2025-02-19 00:37:16 [restartedMain] INFO  s.d.s.w.r.o.CachingOperationNameGenerator -
				Generating unique operation named: getUsingGET_134
2025-02-19 00:37:16 [restartedMain] INFO  s.d.s.w.r.o.CachingOperationNameGenerator -
				Generating unique operation named: getAllDeptUsingGET_15
2025-02-19 00:37:16 [restartedMain] INFO  s.d.s.w.r.o.CachingOperationNameGenerator -
				Generating unique operation named: listAllUsingGET_126
2025-02-19 00:37:16 [restartedMain] INFO  s.d.s.w.r.o.CachingOperationNameGenerator -
				Generating unique operation named: saveSubjectTypeUsingPOST_12
2025-02-19 00:37:16 [restartedMain] INFO  s.d.s.w.r.o.CachingOperationNameGenerator -
				Generating unique operation named: updateUsingPUT_125
2025-02-19 00:37:16 [restartedMain] INFO  s.d.s.w.r.o.CachingOperationNameGenerator -
				Generating unique operation named: activateUsingDELETE_45
2025-02-19 00:37:16 [restartedMain] INFO  s.d.s.w.r.o.CachingOperationNameGenerator -
				Generating unique operation named: deactivateUsingDELETE_45
2025-02-19 00:37:16 [restartedMain] INFO  s.d.s.w.r.o.CachingOperationNameGenerator -
				Generating unique operation named: fetchAllAdministrationEmailIdsDetailUsingGET_6
2025-02-19 00:37:16 [restartedMain] INFO  s.d.s.w.r.o.CachingOperationNameGenerator -
				Generating unique operation named: getUsingGET_135
2025-02-19 00:37:16 [restartedMain] INFO  s.d.s.w.r.o.CachingOperationNameGenerator -
				Generating unique operation named: uploadFileUsingPOST_12
2025-02-19 00:37:16 [restartedMain] INFO  s.d.s.w.r.o.CachingOperationNameGenerator -
				Generating unique operation named: viewFilesUsingGET_10
2025-02-19 00:37:16 [restartedMain] INFO  s.d.s.w.r.o.CachingOperationNameGenerator -
				Generating unique operation named: deleteUsingDELETE_94
2025-02-19 00:37:16 [restartedMain] INFO  s.d.s.w.r.o.CachingOperationNameGenerator -
				Generating unique operation named: delete1UsingDELETE_80
2025-02-19 00:37:16 [restartedMain] INFO  s.d.s.w.r.o.CachingOperationNameGenerator -
				Generating unique operation named: getUsingGET_136
2025-02-19 00:37:16 [restartedMain] INFO  s.d.s.w.r.o.CachingOperationNameGenerator -
				Generating unique operation named: getAllRolesDetailsUsingGET_1
2025-02-19 00:37:16 [restartedMain] INFO  s.d.s.w.r.o.CachingOperationNameGenerator -
				Generating unique operation named: updateUsingPUT_126
2025-02-19 00:37:16 [restartedMain] INFO  s.d.s.w.r.o.CachingOperationNameGenerator -
				Generating unique operation named: deleteUsingDELETE_95
2025-02-19 00:37:16 [restartedMain] INFO  s.d.s.w.r.o.CachingOperationNameGenerator -
				Generating unique operation named: delete1UsingDELETE_81
2025-02-19 00:37:16 [restartedMain] INFO  s.d.s.w.r.o.CachingOperationNameGenerator -
				Generating unique operation named: getUsingGET_137
2025-02-19 00:37:16 [restartedMain] INFO  s.d.s.w.r.o.CachingOperationNameGenerator -
				Generating unique operation named: listAllUsingGET_127
2025-02-19 00:37:16 [restartedMain] INFO  s.d.s.w.r.o.CachingOperationNameGenerator -
				Generating unique operation named: listAll1UsingGET_60
2025-02-19 00:37:16 [restartedMain] INFO  s.d.s.w.r.o.CachingOperationNameGenerator -
				Generating unique operation named: updateUsingPUT_127
2025-02-19 00:37:16 [restartedMain] INFO  s.d.s.w.r.o.CachingOperationNameGenerator -
				Generating unique operation named: deleteUsingDELETE_96
2025-02-19 00:37:16 [restartedMain] INFO  s.d.s.w.r.o.CachingOperationNameGenerator -
				Generating unique operation named: delete1UsingDELETE_82
2025-02-19 00:37:16 [restartedMain] INFO  s.d.s.w.r.o.CachingOperationNameGenerator -
				Generating unique operation named: getUsingGET_138
2025-02-19 00:37:16 [restartedMain] INFO  s.d.s.w.r.o.CachingOperationNameGenerator -
				Generating unique operation named: listAllUsingGET_128
2025-02-19 00:37:16 [restartedMain] INFO  s.d.s.w.r.o.CachingOperationNameGenerator -
				Generating unique operation named: updateUsingPUT_128
2025-02-19 00:37:16 [restartedMain] INFO  s.d.s.w.r.o.CachingOperationNameGenerator -
				Generating unique operation named: downloadImageFileUsingGET_1
2025-02-19 00:37:16 [restartedMain] INFO  s.d.s.w.r.o.CachingOperationNameGenerator -
				Generating unique operation named: uploadFileUsingPOST_13
2025-02-19 00:37:16 [restartedMain] INFO  s.d.s.w.r.o.CachingOperationNameGenerator -
				Generating unique operation named: activateUsingDELETE_46
2025-02-19 00:37:16 [restartedMain] INFO  s.d.s.w.r.o.CachingOperationNameGenerator -
				Generating unique operation named: deactivateUsingDELETE_46
2025-02-19 00:37:16 [restartedMain] INFO  s.d.s.w.r.o.CachingOperationNameGenerator -
				Generating unique operation named: getUsingGET_139
2025-02-19 00:37:16 [restartedMain] INFO  s.d.s.w.r.o.CachingOperationNameGenerator -
				Generating unique operation named: getAllExamDetailsUsingGET_1
2025-02-19 00:37:16 [restartedMain] INFO  s.d.s.w.r.o.CachingOperationNameGenerator -
				Generating unique operation named: listAllUsingGET_129
2025-02-19 00:37:16 [restartedMain] INFO  s.d.s.w.r.o.CachingOperationNameGenerator -
				Generating unique operation named: updateUsingPUT_129
2025-02-19 00:37:16 [restartedMain] INFO  s.d.s.w.r.o.CachingOperationNameGenerator -
				Generating unique operation named: activateUsingDELETE_47
2025-02-19 00:37:16 [restartedMain] INFO  s.d.s.w.r.o.CachingOperationNameGenerator -
				Generating unique operation named: deactivateUsingDELETE_47
2025-02-19 00:37:16 [restartedMain] INFO  s.d.s.w.r.o.CachingOperationNameGenerator -
				Generating unique operation named: getUsingGET_140
2025-02-19 00:37:16 [restartedMain] INFO  s.d.s.w.r.o.CachingOperationNameGenerator -
				Generating unique operation named: listAllUsingGET_130
2025-02-19 00:37:16 [restartedMain] INFO  s.d.s.w.r.o.CachingOperationNameGenerator -
				Generating unique operation named: updateUsingPUT_130
2025-02-19 00:37:16 [restartedMain] INFO  s.d.s.w.r.o.CachingOperationNameGenerator -
				Generating unique operation named: deleteUsingDELETE_97
2025-02-19 00:37:16 [restartedMain] INFO  s.d.s.w.r.o.CachingOperationNameGenerator -
				Generating unique operation named: getUsingGET_141
2025-02-19 00:37:16 [restartedMain] INFO  s.d.s.w.r.o.CachingOperationNameGenerator -
				Generating unique operation named: listAllUsingGET_131
2025-02-19 00:37:16 [restartedMain] INFO  s.d.s.w.r.o.CachingOperationNameGenerator -
				Generating unique operation named: updateUsingPUT_131
2025-02-19 00:37:16 [restartedMain] INFO  s.d.s.w.r.o.CachingOperationNameGenerator -
				Generating unique operation named: updateUsingPUT_132
2025-02-19 00:37:16 [restartedMain] INFO  s.d.s.w.r.o.CachingOperationNameGenerator -
				Generating unique operation named: activateUsingDELETE_48
2025-02-19 00:37:16 [restartedMain] INFO  s.d.s.w.r.o.CachingOperationNameGenerator -
				Generating unique operation named: deactivateUsingDELETE_48
2025-02-19 00:37:16 [restartedMain] INFO  s.d.s.w.r.o.CachingOperationNameGenerator -
				Generating unique operation named: getUsingGET_142
2025-02-19 00:37:16 [restartedMain] INFO  s.d.s.w.r.o.CachingOperationNameGenerator -
				Generating unique operation named: activateUsingDELETE_49
2025-02-19 00:37:16 [restartedMain] INFO  s.d.s.w.r.o.CachingOperationNameGenerator -
				Generating unique operation named: deactivateUsingDELETE_49
2025-02-19 00:37:16 [restartedMain] INFO  s.d.s.w.r.o.CachingOperationNameGenerator -
				Generating unique operation named: fetchAllAdministrationEmailIdsDetailUsingGET_7
2025-02-19 00:37:16 [restartedMain] INFO  s.d.s.w.r.o.CachingOperationNameGenerator -
				Generating unique operation named: getUsingGET_143
2025-02-19 00:37:16 [restartedMain] INFO  s.d.s.w.r.o.CachingOperationNameGenerator -
				Generating unique operation named: activateUsingDELETE_50
2025-02-19 00:37:16 [restartedMain] INFO  s.d.s.w.r.o.CachingOperationNameGenerator -
				Generating unique operation named: deactivateUsingDELETE_50
2025-02-19 00:37:16 [restartedMain] INFO  s.d.s.w.r.o.CachingOperationNameGenerator -
				Generating unique operation named: getUsingGET_144
2025-02-19 00:37:16 [restartedMain] INFO  s.d.s.w.r.o.CachingOperationNameGenerator -
				Generating unique operation named: getAllDeptUsingGET_16
2025-02-19 00:37:16 [restartedMain] INFO  s.d.s.w.r.o.CachingOperationNameGenerator -
				Generating unique operation named: listAllUsingGET_132
2025-02-19 00:37:16 [restartedMain] INFO  s.d.s.w.r.o.CachingOperationNameGenerator -
				Generating unique operation named: updateUsingPUT_133
2025-02-19 00:37:16 [restartedMain] INFO  s.d.s.w.r.o.CachingOperationNameGenerator -
				Generating unique operation named: activateUsingDELETE_51
2025-02-19 00:37:16 [restartedMain] INFO  s.d.s.w.r.o.CachingOperationNameGenerator -
				Generating unique operation named: deactivateUsingDELETE_51
2025-02-19 00:37:16 [restartedMain] INFO  s.d.s.w.r.o.CachingOperationNameGenerator -
				Generating unique operation named: getUsingGET_145
2025-02-19 00:37:16 [restartedMain] INFO  s.d.s.w.r.o.CachingOperationNameGenerator -
				Generating unique operation named: listAllUsingGET_133
2025-02-19 00:37:16 [restartedMain] INFO  s.d.s.w.r.o.CachingOperationNameGenerator -
				Generating unique operation named: updateUsingPUT_134
2025-02-19 00:37:16 [restartedMain] INFO  s.d.s.w.r.o.CachingOperationNameGenerator -
				Generating unique operation named: viewFilesUsingGET_11
2025-02-19 00:37:16 [restartedMain] INFO  s.d.s.w.r.o.CachingOperationNameGenerator -
				Generating unique operation named: activateUsingDELETE_52
2025-02-19 00:37:16 [restartedMain] INFO  s.d.s.w.r.o.CachingOperationNameGenerator -
				Generating unique operation named: deactivateUsingDELETE_52
2025-02-19 00:37:16 [restartedMain] INFO  s.d.s.w.r.o.CachingOperationNameGenerator -
				Generating unique operation named: getUsingGET_146
2025-02-19 00:37:16 [restartedMain] INFO  s.d.s.w.r.o.CachingOperationNameGenerator -
				Generating unique operation named: listAllUsingGET_134
2025-02-19 00:37:16 [restartedMain] INFO  s.d.s.w.r.o.CachingOperationNameGenerator -
				Generating unique operation named: updateUsingPUT_135
2025-02-19 00:37:16 [restartedMain] INFO  s.d.s.w.r.o.CachingOperationNameGenerator -
				Generating unique operation named: activateUsingDELETE_53
2025-02-19 00:37:16 [restartedMain] INFO  s.d.s.w.r.o.CachingOperationNameGenerator -
				Generating unique operation named: deactivateUsingDELETE_53
2025-02-19 00:37:16 [restartedMain] INFO  s.d.s.w.r.o.CachingOperationNameGenerator -
				Generating unique operation named: getUsingGET_147
2025-02-19 00:37:16 [restartedMain] INFO  s.d.s.w.r.o.CachingOperationNameGenerator -
				Generating unique operation named: listAllUsingGET_135
2025-02-19 00:37:16 [restartedMain] INFO  s.d.s.w.r.o.CachingOperationNameGenerator -
				Generating unique operation named: updateUsingPUT_136
2025-02-19 00:37:16 [restartedMain] INFO  s.d.s.w.r.o.CachingOperationNameGenerator -
				Generating unique operation named: viewFilesUsingGET_12
2025-02-19 00:37:16 [restartedMain] INFO  s.d.s.w.r.o.CachingOperationNameGenerator -
				Generating unique operation named: activateUsingDELETE_54
2025-02-19 00:37:16 [restartedMain] INFO  s.d.s.w.r.o.CachingOperationNameGenerator -
				Generating unique operation named: deactivateUsingDELETE_54
2025-02-19 00:37:16 [restartedMain] INFO  s.d.s.w.r.o.CachingOperationNameGenerator -
				Generating unique operation named: getUsingGET_148
2025-02-19 00:37:16 [restartedMain] INFO  s.d.s.w.r.o.CachingOperationNameGenerator -
				Generating unique operation named: listAllUsingGET_136
2025-02-19 00:37:16 [restartedMain] INFO  s.d.s.w.r.o.CachingOperationNameGenerator -
				Generating unique operation named: updateUsingPUT_137
2025-02-19 00:37:16 [restartedMain] INFO  s.d.s.w.r.o.CachingOperationNameGenerator -
				Generating unique operation named: viewFilesUsingGET_13
2025-02-19 00:37:16 [restartedMain] INFO  s.d.s.w.r.o.CachingOperationNameGenerator -
				Generating unique operation named: activateUsingDELETE_55
2025-02-19 00:37:16 [restartedMain] INFO  s.d.s.w.r.o.CachingOperationNameGenerator -
				Generating unique operation named: deactivateUsingDELETE_55
2025-02-19 00:37:16 [restartedMain] INFO  s.d.s.w.r.o.CachingOperationNameGenerator -
				Generating unique operation named: getUsingGET_149
2025-02-19 00:37:16 [restartedMain] INFO  s.d.s.w.r.o.CachingOperationNameGenerator -
				Generating unique operation named: listAllUsingGET_137
2025-02-19 00:37:16 [restartedMain] INFO  s.d.s.w.r.o.CachingOperationNameGenerator -
				Generating unique operation named: updateUsingPUT_138
2025-02-19 00:37:16 [restartedMain] INFO  s.d.s.w.r.o.CachingOperationNameGenerator -
				Generating unique operation named: activateUsingDELETE_56
2025-02-19 00:37:16 [restartedMain] INFO  s.d.s.w.r.o.CachingOperationNameGenerator -
				Generating unique operation named: deactivateUsingDELETE_56
2025-02-19 00:37:16 [restartedMain] INFO  s.d.s.w.r.o.CachingOperationNameGenerator -
				Generating unique operation named: getUsingGET_150
2025-02-19 00:37:16 [restartedMain] INFO  s.d.s.w.r.o.CachingOperationNameGenerator -
				Generating unique operation named: listAllUsingGET_138
2025-02-19 00:37:16 [restartedMain] INFO  s.d.s.w.r.o.CachingOperationNameGenerator -
				Generating unique operation named: updateUsingPUT_139
2025-02-19 00:37:16 [restartedMain] INFO  s.d.s.w.r.o.CachingOperationNameGenerator -
				Generating unique operation named: activateUsingDELETE_57
2025-02-19 00:37:16 [restartedMain] INFO  s.d.s.w.r.o.CachingOperationNameGenerator -
				Generating unique operation named: deactivateUsingDELETE_57
2025-02-19 00:37:16 [restartedMain] INFO  s.d.s.w.r.o.CachingOperationNameGenerator -
				Generating unique operation named: getUsingGET_151
2025-02-19 00:37:16 [restartedMain] INFO  s.d.s.w.r.o.CachingOperationNameGenerator -
				Generating unique operation named: listAllUsingGET_139
2025-02-19 00:37:16 [restartedMain] INFO  s.d.s.w.r.o.CachingOperationNameGenerator -
				Generating unique operation named: updateUsingPUT_140
2025-02-19 00:37:16 [restartedMain] INFO  s.d.s.w.r.o.CachingOperationNameGenerator -
				Generating unique operation named: activateUsingDELETE_58
2025-02-19 00:37:16 [restartedMain] INFO  s.d.s.w.r.o.CachingOperationNameGenerator -
				Generating unique operation named: deactivateUsingDELETE_58
2025-02-19 00:37:16 [restartedMain] INFO  s.d.s.w.r.o.CachingOperationNameGenerator -
				Generating unique operation named: getUsingGET_152
2025-02-19 00:37:16 [restartedMain] INFO  s.d.s.w.r.o.CachingOperationNameGenerator -
				Generating unique operation named: listAllUsingGET_140
2025-02-19 00:37:16 [restartedMain] INFO  s.d.s.w.r.o.CachingOperationNameGenerator -
				Generating unique operation named: updateUsingPUT_141
2025-02-19 00:37:16 [restartedMain] INFO  s.d.s.w.r.o.CachingOperationNameGenerator -
				Generating unique operation named: viewFilesUsingGET_14
2025-02-19 00:37:16 [restartedMain] INFO  s.d.s.w.r.o.CachingOperationNameGenerator -
				Generating unique operation named: deleteUsingDELETE_98
2025-02-19 00:37:16 [restartedMain] INFO  s.d.s.w.r.o.CachingOperationNameGenerator -
				Generating unique operation named: delete1UsingDELETE_83
2025-02-19 00:37:16 [restartedMain] INFO  s.d.s.w.r.o.CachingOperationNameGenerator -
				Generating unique operation named: getUsingGET_153
2025-02-19 00:37:16 [restartedMain] INFO  s.d.s.w.r.o.CachingOperationNameGenerator -
				Generating unique operation named: listAllUsingGET_141
2025-02-19 00:37:16 [restartedMain] INFO  s.d.s.w.r.o.CachingOperationNameGenerator -
				Generating unique operation named: listAll1UsingGET_61
2025-02-19 00:37:16 [restartedMain] INFO  s.d.s.w.r.o.CachingOperationNameGenerator -
				Generating unique operation named: updateUsingPUT_142
2025-02-19 00:37:16 [restartedMain] INFO  s.d.s.w.r.o.CachingOperationNameGenerator -
				Generating unique operation named: deleteUsingDELETE_99
2025-02-19 00:37:16 [restartedMain] INFO  s.d.s.w.r.o.CachingOperationNameGenerator -
				Generating unique operation named: delete1UsingDELETE_84
2025-02-19 00:37:16 [restartedMain] INFO  s.d.s.w.r.o.CachingOperationNameGenerator -
				Generating unique operation named: getUsingGET_154
2025-02-19 00:37:16 [restartedMain] INFO  s.d.s.w.r.o.CachingOperationNameGenerator -
				Generating unique operation named: listAllUsingGET_142
2025-02-19 00:37:16 [restartedMain] INFO  s.d.s.w.r.o.CachingOperationNameGenerator -
				Generating unique operation named: listAll1UsingGET_62
2025-02-19 00:37:16 [restartedMain] INFO  s.d.s.w.r.o.CachingOperationNameGenerator -
				Generating unique operation named: updateUsingPUT_143
2025-02-19 00:37:16 [restartedMain] INFO  s.d.s.w.r.o.CachingOperationNameGenerator -
				Generating unique operation named: downloadFileUsingGET_6
2025-02-19 00:37:16 [restartedMain] INFO  s.d.s.w.r.o.CachingOperationNameGenerator -
				Generating unique operation named: uploadFileUsingPOST_14
2025-02-19 00:37:16 [restartedMain] INFO  s.d.s.w.r.o.CachingOperationNameGenerator -
				Generating unique operation named: deleteUsingDELETE_100
2025-02-19 00:37:16 [restartedMain] INFO  s.d.s.w.r.o.CachingOperationNameGenerator -
				Generating unique operation named: delete1UsingDELETE_85
2025-02-19 00:37:16 [restartedMain] INFO  s.d.s.w.r.o.CachingOperationNameGenerator -
				Generating unique operation named: getUsingGET_155
2025-02-19 00:37:16 [restartedMain] INFO  s.d.s.w.r.o.CachingOperationNameGenerator -
				Generating unique operation named: listAllUsingGET_143
2025-02-19 00:37:16 [restartedMain] INFO  s.d.s.w.r.o.CachingOperationNameGenerator -
				Generating unique operation named: listAll1UsingGET_63
2025-02-19 00:37:16 [restartedMain] INFO  s.d.s.w.r.o.CachingOperationNameGenerator -
				Generating unique operation named: saveSubjectTypeUsingPOST_13
2025-02-19 00:37:16 [restartedMain] INFO  s.d.s.w.r.o.CachingOperationNameGenerator -
				Generating unique operation named: updateUsingPUT_144
2025-02-19 00:37:16 [restartedMain] INFO  s.d.s.w.r.o.CachingOperationNameGenerator -
				Generating unique operation named: getUsingGET_156
2025-02-19 00:37:16 [restartedMain] INFO  s.d.s.w.r.o.CachingOperationNameGenerator -
				Generating unique operation named: getAllDdDetailsUsingGET_1
2025-02-19 00:37:16 [restartedMain] INFO  s.d.s.w.r.o.CachingOperationNameGenerator -
				Generating unique operation named: uploadFileUsingPOST_15
2025-02-19 00:37:16 [restartedMain] INFO  s.d.s.w.r.o.CachingOperationNameGenerator -
				Generating unique operation named: viewFilesUsingGET_15
2025-02-19 00:37:16 [restartedMain] INFO  s.d.s.w.r.o.CachingOperationNameGenerator -
				Generating unique operation named: activateFeeReceiptUsingDELETE_1
2025-02-19 00:37:16 [restartedMain] INFO  s.d.s.w.r.o.CachingOperationNameGenerator -
				Generating unique operation named: deleteUsingDELETE_101
2025-02-19 00:37:16 [restartedMain] INFO  s.d.s.w.r.o.CachingOperationNameGenerator -
				Generating unique operation named: getFeeReceiptByIdUsingGET_1
2025-02-19 00:37:16 [restartedMain] INFO  s.d.s.w.r.o.CachingOperationNameGenerator -
				Generating unique operation named: updateFeeReceiptUsingPUT_1
2025-02-19 00:37:16 [restartedMain] INFO  s.d.s.w.r.o.CachingOperationNameGenerator -
				Generating unique operation named: countRecordsUsingGET_3
2025-02-19 00:37:16 [restartedMain] INFO  s.d.s.w.r.o.CachingOperationNameGenerator -
				Generating unique operation named: deleteUsingDELETE_102
2025-02-19 00:37:16 [restartedMain] INFO  s.d.s.w.r.o.CachingOperationNameGenerator -
				Generating unique operation named: delete1UsingDELETE_86
2025-02-19 00:37:16 [restartedMain] INFO  s.d.s.w.r.o.CachingOperationNameGenerator -
				Generating unique operation named: delete2UsingDELETE_2
2025-02-19 00:37:16 [restartedMain] INFO  s.d.s.w.r.o.CachingOperationNameGenerator -
				Generating unique operation named: fetchUsingGET_1
2025-02-19 00:37:16 [restartedMain] INFO  s.d.s.w.r.o.CachingOperationNameGenerator -
				Generating unique operation named: getUsingGET_157
2025-02-19 00:37:16 [restartedMain] INFO  s.d.s.w.r.o.CachingOperationNameGenerator -
				Generating unique operation named: listAllUsingGET_144
2025-02-19 00:37:16 [restartedMain] INFO  s.d.s.w.r.o.CachingOperationNameGenerator -
				Generating unique operation named: listAll1UsingGET_64
2025-02-19 00:37:16 [restartedMain] INFO  s.d.s.w.r.o.CachingOperationNameGenerator -
				Generating unique operation named: listAll2UsingGET_1
2025-02-19 00:37:17 [restartedMain] INFO  s.d.s.w.r.o.CachingOperationNameGenerator -
				Generating unique operation named: saveFeeTemplateUsingPOST_1
2025-02-19 00:37:17 [restartedMain] INFO  s.d.s.w.r.o.CachingOperationNameGenerator -
				Generating unique operation named: updateUsingPUT_145
2025-02-19 00:37:17 [restartedMain] INFO  s.d.s.w.r.o.CachingOperationNameGenerator -
				Generating unique operation named: uploadFileUsingPOST_16
2025-02-19 00:37:17 [restartedMain] INFO  s.d.s.w.r.o.CachingOperationNameGenerator -
				Generating unique operation named: viewFilesUsingGET_16
2025-02-19 00:37:17 [restartedMain] INFO  s.d.s.w.r.o.CachingOperationNameGenerator -
				Generating unique operation named: fetch1UsingGET_2
2025-02-19 00:37:17 [restartedMain] INFO  s.d.s.w.r.o.CachingOperationNameGenerator -
				Generating unique operation named: getUsingGET_158
2025-02-19 00:37:17 [restartedMain] INFO  s.d.s.w.r.o.CachingOperationNameGenerator -
				Generating unique operation named: listAllUsingGET_145
2025-02-19 00:37:17 [restartedMain] INFO  s.d.s.w.r.o.CachingOperationNameGenerator -
				Generating unique operation named: activateUsingDELETE_59
2025-02-19 00:37:17 [restartedMain] INFO  s.d.s.w.r.o.CachingOperationNameGenerator -
				Generating unique operation named: deactivateUsingDELETE_59
2025-02-19 00:37:17 [restartedMain] INFO  s.d.s.w.r.o.CachingOperationNameGenerator -
				Generating unique operation named: getUsingGET_159
2025-02-19 00:37:17 [restartedMain] INFO  s.d.s.w.r.o.CachingOperationNameGenerator -
				Generating unique operation named: listAllUsingGET_146
2025-02-19 00:37:17 [restartedMain] INFO  s.d.s.w.r.o.CachingOperationNameGenerator -
				Generating unique operation named: deleteUsingDELETE_103
2025-02-19 00:37:17 [restartedMain] INFO  s.d.s.w.r.o.CachingOperationNameGenerator -
				Generating unique operation named: fetch1UsingGET_3
2025-02-19 00:37:17 [restartedMain] INFO  s.d.s.w.r.o.CachingOperationNameGenerator -
				Generating unique operation named: fetch2UsingGET_1
2025-02-19 00:37:17 [restartedMain] INFO  s.d.s.w.r.o.CachingOperationNameGenerator -
				Generating unique operation named: getUsingGET_160
2025-02-19 00:37:17 [restartedMain] INFO  s.d.s.w.r.o.CachingOperationNameGenerator -
				Generating unique operation named: listAllUsingGET_147
2025-02-19 00:37:17 [restartedMain] INFO  s.d.s.w.r.o.CachingOperationNameGenerator -
				Generating unique operation named: saveFeeTemplateSubAmountUsingPOST_1
2025-02-19 00:37:17 [restartedMain] INFO  s.d.s.w.r.o.CachingOperationNameGenerator -
				Generating unique operation named: updateUsingPUT_146
2025-02-19 00:37:17 [restartedMain] INFO  s.d.s.w.r.o.CachingOperationNameGenerator -
				Generating unique operation named: updateUsingPUT_147
2025-02-19 00:37:17 [restartedMain] INFO  s.d.s.w.r.o.CachingOperationNameGenerator -
				Generating unique operation named: update1UsingPUT_1
2025-02-19 00:37:17 [restartedMain] INFO  s.d.s.w.r.o.CachingOperationNameGenerator -
				Generating unique operation named: updatesUsingPUT_1
2025-02-19 00:37:17 [restartedMain] INFO  s.d.s.w.r.o.CachingOperationNameGenerator -
				Generating unique operation named: deleteUsingDELETE_104
2025-02-19 00:37:17 [restartedMain] INFO  s.d.s.w.r.o.CachingOperationNameGenerator -
				Generating unique operation named: getUsingGET_161
2025-02-19 00:37:17 [restartedMain] INFO  s.d.s.w.r.o.CachingOperationNameGenerator -
				Generating unique operation named: listAllUsingGET_148
2025-02-19 00:37:17 [restartedMain] INFO  s.d.s.w.r.o.CachingOperationNameGenerator -
				Generating unique operation named: listAll1UsingGET_65
2025-02-19 00:37:17 [restartedMain] INFO  s.d.s.w.r.o.CachingOperationNameGenerator -
				Generating unique operation named: updateUsingPUT_148
2025-02-19 00:37:17 [restartedMain] INFO  s.d.s.w.r.o.CachingOperationNameGenerator -
				Generating unique operation named: deleteUsingDELETE_105
2025-02-19 00:37:17 [restartedMain] INFO  s.d.s.w.r.o.CachingOperationNameGenerator -
				Generating unique operation named: delete1UsingDELETE_87
2025-02-19 00:37:17 [restartedMain] INFO  s.d.s.w.r.o.CachingOperationNameGenerator -
				Generating unique operation named: getUsingGET_162
2025-02-19 00:37:17 [restartedMain] INFO  s.d.s.w.r.o.CachingOperationNameGenerator -
				Generating unique operation named: listAllUsingGET_149
2025-02-19 00:37:17 [restartedMain] INFO  s.d.s.w.r.o.CachingOperationNameGenerator -
				Generating unique operation named: listAll1UsingGET_66
2025-02-19 00:37:17 [restartedMain] INFO  s.d.s.w.r.o.CachingOperationNameGenerator -
				Generating unique operation named: saveFeedbackQuestionsUsingPOST_2
2025-02-19 00:37:17 [restartedMain] INFO  s.d.s.w.r.o.CachingOperationNameGenerator -
				Generating unique operation named: updateUsingPUT_149
2025-02-19 00:37:17 [restartedMain] INFO  s.d.s.w.r.o.CachingOperationNameGenerator -
				Generating unique operation named: deleteUsingDELETE_106
2025-02-19 00:37:17 [restartedMain] INFO  s.d.s.w.r.o.CachingOperationNameGenerator -
				Generating unique operation named: delete1UsingDELETE_88
2025-02-19 00:37:17 [restartedMain] INFO  s.d.s.w.r.o.CachingOperationNameGenerator -
				Generating unique operation named: getUsingGET_163
2025-02-19 00:37:17 [restartedMain] INFO  s.d.s.w.r.o.CachingOperationNameGenerator -
				Generating unique operation named: listAllUsingGET_150
2025-02-19 00:37:17 [restartedMain] INFO  s.d.s.w.r.o.CachingOperationNameGenerator -
				Generating unique operation named: listAll1UsingGET_67
2025-02-19 00:37:17 [restartedMain] INFO  s.d.s.w.r.o.CachingOperationNameGenerator -
				Generating unique operation named: updateUsingPUT_150
2025-02-19 00:37:17 [restartedMain] INFO  s.d.s.w.r.o.CachingOperationNameGenerator -
				Generating unique operation named: activateUsingDELETE_60
2025-02-19 00:37:17 [restartedMain] INFO  s.d.s.w.r.o.CachingOperationNameGenerator -
				Generating unique operation named: deactivateUsingDELETE_60
2025-02-19 00:37:17 [restartedMain] INFO  s.d.s.w.r.o.CachingOperationNameGenerator -
				Generating unique operation named: downloadFileUsingGET_7
2025-02-19 00:37:17 [restartedMain] INFO  s.d.s.w.r.o.CachingOperationNameGenerator -
				Generating unique operation named: getUsingGET_164
2025-02-19 00:37:17 [restartedMain] INFO  s.d.s.w.r.o.CachingOperationNameGenerator -
				Generating unique operation named: getAllRolesDetailsUsingGET_2
2025-02-19 00:37:17 [restartedMain] INFO  s.d.s.w.r.o.CachingOperationNameGenerator -
				Generating unique operation named: listAllUsingGET_151
2025-02-19 00:37:17 [restartedMain] INFO  s.d.s.w.r.o.CachingOperationNameGenerator -
				Generating unique operation named: uploadFileUsingPOST_17
2025-02-19 00:37:17 [restartedMain] INFO  s.d.s.w.r.o.CachingOperationNameGenerator -
				Generating unique operation named: activateUsingDELETE_61
2025-02-19 00:37:17 [restartedMain] INFO  s.d.s.w.r.o.CachingOperationNameGenerator -
				Generating unique operation named: deactivateUsingDELETE_61
2025-02-19 00:37:17 [restartedMain] INFO  s.d.s.w.r.o.CachingOperationNameGenerator -
				Generating unique operation named: activateUsingDELETE_62
2025-02-19 00:37:17 [restartedMain] INFO  s.d.s.w.r.o.CachingOperationNameGenerator -
				Generating unique operation named: deactivateUsingDELETE_62
2025-02-19 00:37:17 [restartedMain] INFO  s.d.s.w.r.o.CachingOperationNameGenerator -
				Generating unique operation named: fetchAllAdministrationEmailIdsDetailUsingGET_8
2025-02-19 00:37:17 [restartedMain] INFO  s.d.s.w.r.o.CachingOperationNameGenerator -
				Generating unique operation named: getUsingGET_165
2025-02-19 00:37:17 [restartedMain] INFO  s.d.s.w.r.o.CachingOperationNameGenerator -
				Generating unique operation named: uploadFileUsingPOST_18
2025-02-19 00:37:17 [restartedMain] INFO  s.d.s.w.r.o.CachingOperationNameGenerator -
				Generating unique operation named: viewFilesUsingGET_17
2025-02-19 00:37:17 [restartedMain] INFO  s.d.s.w.r.o.CachingOperationNameGenerator -
				Generating unique operation named: deleteUsingDELETE_107
2025-02-19 00:37:17 [restartedMain] INFO  s.d.s.w.r.o.CachingOperationNameGenerator -
				Generating unique operation named: delete1UsingDELETE_89
2025-02-19 00:37:17 [restartedMain] INFO  s.d.s.w.r.o.CachingOperationNameGenerator -
				Generating unique operation named: getUsingGET_166
2025-02-19 00:37:17 [restartedMain] INFO  s.d.s.w.r.o.CachingOperationNameGenerator -
				Generating unique operation named: listAllUsingGET_152
2025-02-19 00:37:17 [restartedMain] INFO  s.d.s.w.r.o.CachingOperationNameGenerator -
				Generating unique operation named: listAll1UsingGET_68
2025-02-19 00:37:17 [restartedMain] INFO  s.d.s.w.r.o.CachingOperationNameGenerator -
				Generating unique operation named: updateUsingPUT_151
2025-02-19 00:37:17 [restartedMain] INFO  s.d.s.w.r.o.CachingOperationNameGenerator -
				Generating unique operation named: downloadFileUsingGET_8
2025-02-19 00:37:17 [restartedMain] INFO  s.d.s.w.r.o.CachingOperationNameGenerator -
				Generating unique operation named: get1UsingGET_1
2025-02-19 00:37:17 [restartedMain] INFO  s.d.s.w.r.o.CachingOperationNameGenerator -
				Generating unique operation named: getAllDeatilsUsingGET_1
2025-02-19 00:37:17 [restartedMain] INFO  s.d.s.w.r.o.CachingOperationNameGenerator -
				Generating unique operation named: uploadFileUsingPOST_19
2025-02-19 00:37:17 [restartedMain] INFO  s.d.s.w.r.o.CachingOperationNameGenerator -
				Generating unique operation named: deleteUsingDELETE_108
2025-02-19 00:37:17 [restartedMain] INFO  s.d.s.w.r.o.CachingOperationNameGenerator -
				Generating unique operation named: getUsingGET_167
2025-02-19 00:37:17 [restartedMain] INFO  s.d.s.w.r.o.CachingOperationNameGenerator -
				Generating unique operation named: listAllUsingGET_153
2025-02-19 00:37:17 [restartedMain] INFO  s.d.s.w.r.o.CachingOperationNameGenerator -
				Generating unique operation named: updateUsingPUT_152
2025-02-19 00:37:17 [restartedMain] INFO  s.d.s.w.r.o.CachingOperationNameGenerator -
				Generating unique operation named: deleteUsingDELETE_109
2025-02-19 00:37:17 [restartedMain] INFO  s.d.s.w.r.o.CachingOperationNameGenerator -
				Generating unique operation named: delete1UsingDELETE_90
2025-02-19 00:37:17 [restartedMain] INFO  s.d.s.w.r.o.CachingOperationNameGenerator -
				Generating unique operation named: getUsingGET_168
2025-02-19 00:37:17 [restartedMain] INFO  s.d.s.w.r.o.CachingOperationNameGenerator -
				Generating unique operation named: listAllUsingGET_154
2025-02-19 00:37:17 [restartedMain] INFO  s.d.s.w.r.o.CachingOperationNameGenerator -
				Generating unique operation named: saveSubjectTypeUsingPOST_14
2025-02-19 00:37:17 [restartedMain] INFO  s.d.s.w.r.o.CachingOperationNameGenerator -
				Generating unique operation named: updateUsingPUT_153
2025-02-19 00:37:17 [restartedMain] INFO  s.d.s.w.r.o.CachingOperationNameGenerator -
				Generating unique operation named: deleteUsingDELETE_110
2025-02-19 00:37:17 [restartedMain] INFO  s.d.s.w.r.o.CachingOperationNameGenerator -
				Generating unique operation named: delete1UsingDELETE_91
2025-02-19 00:37:17 [restartedMain] INFO  s.d.s.w.r.o.CachingOperationNameGenerator -
				Generating unique operation named: getUsingGET_169
2025-02-19 00:37:17 [restartedMain] INFO  s.d.s.w.r.o.CachingOperationNameGenerator -
				Generating unique operation named: getAllHolidayCalenderDetailsUsingGET_1
2025-02-19 00:37:17 [restartedMain] INFO  s.d.s.w.r.o.CachingOperationNameGenerator -
				Generating unique operation named: listAllUsingGET_155
2025-02-19 00:37:17 [restartedMain] INFO  s.d.s.w.r.o.CachingOperationNameGenerator -
				Generating unique operation named: updateUsingPUT_154
2025-02-19 00:37:17 [restartedMain] INFO  s.d.s.w.r.o.CachingOperationNameGenerator -
				Generating unique operation named: deleteUsingDELETE_111
2025-02-19 00:37:17 [restartedMain] INFO  s.d.s.w.r.o.CachingOperationNameGenerator -
				Generating unique operation named: delete1UsingDELETE_92
2025-02-19 00:37:17 [restartedMain] INFO  s.d.s.w.r.o.CachingOperationNameGenerator -
				Generating unique operation named: getUsingGET_170
2025-02-19 00:37:17 [restartedMain] INFO  s.d.s.w.r.o.CachingOperationNameGenerator -
				Generating unique operation named: getAllRolesDetailsUsingGET_3
2025-02-19 00:37:17 [restartedMain] INFO  s.d.s.w.r.o.CachingOperationNameGenerator -
				Generating unique operation named: listAllUsingGET_156
2025-02-19 00:37:17 [restartedMain] INFO  s.d.s.w.r.o.CachingOperationNameGenerator -
				Generating unique operation named: saveSubjectTypeUsingPOST_15
2025-02-19 00:37:17 [restartedMain] INFO  s.d.s.w.r.o.CachingOperationNameGenerator -
				Generating unique operation named: updateUsingPUT_155
2025-02-19 00:37:17 [restartedMain] INFO  s.d.s.w.r.o.CachingOperationNameGenerator -
				Generating unique operation named: downloadFileUsingGET_9
2025-02-19 00:37:17 [restartedMain] INFO  s.d.s.w.r.o.CachingOperationNameGenerator -
				Generating unique operation named: uploadFileUsingPOST_20
2025-02-19 00:37:17 [restartedMain] INFO  s.d.s.w.r.o.CachingOperationNameGenerator -
				Generating unique operation named: fetchAllHostelBedAssignmentUsingGET_1
2025-02-19 00:37:17 [restartedMain] INFO  s.d.s.w.r.o.CachingOperationNameGenerator -
				Generating unique operation named: deleteUsingDELETE_112
2025-02-19 00:37:17 [restartedMain] INFO  s.d.s.w.r.o.CachingOperationNameGenerator -
				Generating unique operation named: delete1UsingDELETE_93
2025-02-19 00:37:17 [restartedMain] INFO  s.d.s.w.r.o.CachingOperationNameGenerator -
				Generating unique operation named: getUsingGET_171
2025-02-19 00:37:17 [restartedMain] INFO  s.d.s.w.r.o.CachingOperationNameGenerator -
				Generating unique operation named: listAllUsingGET_157
2025-02-19 00:37:17 [restartedMain] INFO  s.d.s.w.r.o.CachingOperationNameGenerator -
				Generating unique operation named: listAll1UsingGET_69
2025-02-19 00:37:17 [restartedMain] INFO  s.d.s.w.r.o.CachingOperationNameGenerator -
				Generating unique operation named: saveSubjectTypeUsingPOST_16
2025-02-19 00:37:17 [restartedMain] INFO  s.d.s.w.r.o.CachingOperationNameGenerator -
				Generating unique operation named: updateUsingPUT_156
2025-02-19 00:37:17 [restartedMain] INFO  s.d.s.w.r.o.CachingOperationNameGenerator -
				Generating unique operation named: deleteUsingDELETE_113
2025-02-19 00:37:17 [restartedMain] INFO  s.d.s.w.r.o.CachingOperationNameGenerator -
				Generating unique operation named: delete1UsingDELETE_94
2025-02-19 00:37:17 [restartedMain] INFO  s.d.s.w.r.o.CachingOperationNameGenerator -
				Generating unique operation named: getUsingGET_172
2025-02-19 00:37:17 [restartedMain] INFO  s.d.s.w.r.o.CachingOperationNameGenerator -
				Generating unique operation named: listAllUsingGET_158
2025-02-19 00:37:17 [restartedMain] INFO  s.d.s.w.r.o.CachingOperationNameGenerator -
				Generating unique operation named: saveSubjectTypeUsingPOST_17
2025-02-19 00:37:17 [restartedMain] INFO  s.d.s.w.r.o.CachingOperationNameGenerator -
				Generating unique operation named: updateUsingPUT_157
2025-02-19 00:37:17 [restartedMain] INFO  s.d.s.w.r.o.CachingOperationNameGenerator -
				Generating unique operation named: deleteUsingDELETE_114
2025-02-19 00:37:17 [restartedMain] INFO  s.d.s.w.r.o.CachingOperationNameGenerator -
				Generating unique operation named: delete1UsingDELETE_95
2025-02-19 00:37:17 [restartedMain] INFO  s.d.s.w.r.o.CachingOperationNameGenerator -
				Generating unique operation named: getUsingGET_173
2025-02-19 00:37:17 [restartedMain] INFO  s.d.s.w.r.o.CachingOperationNameGenerator -
				Generating unique operation named: listAllUsingGET_159
2025-02-19 00:37:17 [restartedMain] INFO  s.d.s.w.r.o.CachingOperationNameGenerator -
				Generating unique operation named: listAll1UsingGET_70
2025-02-19 00:37:17 [restartedMain] INFO  s.d.s.w.r.o.CachingOperationNameGenerator -
				Generating unique operation named: saveSubjectTypeUsingPOST_18
2025-02-19 00:37:17 [restartedMain] INFO  s.d.s.w.r.o.CachingOperationNameGenerator -
				Generating unique operation named: updateUsingPUT_158
2025-02-19 00:37:17 [restartedMain] INFO  s.d.s.w.r.o.CachingOperationNameGenerator -
				Generating unique operation named: saveAcademicYearUsingPOST_6
2025-02-19 00:37:17 [restartedMain] INFO  s.d.s.w.r.o.CachingOperationNameGenerator -
				Generating unique operation named: deleteUsingDELETE_115
2025-02-19 00:37:17 [restartedMain] INFO  s.d.s.w.r.o.CachingOperationNameGenerator -
				Generating unique operation named: delete1UsingDELETE_96
2025-02-19 00:37:17 [restartedMain] INFO  s.d.s.w.r.o.CachingOperationNameGenerator -
				Generating unique operation named: getUsingGET_174
2025-02-19 00:37:17 [restartedMain] INFO  s.d.s.w.r.o.CachingOperationNameGenerator -
				Generating unique operation named: listAllUsingGET_160
2025-02-19 00:37:17 [restartedMain] INFO  s.d.s.w.r.o.CachingOperationNameGenerator -
				Generating unique operation named: listAll1UsingGET_71
2025-02-19 00:37:17 [restartedMain] INFO  s.d.s.w.r.o.CachingOperationNameGenerator -
				Generating unique operation named: saveSubjectTypeUsingPOST_19
2025-02-19 00:37:17 [restartedMain] INFO  s.d.s.w.r.o.CachingOperationNameGenerator -
				Generating unique operation named: updateUsingPUT_159
2025-02-19 00:37:17 [restartedMain] INFO  s.d.s.w.r.o.CachingOperationNameGenerator -
				Generating unique operation named: fetchAllHostelHeadWiseAmtDetailsUsingGET_1
2025-02-19 00:37:17 [restartedMain] INFO  s.d.s.w.r.o.CachingOperationNameGenerator -
				Generating unique operation named: deleteUsingDELETE_116
2025-02-19 00:37:17 [restartedMain] INFO  s.d.s.w.r.o.CachingOperationNameGenerator -
				Generating unique operation named: delete1UsingDELETE_97
2025-02-19 00:37:17 [restartedMain] INFO  s.d.s.w.r.o.CachingOperationNameGenerator -
				Generating unique operation named: getUsingGET_175
2025-02-19 00:37:17 [restartedMain] INFO  s.d.s.w.r.o.CachingOperationNameGenerator -
				Generating unique operation named: listAllUsingGET_161
2025-02-19 00:37:17 [restartedMain] INFO  s.d.s.w.r.o.CachingOperationNameGenerator -
				Generating unique operation named: listAll1UsingGET_72
2025-02-19 00:37:17 [restartedMain] INFO  s.d.s.w.r.o.CachingOperationNameGenerator -
				Generating unique operation named: saveSubjectTypeUsingPOST_20
2025-02-19 00:37:17 [restartedMain] INFO  s.d.s.w.r.o.CachingOperationNameGenerator -
				Generating unique operation named: updateUsingPUT_160
2025-02-19 00:37:17 [restartedMain] INFO  s.d.s.w.r.o.CachingOperationNameGenerator -
				Generating unique operation named: deleteUsingDELETE_117
2025-02-19 00:37:17 [restartedMain] INFO  s.d.s.w.r.o.CachingOperationNameGenerator -
				Generating unique operation named: delete1UsingDELETE_98
2025-02-19 00:37:17 [restartedMain] INFO  s.d.s.w.r.o.CachingOperationNameGenerator -
				Generating unique operation named: getUsingGET_176
2025-02-19 00:37:17 [restartedMain] INFO  s.d.s.w.r.o.CachingOperationNameGenerator -
				Generating unique operation named: listAllUsingGET_162
2025-02-19 00:37:17 [restartedMain] INFO  s.d.s.w.r.o.CachingOperationNameGenerator -
				Generating unique operation named: listAll1UsingGET_73
2025-02-19 00:37:17 [restartedMain] INFO  s.d.s.w.r.o.CachingOperationNameGenerator -
				Generating unique operation named: updateUsingPUT_161
2025-02-19 00:37:17 [restartedMain] INFO  s.d.s.w.r.o.CachingOperationNameGenerator -
				Generating unique operation named: deleteUsingDELETE_118
2025-02-19 00:37:17 [restartedMain] INFO  s.d.s.w.r.o.CachingOperationNameGenerator -
				Generating unique operation named: delete1UsingDELETE_99
2025-02-19 00:37:17 [restartedMain] INFO  s.d.s.w.r.o.CachingOperationNameGenerator -
				Generating unique operation named: getUsingGET_177
2025-02-19 00:37:17 [restartedMain] INFO  s.d.s.w.r.o.CachingOperationNameGenerator -
				Generating unique operation named: listAllUsingGET_163
2025-02-19 00:37:17 [restartedMain] INFO  s.d.s.w.r.o.CachingOperationNameGenerator -
				Generating unique operation named: listAll1UsingGET_74
2025-02-19 00:37:17 [restartedMain] INFO  s.d.s.w.r.o.CachingOperationNameGenerator -
				Generating unique operation named: saveSubjectTypeUsingPOST_21
2025-02-19 00:37:17 [restartedMain] INFO  s.d.s.w.r.o.CachingOperationNameGenerator -
				Generating unique operation named: updateUsingPUT_162
2025-02-19 00:37:17 [restartedMain] INFO  s.d.s.w.r.o.CachingOperationNameGenerator -
				Generating unique operation named: deleteUsingDELETE_119
2025-02-19 00:37:17 [restartedMain] INFO  s.d.s.w.r.o.CachingOperationNameGenerator -
				Generating unique operation named: delete1UsingDELETE_100
2025-02-19 00:37:17 [restartedMain] INFO  s.d.s.w.r.o.CachingOperationNameGenerator -
				Generating unique operation named: downloadFileUsingGET_10
2025-02-19 00:37:17 [restartedMain] INFO  s.d.s.w.r.o.CachingOperationNameGenerator -
				Generating unique operation named: getUsingGET_178
2025-02-19 00:37:17 [restartedMain] INFO  s.d.s.w.r.o.CachingOperationNameGenerator -
				Generating unique operation named: get1UsingGET_2
2025-02-19 00:37:17 [restartedMain] INFO  s.d.s.w.r.o.CachingOperationNameGenerator -
				Generating unique operation named: getAllHostelBlocksDetailsUsingGET_1
2025-02-19 00:37:17 [restartedMain] INFO  s.d.s.w.r.o.CachingOperationNameGenerator -
				Generating unique operation named: listAll1UsingGET_75
2025-02-19 00:37:17 [restartedMain] INFO  s.d.s.w.r.o.CachingOperationNameGenerator -
				Generating unique operation named: savehostelwaiverAttachmentsUsingPOST_1
2025-02-19 00:37:17 [restartedMain] INFO  s.d.s.w.r.o.CachingOperationNameGenerator -
				Generating unique operation named: updateUsingPUT_163
2025-02-19 00:37:17 [restartedMain] INFO  s.d.s.w.r.o.CachingOperationNameGenerator -
				Generating unique operation named: uploadFileUsingPOST_21
2025-02-19 00:37:17 [restartedMain] INFO  s.d.s.w.r.o.CachingOperationNameGenerator -
				Generating unique operation named: deleteUsingDELETE_120
2025-02-19 00:37:17 [restartedMain] INFO  s.d.s.w.r.o.CachingOperationNameGenerator -
				Generating unique operation named: delete1UsingDELETE_101
2025-02-19 00:37:17 [restartedMain] INFO  s.d.s.w.r.o.CachingOperationNameGenerator -
				Generating unique operation named: getUsingGET_179
2025-02-19 00:37:17 [restartedMain] INFO  s.d.s.w.r.o.CachingOperationNameGenerator -
				Generating unique operation named: listAllUsingGET_164
2025-02-19 00:37:17 [restartedMain] INFO  s.d.s.w.r.o.CachingOperationNameGenerator -
				Generating unique operation named: saveSubjectTypeUsingPOST_22
2025-02-19 00:37:17 [restartedMain] INFO  s.d.s.w.r.o.CachingOperationNameGenerator -
				Generating unique operation named: updateUsingPUT_164
2025-02-19 00:37:17 [restartedMain] INFO  s.d.s.w.r.o.CachingOperationNameGenerator -
				Generating unique operation named: activateUsingDELETE_63
2025-02-19 00:37:17 [restartedMain] INFO  s.d.s.w.r.o.CachingOperationNameGenerator -
				Generating unique operation named: deactivateUsingDELETE_63
2025-02-19 00:37:17 [restartedMain] INFO  s.d.s.w.r.o.CachingOperationNameGenerator -
				Generating unique operation named: getUsingGET_180
2025-02-19 00:37:17 [restartedMain] INFO  s.d.s.w.r.o.CachingOperationNameGenerator -
				Generating unique operation named: getAllDeptUsingGET_17
2025-02-19 00:37:17 [restartedMain] INFO  s.d.s.w.r.o.CachingOperationNameGenerator -
				Generating unique operation named: listAllUsingGET_165
2025-02-19 00:37:17 [restartedMain] INFO  s.d.s.w.r.o.CachingOperationNameGenerator -
				Generating unique operation named: activateUsingDELETE_64
2025-02-19 00:37:17 [restartedMain] INFO  s.d.s.w.r.o.CachingOperationNameGenerator -
				Generating unique operation named: deactivateUsingDELETE_64
2025-02-19 00:37:17 [restartedMain] INFO  s.d.s.w.r.o.CachingOperationNameGenerator -
				Generating unique operation named: getUsingGET_181
2025-02-19 00:37:17 [restartedMain] INFO  s.d.s.w.r.o.CachingOperationNameGenerator -
				Generating unique operation named: activateUsingDELETE_65
2025-02-19 00:37:17 [restartedMain] INFO  s.d.s.w.r.o.CachingOperationNameGenerator -
				Generating unique operation named: deactivateUsingDELETE_65
2025-02-19 00:37:17 [restartedMain] INFO  s.d.s.w.r.o.CachingOperationNameGenerator -
				Generating unique operation named: uploadIncrementCreationFileUsingPOST_1
2025-02-19 00:37:17 [restartedMain] INFO  s.d.s.w.r.o.CachingOperationNameGenerator -
				Generating unique operation named: activateUsingDELETE_66
2025-02-19 00:37:17 [restartedMain] INFO  s.d.s.w.r.o.CachingOperationNameGenerator -
				Generating unique operation named: deactivateUsingDELETE_66
2025-02-19 00:37:17 [restartedMain] INFO  s.d.s.w.r.o.CachingOperationNameGenerator -
				Generating unique operation named: getUsingGET_182
2025-02-19 00:37:17 [restartedMain] INFO  s.d.s.w.r.o.CachingOperationNameGenerator -
				Generating unique operation named: listAllUsingGET_166
2025-02-19 00:37:17 [restartedMain] INFO  s.d.s.w.r.o.CachingOperationNameGenerator -
				Generating unique operation named: listAll1UsingGET_76
2025-02-19 00:37:17 [restartedMain] INFO  s.d.s.w.r.o.CachingOperationNameGenerator -
				Generating unique operation named: updateUsingPUT_165
2025-02-19 00:37:17 [restartedMain] INFO  s.d.s.w.r.o.CachingOperationNameGenerator -
				Generating unique operation named: activateUsingDELETE_67
2025-02-19 00:37:17 [restartedMain] INFO  s.d.s.w.r.o.CachingOperationNameGenerator -
				Generating unique operation named: deactivateUsingDELETE_67
2025-02-19 00:37:17 [restartedMain] INFO  s.d.s.w.r.o.CachingOperationNameGenerator -
				Generating unique operation named: getUsingGET_183
2025-02-19 00:37:17 [restartedMain] INFO  s.d.s.w.r.o.CachingOperationNameGenerator -
				Generating unique operation named: listAllUsingGET_167
2025-02-19 00:37:17 [restartedMain] INFO  s.d.s.w.r.o.CachingOperationNameGenerator -
				Generating unique operation named: listAll1UsingGET_77
2025-02-19 00:37:17 [restartedMain] INFO  s.d.s.w.r.o.CachingOperationNameGenerator -
				Generating unique operation named: updateUsingPUT_166
2025-02-19 00:37:17 [restartedMain] INFO  s.d.s.w.r.o.CachingOperationNameGenerator -
				Generating unique operation named: activateUsingDELETE_68
2025-02-19 00:37:17 [restartedMain] INFO  s.d.s.w.r.o.CachingOperationNameGenerator -
				Generating unique operation named: deactivateUsingDELETE_68
2025-02-19 00:37:17 [restartedMain] INFO  s.d.s.w.r.o.CachingOperationNameGenerator -
				Generating unique operation named: getUsingGET_184
2025-02-19 00:37:17 [restartedMain] INFO  s.d.s.w.r.o.CachingOperationNameGenerator -
				Generating unique operation named: listAllUsingGET_168
2025-02-19 00:37:17 [restartedMain] INFO  s.d.s.w.r.o.CachingOperationNameGenerator -
				Generating unique operation named: listAll1UsingGET_78
2025-02-19 00:37:17 [restartedMain] INFO  s.d.s.w.r.o.CachingOperationNameGenerator -
				Generating unique operation named: updateUsingPUT_167
2025-02-19 00:37:17 [restartedMain] INFO  s.d.s.w.r.o.CachingOperationNameGenerator -
				Generating unique operation named: activateUsingDELETE_69
2025-02-19 00:37:17 [restartedMain] INFO  s.d.s.w.r.o.CachingOperationNameGenerator -
				Generating unique operation named: deactivateUsingDELETE_69
2025-02-19 00:37:17 [restartedMain] INFO  s.d.s.w.r.o.CachingOperationNameGenerator -
				Generating unique operation named: getUsingGET_185
2025-02-19 00:37:17 [restartedMain] INFO  s.d.s.w.r.o.CachingOperationNameGenerator -
				Generating unique operation named: getAllActiveRoomsForTimeTableSnUsingGET_1
2025-02-19 00:37:17 [restartedMain] INFO  s.d.s.w.r.o.CachingOperationNameGenerator -
				Generating unique operation named: listAllUsingGET_169
2025-02-19 00:37:17 [restartedMain] INFO  s.d.s.w.r.o.CachingOperationNameGenerator -
				Generating unique operation named: listAll1UsingGET_79
2025-02-19 00:37:17 [restartedMain] INFO  s.d.s.w.r.o.CachingOperationNameGenerator -
				Generating unique operation named: updateUsingPUT_168
2025-02-19 00:37:17 [restartedMain] INFO  s.d.s.w.r.o.CachingOperationNameGenerator -
				Generating unique operation named: copiedIntakeAssignmentCopiedUsingPOST_1
2025-02-19 00:37:17 [restartedMain] INFO  s.d.s.w.r.o.CachingOperationNameGenerator -
				Generating unique operation named: deleteUsingDELETE_121
2025-02-19 00:37:17 [restartedMain] INFO  s.d.s.w.r.o.CachingOperationNameGenerator -
				Generating unique operation named: delete1UsingDELETE_102
2025-02-19 00:37:17 [restartedMain] INFO  s.d.s.w.r.o.CachingOperationNameGenerator -
				Generating unique operation named: getUsingGET_186
2025-02-19 00:37:17 [restartedMain] INFO  s.d.s.w.r.o.CachingOperationNameGenerator -
				Generating unique operation named: getSingleIntakeAssignmentAndPermitDetailsDataUsingGET_1
2025-02-19 00:37:17 [restartedMain] INFO  s.d.s.w.r.o.CachingOperationNameGenerator -
				Generating unique operation named: intakeAssignmentAndPermitDetailsOnAcademicYearUsingGET_1
2025-02-19 00:37:17 [restartedMain] INFO  s.d.s.w.r.o.CachingOperationNameGenerator -
				Generating unique operation named: intakeAssignmentDetailsUsingGET_1
2025-02-19 00:37:17 [restartedMain] INFO  s.d.s.w.r.o.CachingOperationNameGenerator -
				Generating unique operation named: intakeAssignmentDetailsForGridViewUsingGET_1
2025-02-19 00:37:17 [restartedMain] INFO  s.d.s.w.r.o.CachingOperationNameGenerator -
				Generating unique operation named: intakeAssignmentProgramSpecializationDetailsUsingGET_1
2025-02-19 00:37:17 [restartedMain] INFO  s.d.s.w.r.o.CachingOperationNameGenerator -
				Generating unique operation named: intakeNotAssignedfeeAdmissionCategoryUsingGET_1
2025-02-19 00:37:17 [restartedMain] INFO  s.d.s.w.r.o.CachingOperationNameGenerator -
				Generating unique operation named: listAllUsingGET_170
2025-02-19 00:37:17 [restartedMain] INFO  s.d.s.w.r.o.CachingOperationNameGenerator -
				Generating unique operation named: listAll1UsingGET_80
2025-02-19 00:37:17 [restartedMain] INFO  s.d.s.w.r.o.CachingOperationNameGenerator -
				Generating unique operation named: saveIntakeAssignmentUsingPOST_1
2025-02-19 00:37:17 [restartedMain] INFO  s.d.s.w.r.o.CachingOperationNameGenerator -
				Generating unique operation named: updateUsingPUT_169
2025-02-19 00:37:17 [restartedMain] INFO  s.d.s.w.r.o.CachingOperationNameGenerator -
				Generating unique operation named: intakeAssignmentHistoryDetailsUsingGET_1
2025-02-19 00:37:17 [restartedMain] INFO  s.d.s.w.r.o.CachingOperationNameGenerator -
				Generating unique operation named: saveIntakeAssignmentHistoryUsingPOST_1
2025-02-19 00:37:17 [restartedMain] INFO  s.d.s.w.r.o.CachingOperationNameGenerator -
				Generating unique operation named: copiedIntakePermitDetailsUsingPOST_1
2025-02-19 00:37:17 [restartedMain] INFO  s.d.s.w.r.o.CachingOperationNameGenerator -
				Generating unique operation named: getIntakePermitByIntakeIdUsingGET_1
2025-02-19 00:37:17 [restartedMain] INFO  s.d.s.w.r.o.CachingOperationNameGenerator -
				Generating unique operation named: getIntakePermitDetailsForGridViewUsingGET_1
2025-02-19 00:37:17 [restartedMain] INFO  s.d.s.w.r.o.CachingOperationNameGenerator -
				Generating unique operation named: listAllUsingGET_171
2025-02-19 00:37:17 [restartedMain] INFO  s.d.s.w.r.o.CachingOperationNameGenerator -
				Generating unique operation named: listAll1UsingGET_81
2025-02-19 00:37:17 [restartedMain] INFO  s.d.s.w.r.o.CachingOperationNameGenerator -
				Generating unique operation named: updateUsingPUT_170
2025-02-19 00:37:17 [restartedMain] INFO  s.d.s.w.r.o.CachingOperationNameGenerator -
				Generating unique operation named: updateUsingPUT_171
2025-02-19 00:37:17 [restartedMain] INFO  s.d.s.w.r.o.CachingOperationNameGenerator -
				Generating unique operation named: getIntakePermitHistoryDetailsUsingGET_1
2025-02-19 00:37:17 [restartedMain] INFO  s.d.s.w.r.o.CachingOperationNameGenerator -
				Generating unique operation named: saveIntakepermitHistoryUsingPOST_1
2025-02-19 00:37:17 [restartedMain] INFO  s.d.s.w.r.o.CachingOperationNameGenerator -
				Generating unique operation named: activateUsingDELETE_70
2025-02-19 00:37:17 [restartedMain] INFO  s.d.s.w.r.o.CachingOperationNameGenerator -
				Generating unique operation named: deactivateUsingDELETE_70
2025-02-19 00:37:17 [restartedMain] INFO  s.d.s.w.r.o.CachingOperationNameGenerator -
				Generating unique operation named: getUsingGET_187
2025-02-19 00:37:17 [restartedMain] INFO  s.d.s.w.r.o.CachingOperationNameGenerator -
				Generating unique operation named: getAllDeptUsingGET_18
2025-02-19 00:37:17 [restartedMain] INFO  s.d.s.w.r.o.CachingOperationNameGenerator -
				Generating unique operation named: getInternalAttendanceDetailsOfStudentUsingGET_1
2025-02-19 00:37:17 [restartedMain] INFO  s.d.s.w.r.o.CachingOperationNameGenerator -
				Generating unique operation named: listAllUsingGET_172
2025-02-19 00:37:17 [restartedMain] INFO  s.d.s.w.r.o.CachingOperationNameGenerator -
				Generating unique operation named: saveInternalAttendanceUsingPOST_1
2025-02-19 00:37:17 [restartedMain] INFO  s.d.s.w.r.o.CachingOperationNameGenerator -
				Generating unique operation named: updateUsingPUT_172
2025-02-19 00:37:17 [restartedMain] INFO  s.d.s.w.r.o.CachingOperationNameGenerator -
				Generating unique operation named: updateInternalAttendanceUsingPUT_1
2025-02-19 00:37:17 [restartedMain] INFO  s.d.s.w.r.o.CachingOperationNameGenerator -
				Generating unique operation named: activateUsingDELETE_71
2025-02-19 00:37:17 [restartedMain] INFO  s.d.s.w.r.o.CachingOperationNameGenerator -
				Generating unique operation named: deactivateUsingDELETE_71
2025-02-19 00:37:17 [restartedMain] INFO  s.d.s.w.r.o.CachingOperationNameGenerator -
				Generating unique operation named: getUsingGET_188
2025-02-19 00:37:17 [restartedMain] INFO  s.d.s.w.r.o.CachingOperationNameGenerator -
				Generating unique operation named: getAllInternalTypesDetailsUsingGET_3
2025-02-19 00:37:17 [restartedMain] INFO  s.d.s.w.r.o.CachingOperationNameGenerator -
				Generating unique operation named: getAllInternalTypesDetails1UsingGET_1
2025-02-19 00:37:17 [restartedMain] INFO  s.d.s.w.r.o.CachingOperationNameGenerator -
				Generating unique operation named: getCoursesForInternalsUsingGET_1
2025-02-19 00:37:17 [restartedMain] INFO  s.d.s.w.r.o.CachingOperationNameGenerator -
				Generating unique operation named: getRoomsForInternalsUsingGET_1
2025-02-19 00:37:17 [restartedMain] INFO  s.d.s.w.r.o.CachingOperationNameGenerator -
				Generating unique operation named: getStudentIdsByInternalSessionIdUsingGET_1
2025-02-19 00:37:17 [restartedMain] INFO  s.d.s.w.r.o.CachingOperationNameGenerator -
				Generating unique operation named: internalTimeTableAssignmentDetailsByEmployeeIdUsingGET_2
2025-02-19 00:37:17 [restartedMain] INFO  s.d.s.w.r.o.CachingOperationNameGenerator -
				Generating unique operation named: internalTimeTableAssignmentDetailsByInternalSessionIdUsingGET_1
2025-02-19 00:37:17 [restartedMain] INFO  s.d.s.w.r.o.CachingOperationNameGenerator -
				Generating unique operation named: listAllActiveInternalTimeTableUsingGET_2
2025-02-19 00:37:17 [restartedMain] INFO  s.d.s.w.r.o.CachingOperationNameGenerator -
				Generating unique operation named: listAllActiveInternalTimeTableDataUsingGET_1
2025-02-19 00:37:17 [restartedMain] INFO  s.d.s.w.r.o.CachingOperationNameGenerator -
				Generating unique operation named: listAllActiveInternalTimeTableDataBasisOfDOEUsingGET_1
2025-02-19 00:37:17 [restartedMain] INFO  s.d.s.w.r.o.CachingOperationNameGenerator -
				Generating unique operation named: listOfStudentDetailsUsingGET_4
2025-02-19 00:37:17 [restartedMain] INFO  s.d.s.w.r.o.CachingOperationNameGenerator -
				Generating unique operation named: saveInternalFacultyRoomAssignmentUsingPOST_1
2025-02-19 00:37:17 [restartedMain] INFO  s.d.s.w.r.o.CachingOperationNameGenerator -
				Generating unique operation named: updateUsingPUT_173
2025-02-19 00:37:17 [restartedMain] INFO  s.d.s.w.r.o.CachingOperationNameGenerator -
				Generating unique operation named: updateUsingPUT_174
2025-02-19 00:37:17 [restartedMain] INFO  s.d.s.w.r.o.CachingOperationNameGenerator -
				Generating unique operation named: updateRoomForInternalFacultyRoomAssignmentUsingPUT_1
2025-02-19 00:37:17 [restartedMain] INFO  s.d.s.w.r.o.CachingOperationNameGenerator -
				Generating unique operation named: activateUsingDELETE_72
2025-02-19 00:37:17 [restartedMain] INFO  s.d.s.w.r.o.CachingOperationNameGenerator -
				Generating unique operation named: deactivateUsingDELETE_72
2025-02-19 00:37:17 [restartedMain] INFO  s.d.s.w.r.o.CachingOperationNameGenerator -
				Generating unique operation named: fetchAllAdministrationEmailIdsDetailUsingGET_9
2025-02-19 00:37:17 [restartedMain] INFO  s.d.s.w.r.o.CachingOperationNameGenerator -
				Generating unique operation named: getUsingGET_189
2025-02-19 00:37:17 [restartedMain] INFO  s.d.s.w.r.o.CachingOperationNameGenerator -
				Generating unique operation named: listAllActiveInternalTimeTableUsingGET_3
2025-02-19 00:37:17 [restartedMain] INFO  s.d.s.w.r.o.CachingOperationNameGenerator -
				Generating unique operation named: saveInternalRoomUsingPOST_1
2025-02-19 00:37:17 [restartedMain] INFO  s.d.s.w.r.o.CachingOperationNameGenerator -
				Generating unique operation named: updateUsingPUT_175
2025-02-19 00:37:17 [restartedMain] INFO  s.d.s.w.r.o.CachingOperationNameGenerator -
				Generating unique operation named: saveInternalSessionAssignmentUsingPOST_1
2025-02-19 00:37:17 [restartedMain] INFO  s.d.s.w.r.o.CachingOperationNameGenerator -
				Generating unique operation named: updateUsingPUT_176
2025-02-19 00:37:17 [restartedMain] INFO  s.d.s.w.r.o.CachingOperationNameGenerator -
				Generating unique operation named: activateUsingDELETE_73
2025-02-19 00:37:17 [restartedMain] INFO  s.d.s.w.r.o.CachingOperationNameGenerator -
				Generating unique operation named: activateInternalSessionCreationUsingDELETE_1
2025-02-19 00:37:17 [restartedMain] INFO  s.d.s.w.r.o.CachingOperationNameGenerator -
				Generating unique operation named: deactivateUsingDELETE_73
2025-02-19 00:37:17 [restartedMain] INFO  s.d.s.w.r.o.CachingOperationNameGenerator -
				Generating unique operation named: deactivateInternalSessionCreationUsingDELETE_1
2025-02-19 00:37:17 [restartedMain] INFO  s.d.s.w.r.o.CachingOperationNameGenerator -
				Generating unique operation named: fetchAllExternalExamDetailUsingGET_1
2025-02-19 00:37:17 [restartedMain] INFO  s.d.s.w.r.o.CachingOperationNameGenerator -
				Generating unique operation named: findAllUsingGET_1
2025-02-19 00:37:17 [restartedMain] INFO  s.d.s.w.r.o.CachingOperationNameGenerator -
				Generating unique operation named: getUsingGET_190
2025-02-19 00:37:17 [restartedMain] INFO  s.d.s.w.r.o.CachingOperationNameGenerator -
				Generating unique operation named: getAllActiveInternalIdUsingGET_1
2025-02-19 00:37:17 [restartedMain] INFO  s.d.s.w.r.o.CachingOperationNameGenerator -
				Generating unique operation named: getAllActiveInternalSessionCreationUsingGET_1
2025-02-19 00:37:17 [restartedMain] INFO  s.d.s.w.r.o.CachingOperationNameGenerator -
				Generating unique operation named: getAllActivecourseidUsingGET_1
2025-02-19 00:37:17 [restartedMain] INFO  s.d.s.w.r.o.CachingOperationNameGenerator -
				Generating unique operation named: getAllInternalTypesDetailsUsingGET_4
2025-02-19 00:37:17 [restartedMain] INFO  s.d.s.w.r.o.CachingOperationNameGenerator -
				Generating unique operation named: getAssignedCoursesOnDateOfExamAndTimeSlotsIdAndRoomIdUsingGET_1
2025-02-19 00:37:17 [restartedMain] INFO  s.d.s.w.r.o.CachingOperationNameGenerator -
				Generating unique operation named: getCoursesOnDateOfExamAndTimeSlotsUsingGET_1
2025-02-19 00:37:17 [restartedMain] INFO  s.d.s.w.r.o.CachingOperationNameGenerator -
				Generating unique operation named: getInternalDetailsDataUsingGET_1
2025-02-19 00:37:17 [restartedMain] INFO  s.d.s.w.r.o.CachingOperationNameGenerator -
				Generating unique operation named: getProgramSpecializationFromInternalSessionCreationUsingGET_1
2025-02-19 00:37:17 [restartedMain] INFO  s.d.s.w.r.o.CachingOperationNameGenerator -
				Generating unique operation named: internal_idbasedOnSessionAssignmentUsingGET_1
2025-02-19 00:37:17 [restartedMain] INFO  s.d.s.w.r.o.CachingOperationNameGenerator -
				Generating unique operation named: listAllActiveInternalSessionCreationUsingGET_1
2025-02-19 00:37:17 [restartedMain] INFO  s.d.s.w.r.o.CachingOperationNameGenerator -
				Generating unique operation named: saveInternalSessionCreationUsingPOST_1
2025-02-19 00:37:17 [restartedMain] INFO  s.d.s.w.r.o.CachingOperationNameGenerator -
				Generating unique operation named: saveInternalSessionCreation1UsingPOST_1
2025-02-19 00:37:17 [restartedMain] INFO  s.d.s.w.r.o.CachingOperationNameGenerator -
				Generating unique operation named: studentsForExternalMarksAssignmentUsingGET_1
2025-02-19 00:37:17 [restartedMain] INFO  s.d.s.w.r.o.CachingOperationNameGenerator -
				Generating unique operation named: updateUsingPUT_177
2025-02-19 00:37:17 [restartedMain] INFO  s.d.s.w.r.o.CachingOperationNameGenerator -
				Generating unique operation named: updateExternalMarkUsingPUT_1
2025-02-19 00:37:17 [restartedMain] INFO  s.d.s.w.r.o.CachingOperationNameGenerator -
				Generating unique operation named: checkInternalExamAttendanceStatusUsingGET_1
2025-02-19 00:37:17 [restartedMain] INFO  s.d.s.w.r.o.CachingOperationNameGenerator -
				Generating unique operation named: deleteUsingDELETE_122
2025-02-19 00:37:17 [restartedMain] INFO  s.d.s.w.r.o.CachingOperationNameGenerator -
				Generating unique operation named: delete1UsingDELETE_103
2025-02-19 00:37:17 [restartedMain] INFO  s.d.s.w.r.o.CachingOperationNameGenerator -
				Generating unique operation named: getUsingGET_191
2025-02-19 00:37:17 [restartedMain] INFO  s.d.s.w.r.o.CachingOperationNameGenerator -
				Generating unique operation named: getStudentDataByCourseAssignmentIdUsingGET_1
2025-02-19 00:37:17 [restartedMain] INFO  s.d.s.w.r.o.CachingOperationNameGenerator -
				Generating unique operation named: internalStudentDetailsDataUsingGET_1
2025-02-19 00:37:17 [restartedMain] INFO  s.d.s.w.r.o.CachingOperationNameGenerator -
				Generating unique operation named: internalStudentIdsBasedOnDateAndTimeSlotsUsingGET_1
2025-02-19 00:37:17 [restartedMain] INFO  s.d.s.w.r.o.CachingOperationNameGenerator -
				Generating unique operation named: internalTimeTableAssignmentDetailsByEmployeeIdUsingGET_3
2025-02-19 00:37:17 [restartedMain] INFO  s.d.s.w.r.o.CachingOperationNameGenerator -
				Generating unique operation named: internalTimeTableAssignmentDetailsByUserIdUsingGET_1
2025-02-19 00:37:17 [restartedMain] INFO  s.d.s.w.r.o.CachingOperationNameGenerator -
				Generating unique operation named: listAllUsingGET_173
2025-02-19 00:37:17 [restartedMain] INFO  s.d.s.w.r.o.CachingOperationNameGenerator -
				Generating unique operation named: listAll1UsingGET_82
2025-02-19 00:37:17 [restartedMain] INFO  s.d.s.w.r.o.CachingOperationNameGenerator -
				Generating unique operation named: listIttaCourseBasedOnDateUsingGET_1
2025-02-19 00:37:17 [restartedMain] INFO  s.d.s.w.r.o.CachingOperationNameGenerator -
				Generating unique operation named: listIttaEmpIdBasedOnTimeAndDate1UsingGET_1
2025-02-19 00:37:17 [restartedMain] INFO  s.d.s.w.r.o.CachingOperationNameGenerator -
				Generating unique operation named: listIttaRoomIdBasedOnTimeAndDateUsingGET_1
2025-02-19 00:37:17 [restartedMain] INFO  s.d.s.w.r.o.CachingOperationNameGenerator -
				Generating unique operation named: listOfStudentDetailsUsingGET_5
2025-02-19 00:37:17 [restartedMain] INFO  s.d.s.w.r.o.CachingOperationNameGenerator -
				Generating unique operation named: listOfStudentDetailsUsingGET_6
2025-02-19 00:37:17 [restartedMain] INFO  s.d.s.w.r.o.CachingOperationNameGenerator -
				Generating unique operation named: listOfStudentDetailsUsingGET_7
2025-02-19 00:37:17 [restartedMain] INFO  s.d.s.w.r.o.CachingOperationNameGenerator -
				Generating unique operation named: saveInternalTimeTableAssignmentUsingPOST_1
2025-02-19 00:37:17 [restartedMain] INFO  s.d.s.w.r.o.CachingOperationNameGenerator -
				Generating unique operation named: updateUsingPUT_178
2025-02-19 00:37:17 [restartedMain] INFO  s.d.s.w.r.o.CachingOperationNameGenerator -
				Generating unique operation named: activateUsingDELETE_74
2025-02-19 00:37:17 [restartedMain] INFO  s.d.s.w.r.o.CachingOperationNameGenerator -
				Generating unique operation named: deactivateUsingDELETE_74
2025-02-19 00:37:17 [restartedMain] INFO  s.d.s.w.r.o.CachingOperationNameGenerator -
				Generating unique operation named: getUsingGET_192
2025-02-19 00:37:17 [restartedMain] INFO  s.d.s.w.r.o.CachingOperationNameGenerator -
				Generating unique operation named: getAllInternalTypesDetailsUsingGET_5
2025-02-19 00:37:17 [restartedMain] INFO  s.d.s.w.r.o.CachingOperationNameGenerator -
				Generating unique operation named: listAllActiveInternalTypesUsingGET_1
2025-02-19 00:37:17 [restartedMain] INFO  s.d.s.w.r.o.CachingOperationNameGenerator -
				Generating unique operation named: saveInternalTypesUsingPOST_1
2025-02-19 00:37:17 [restartedMain] INFO  s.d.s.w.r.o.CachingOperationNameGenerator -
				Generating unique operation named: updateUsingPUT_179
2025-02-19 00:37:17 [restartedMain] INFO  s.d.s.w.r.o.CachingOperationNameGenerator -
				Generating unique operation named: deleteUsingDELETE_123
2025-02-19 00:37:17 [restartedMain] INFO  s.d.s.w.r.o.CachingOperationNameGenerator -
				Generating unique operation named: getUsingGET_193
2025-02-19 00:37:17 [restartedMain] INFO  s.d.s.w.r.o.CachingOperationNameGenerator -
				Generating unique operation named: getAllDeatilsUsingGET_2
2025-02-19 00:37:17 [restartedMain] INFO  s.d.s.w.r.o.CachingOperationNameGenerator -
				Generating unique operation named: listAllUsingGET_174
2025-02-19 00:37:17 [restartedMain] INFO  s.d.s.w.r.o.CachingOperationNameGenerator -
				Generating unique operation named: updateUsingPUT_180
2025-02-19 00:37:17 [restartedMain] INFO  s.d.s.w.r.o.CachingOperationNameGenerator -
				Generating unique operation named: deleteUsingDELETE_124
2025-02-19 00:37:17 [restartedMain] INFO  s.d.s.w.r.o.CachingOperationNameGenerator -
				Generating unique operation named: getUsingGET_194
2025-02-19 00:37:17 [restartedMain] INFO  s.d.s.w.r.o.CachingOperationNameGenerator -
				Generating unique operation named: getUsingGET_195
2025-02-19 00:37:17 [restartedMain] INFO  s.d.s.w.r.o.CachingOperationNameGenerator -
				Generating unique operation named: getAllDeatilsUsingGET_3
2025-02-19 00:37:17 [restartedMain] INFO  s.d.s.w.r.o.CachingOperationNameGenerator -
				Generating unique operation named: listAllUsingGET_175
2025-02-19 00:37:17 [restartedMain] INFO  s.d.s.w.r.o.CachingOperationNameGenerator -
				Generating unique operation named: listAll1UsingGET_83
2025-02-19 00:37:17 [restartedMain] INFO  s.d.s.w.r.o.CachingOperationNameGenerator -
				Generating unique operation named: saveInterviewUsingPOST_1
2025-02-19 00:37:17 [restartedMain] INFO  s.d.s.w.r.o.CachingOperationNameGenerator -
				Generating unique operation named: updateUsingPUT_181
2025-02-19 00:37:17 [restartedMain] INFO  s.d.s.w.r.o.CachingOperationNameGenerator -
				Generating unique operation named: uploadFileUsingPOST_22
2025-02-19 00:37:17 [restartedMain] INFO  s.d.s.w.r.o.CachingOperationNameGenerator -
				Generating unique operation named: viewFilesUsingGET_18
2025-02-19 00:37:17 [restartedMain] INFO  s.d.s.w.r.o.CachingOperationNameGenerator -
				Generating unique operation named: getUsingGET_196
2025-02-19 00:37:17 [restartedMain] INFO  s.d.s.w.r.o.CachingOperationNameGenerator -
				Generating unique operation named: deleteUsingDELETE_125
2025-02-19 00:37:17 [restartedMain] INFO  s.d.s.w.r.o.CachingOperationNameGenerator -
				Generating unique operation named: delete1UsingDELETE_104
2025-02-19 00:37:17 [restartedMain] INFO  s.d.s.w.r.o.CachingOperationNameGenerator -
				Generating unique operation named: getUsingGET_197
2025-02-19 00:37:17 [restartedMain] INFO  s.d.s.w.r.o.CachingOperationNameGenerator -
				Generating unique operation named: getAllItemCreationDetailsUsingGET_1
2025-02-19 00:37:17 [restartedMain] INFO  s.d.s.w.r.o.CachingOperationNameGenerator -
				Generating unique operation named: listAll1UsingGET_84
2025-02-19 00:37:17 [restartedMain] INFO  s.d.s.w.r.o.CachingOperationNameGenerator -
				Generating unique operation named: updateItemCreationUsingPUT_1
2025-02-19 00:37:17 [restartedMain] INFO  s.d.s.w.r.o.CachingOperationNameGenerator -
				Generating unique operation named: deleteUsingDELETE_126
2025-02-19 00:37:17 [restartedMain] INFO  s.d.s.w.r.o.CachingOperationNameGenerator -
				Generating unique operation named: getUsingGET_198
2025-02-19 00:37:17 [restartedMain] INFO  s.d.s.w.r.o.CachingOperationNameGenerator -
				Generating unique operation named: listAllUsingGET_176
2025-02-19 00:37:17 [restartedMain] INFO  s.d.s.w.r.o.CachingOperationNameGenerator -
				Generating unique operation named: listAll1UsingGET_85
2025-02-19 00:37:17 [restartedMain] INFO  s.d.s.w.r.o.CachingOperationNameGenerator -
				Generating unique operation named: saveAcademicYearUsingPOST_7
2025-02-19 00:37:17 [restartedMain] INFO  s.d.s.w.r.o.CachingOperationNameGenerator -
				Generating unique operation named: updateUsingPUT_182
2025-02-19 00:37:17 [restartedMain] INFO  s.d.s.w.r.o.CachingOperationNameGenerator -
				Generating unique operation named: deleteUsingDELETE_127
2025-02-19 00:37:17 [restartedMain] INFO  s.d.s.w.r.o.CachingOperationNameGenerator -
				Generating unique operation named: delete1UsingDELETE_105
2025-02-19 00:37:17 [restartedMain] INFO  s.d.s.w.r.o.CachingOperationNameGenerator -
				Generating unique operation named: getUsingGET_199
2025-02-19 00:37:17 [restartedMain] INFO  s.d.s.w.r.o.CachingOperationNameGenerator -
				Generating unique operation named: listAllUsingGET_177
2025-02-19 00:37:17 [restartedMain] INFO  s.d.s.w.r.o.CachingOperationNameGenerator -
				Generating unique operation named: listAll1UsingGET_86
2025-02-19 00:37:17 [restartedMain] INFO  s.d.s.w.r.o.CachingOperationNameGenerator -
				Generating unique operation named: updateUsingPUT_183
2025-02-19 00:37:17 [restartedMain] INFO  s.d.s.w.r.o.CachingOperationNameGenerator -
				Generating unique operation named: activateUsingDELETE_75
2025-02-19 00:37:17 [restartedMain] INFO  s.d.s.w.r.o.CachingOperationNameGenerator -
				Generating unique operation named: deactivateUsingDELETE_75
2025-02-19 00:37:17 [restartedMain] INFO  s.d.s.w.r.o.CachingOperationNameGenerator -
				Generating unique operation named: getUsingGET_200
2025-02-19 00:37:17 [restartedMain] INFO  s.d.s.w.r.o.CachingOperationNameGenerator -
				Generating unique operation named: getAllJournalVoucherUsingGET_1
2025-02-19 00:37:17 [restartedMain] INFO  s.d.s.w.r.o.CachingOperationNameGenerator -
				Generating unique operation named: listAllUsingGET_178
2025-02-19 00:37:17 [restartedMain] INFO  s.d.s.w.r.o.CachingOperationNameGenerator -
				Generating unique operation named: saveJournalVoucherUsingPOST_1
2025-02-19 00:37:17 [restartedMain] INFO  s.d.s.w.r.o.CachingOperationNameGenerator -
				Generating unique operation named: updateUsingPUT_184
2025-02-19 00:37:17 [restartedMain] INFO  s.d.s.w.r.o.CachingOperationNameGenerator -
				Generating unique operation named: uploadFileUsingPOST_23
2025-02-19 00:37:17 [restartedMain] INFO  s.d.s.w.r.o.CachingOperationNameGenerator -
				Generating unique operation named: getUsingGET_201
2025-02-19 00:37:17 [restartedMain] INFO  s.d.s.w.r.o.CachingOperationNameGenerator -
				Generating unique operation named: listAllUsingGET_179
2025-02-19 00:37:17 [restartedMain] INFO  s.d.s.w.r.o.CachingOperationNameGenerator -
				Generating unique operation named: updateUsingPUT_185
2025-02-19 00:37:17 [restartedMain] INFO  s.d.s.w.r.o.CachingOperationNameGenerator -
				Generating unique operation named: deleteUsingDELETE_128
2025-02-19 00:37:17 [restartedMain] INFO  s.d.s.w.r.o.CachingOperationNameGenerator -
				Generating unique operation named: delete1UsingDELETE_106
2025-02-19 00:37:17 [restartedMain] INFO  s.d.s.w.r.o.CachingOperationNameGenerator -
				Generating unique operation named: getUsingGET_202
2025-02-19 00:37:17 [restartedMain] INFO  s.d.s.w.r.o.CachingOperationNameGenerator -
				Generating unique operation named: listAll1UsingGET_87
2025-02-19 00:37:17 [restartedMain] INFO  s.d.s.w.r.o.CachingOperationNameGenerator -
				Generating unique operation named: updateUsingPUT_186
2025-02-19 00:37:17 [restartedMain] INFO  s.d.s.w.r.o.CachingOperationNameGenerator -
				Generating unique operation named: activateUsingDELETE_76
2025-02-19 00:37:17 [restartedMain] INFO  s.d.s.w.r.o.CachingOperationNameGenerator -
				Generating unique operation named: deactivateUsingDELETE_76
2025-02-19 00:37:17 [restartedMain] INFO  s.d.s.w.r.o.CachingOperationNameGenerator -
				Generating unique operation named: getUsingGET_203
2025-02-19 00:37:17 [restartedMain] INFO  s.d.s.w.r.o.CachingOperationNameGenerator -
				Generating unique operation named: getAllDeptUsingGET_19
2025-02-19 00:37:17 [restartedMain] INFO  s.d.s.w.r.o.CachingOperationNameGenerator -
				Generating unique operation named: listAllUsingGET_180
2025-02-19 00:37:17 [restartedMain] INFO  s.d.s.w.r.o.CachingOperationNameGenerator -
				Generating unique operation named: updateUsingPUT_187
2025-02-19 00:37:17 [restartedMain] INFO  s.d.s.w.r.o.CachingOperationNameGenerator -
				Generating unique operation named: uploadFileUsingPOST_24
2025-02-19 00:37:17 [restartedMain] INFO  s.d.s.w.r.o.CachingOperationNameGenerator -
				Generating unique operation named: uploadFile2UsingPOST_1
2025-02-19 00:37:17 [restartedMain] INFO  s.d.s.w.r.o.CachingOperationNameGenerator -
				Generating unique operation named: viewFilesUsingGET_19
2025-02-19 00:37:17 [restartedMain] INFO  s.d.s.w.r.o.CachingOperationNameGenerator -
				Generating unique operation named: deleteUsingDELETE_129
2025-02-19 00:37:17 [restartedMain] INFO  s.d.s.w.r.o.CachingOperationNameGenerator -
				Generating unique operation named: delete1UsingDELETE_107
2025-02-19 00:37:17 [restartedMain] INFO  s.d.s.w.r.o.CachingOperationNameGenerator -
				Generating unique operation named: getUsingGET_204
2025-02-19 00:37:17 [restartedMain] INFO  s.d.s.w.r.o.CachingOperationNameGenerator -
				Generating unique operation named: listAllUsingGET_181
2025-02-19 00:37:17 [restartedMain] INFO  s.d.s.w.r.o.CachingOperationNameGenerator -
				Generating unique operation named: listAll1UsingGET_88
2025-02-19 00:37:17 [restartedMain] INFO  s.d.s.w.r.o.CachingOperationNameGenerator -
				Generating unique operation named: saveSubjectTypeUsingPOST_23
2025-02-19 00:37:17 [restartedMain] INFO  s.d.s.w.r.o.CachingOperationNameGenerator -
				Generating unique operation named: updateUsingPUT_188
2025-02-19 00:37:17 [restartedMain] INFO  s.d.s.w.r.o.CachingOperationNameGenerator -
				Generating unique operation named: deleteUsingDELETE_130
2025-02-19 00:37:17 [restartedMain] INFO  s.d.s.w.r.o.CachingOperationNameGenerator -
				Generating unique operation named: delete1UsingDELETE_108
2025-02-19 00:37:17 [restartedMain] INFO  s.d.s.w.r.o.CachingOperationNameGenerator -
				Generating unique operation named: getUsingGET_205
2025-02-19 00:37:17 [restartedMain] INFO  s.d.s.w.r.o.CachingOperationNameGenerator -
				Generating unique operation named: listAllUsingGET_182
2025-02-19 00:37:17 [restartedMain] INFO  s.d.s.w.r.o.CachingOperationNameGenerator -
				Generating unique operation named: listAll1UsingGET_89
2025-02-19 00:37:17 [restartedMain] INFO  s.d.s.w.r.o.CachingOperationNameGenerator -
				Generating unique operation named: updateUsingPUT_189
2025-02-19 00:37:17 [restartedMain] INFO  s.d.s.w.r.o.CachingOperationNameGenerator -
				Generating unique operation named: uploadFileUsingPOST_25
2025-02-19 00:37:17 [restartedMain] INFO  s.d.s.w.r.o.CachingOperationNameGenerator -
				Generating unique operation named: viewFilesUsingGET_20
2025-02-19 00:37:17 [restartedMain] INFO  s.d.s.w.r.o.CachingOperationNameGenerator -
				Generating unique operation named: deleteUsingDELETE_131
2025-02-19 00:37:17 [restartedMain] INFO  s.d.s.w.r.o.CachingOperationNameGenerator -
				Generating unique operation named: delete1UsingDELETE_109
2025-02-19 00:37:17 [restartedMain] INFO  s.d.s.w.r.o.CachingOperationNameGenerator -
				Generating unique operation named: getUsingGET_206
2025-02-19 00:37:17 [restartedMain] INFO  s.d.s.w.r.o.CachingOperationNameGenerator -
				Generating unique operation named: listAllUsingGET_183
2025-02-19 00:37:17 [restartedMain] INFO  s.d.s.w.r.o.CachingOperationNameGenerator -
				Generating unique operation named: listAll1UsingGET_90
2025-02-19 00:37:17 [restartedMain] INFO  s.d.s.w.r.o.CachingOperationNameGenerator -
				Generating unique operation named: updateUsingPUT_190
2025-02-19 00:37:17 [restartedMain] INFO  s.d.s.w.r.o.CachingOperationNameGenerator -
				Generating unique operation named: LessonPlanAssignmentUsingCsvFileUsingPOST_1
2025-02-19 00:37:17 [restartedMain] INFO  s.d.s.w.r.o.CachingOperationNameGenerator -
				Generating unique operation named: deleteUsingDELETE_132
2025-02-19 00:37:17 [restartedMain] INFO  s.d.s.w.r.o.CachingOperationNameGenerator -
				Generating unique operation named: fileDownloadOfLessonPlanAttachmentUsingGET_1
2025-02-19 00:37:17 [restartedMain] INFO  s.d.s.w.r.o.CachingOperationNameGenerator -
				Generating unique operation named: getUsingGET_207
2025-02-19 00:37:17 [restartedMain] INFO  s.d.s.w.r.o.CachingOperationNameGenerator -
				Generating unique operation named: imageDownloadOfLessonPlanAttachmentUsingGET_1
2025-02-19 00:37:17 [restartedMain] INFO  s.d.s.w.r.o.CachingOperationNameGenerator -
				Generating unique operation named: lessonPlanUploadFileUsingPOST_1
2025-02-19 00:37:17 [restartedMain] INFO  s.d.s.w.r.o.CachingOperationNameGenerator -
				Generating unique operation named: listAllUsingGET_184
2025-02-19 00:37:17 [restartedMain] INFO  s.d.s.w.r.o.CachingOperationNameGenerator -
				Generating unique operation named: savelessonPlanUsingPOST_1
2025-02-19 00:37:17 [restartedMain] INFO  s.d.s.w.r.o.CachingOperationNameGenerator -
				Generating unique operation named: updateUsingPUT_191
2025-02-19 00:37:17 [restartedMain] INFO  s.d.s.w.r.o.CachingOperationNameGenerator -
				Generating unique operation named: deleteUsingDELETE_133
2025-02-19 00:37:17 [restartedMain] INFO  s.d.s.w.r.o.CachingOperationNameGenerator -
				Generating unique operation named: delete1UsingDELETE_110
2025-02-19 00:37:17 [restartedMain] INFO  s.d.s.w.r.o.CachingOperationNameGenerator -
				Generating unique operation named: getUsingGET_208
2025-02-19 00:37:17 [restartedMain] INFO  s.d.s.w.r.o.CachingOperationNameGenerator -
				Generating unique operation named: getDataByLessonIdUsingGET_1
2025-02-19 00:37:17 [restartedMain] INFO  s.d.s.w.r.o.CachingOperationNameGenerator -
				Generating unique operation named: getFileUsingGET_1
2025-02-19 00:37:17 [restartedMain] INFO  s.d.s.w.r.o.CachingOperationNameGenerator -
				Generating unique operation named: getLessonPlanBasedOnAcYearIdAndUserIdUsingGET_1
2025-02-19 00:37:17 [restartedMain] INFO  s.d.s.w.r.o.CachingOperationNameGenerator -
				Generating unique operation named: getLessonPlanByAcYearUsingGET_1
2025-02-19 00:37:17 [restartedMain] INFO  s.d.s.w.r.o.CachingOperationNameGenerator -
				Generating unique operation named: getLessonPlanByAcademicYearAndEmployeeIdUsingGET_1
2025-02-19 00:37:17 [restartedMain] INFO  s.d.s.w.r.o.CachingOperationNameGenerator -
				Generating unique operation named: getLessonPlanByAcademicYearCourseYearOrSemAndEmployeeId1UsingGET_1
2025-02-19 00:37:17 [restartedMain] INFO  s.d.s.w.r.o.CachingOperationNameGenerator -
				Generating unique operation named: getLessonPlanByAcademicYearProgramSpecilizationCourseYearOrSemAndEmployeeIdUsingGET_2
2025-02-19 00:37:17 [restartedMain] INFO  s.d.s.w.r.o.CachingOperationNameGenerator -
				Generating unique operation named: getLessonPlanByAcademicYearProgramSpecilizationCourseYearOrSemAndEmployeeIdUsingGET_3
2025-02-19 00:37:17 [restartedMain] INFO  s.d.s.w.r.o.CachingOperationNameGenerator -
				Generating unique operation named: getLessonPlanDataByLessonIdUsingGET_1
2025-02-19 00:37:17 [restartedMain] INFO  s.d.s.w.r.o.CachingOperationNameGenerator -
				Generating unique operation named: getLessonPlanForMobileUsingGET_1
2025-02-19 00:37:17 [restartedMain] INFO  s.d.s.w.r.o.CachingOperationNameGenerator -
				Generating unique operation named: listAllUsingGET_185
2025-02-19 00:37:17 [restartedMain] INFO  s.d.s.w.r.o.CachingOperationNameGenerator -
				Generating unique operation named: postDataUsingPOST_1
2025-02-19 00:37:17 [restartedMain] INFO  s.d.s.w.r.o.CachingOperationNameGenerator -
				Generating unique operation named: postDataFromFileUsingPOST_2
2025-02-19 00:37:17 [restartedMain] INFO  s.d.s.w.r.o.CachingOperationNameGenerator -
				Generating unique operation named: updateUsingPUT_192
2025-02-19 00:37:17 [restartedMain] INFO  s.d.s.w.r.o.CachingOperationNameGenerator -
				Generating unique operation named: downloadImageFileUsingGET_2
2025-02-19 00:37:18 [restartedMain] INFO  s.d.s.w.r.o.CachingOperationNameGenerator -
				Generating unique operation named: getUsingGET_209
2025-02-19 00:37:18 [restartedMain] INFO  s.d.s.w.r.o.CachingOperationNameGenerator -
				Generating unique operation named: getAllDeptUsingGET_20
2025-02-19 00:37:18 [restartedMain] INFO  s.d.s.w.r.o.CachingOperationNameGenerator -
				Generating unique operation named: viewFilesUsingGET_21
2025-02-19 00:37:18 [restartedMain] INFO  s.d.s.w.r.o.CachingOperationNameGenerator -
				Generating unique operation named: deleteUsingDELETE_134
2025-02-19 00:37:18 [restartedMain] INFO  s.d.s.w.r.o.CachingOperationNameGenerator -
				Generating unique operation named: delete1UsingDELETE_111
2025-02-19 00:37:18 [restartedMain] INFO  s.d.s.w.r.o.CachingOperationNameGenerator -
				Generating unique operation named: fetchMajorByDeptUsingGET_1
2025-02-19 00:37:18 [restartedMain] INFO  s.d.s.w.r.o.CachingOperationNameGenerator -
				Generating unique operation named: getUsingGET_210
2025-02-19 00:37:18 [restartedMain] INFO  s.d.s.w.r.o.CachingOperationNameGenerator -
				Generating unique operation named: getAllMajorStrucDetailsUsingGET_1
2025-02-19 00:37:18 [restartedMain] INFO  s.d.s.w.r.o.CachingOperationNameGenerator -
				Generating unique operation named: listAllUsingGET_186
2025-02-19 00:37:18 [restartedMain] INFO  s.d.s.w.r.o.CachingOperationNameGenerator -
				Generating unique operation named: saveSubjectTypeUsingPOST_24
2025-02-19 00:37:18 [restartedMain] INFO  s.d.s.w.r.o.CachingOperationNameGenerator -
				Generating unique operation named: updateUsingPUT_193
2025-02-19 00:37:18 [restartedMain] INFO  s.d.s.w.r.o.CachingOperationNameGenerator -
				Generating unique operation named: deleteUsingDELETE_135
2025-02-19 00:37:18 [restartedMain] INFO  s.d.s.w.r.o.CachingOperationNameGenerator -
				Generating unique operation named: delete1UsingDELETE_112
2025-02-19 00:37:18 [restartedMain] INFO  s.d.s.w.r.o.CachingOperationNameGenerator -
				Generating unique operation named: getUsingGET_211
2025-02-19 00:37:18 [restartedMain] INFO  s.d.s.w.r.o.CachingOperationNameGenerator -
				Generating unique operation named: listAllUsingGET_187
2025-02-19 00:37:18 [restartedMain] INFO  s.d.s.w.r.o.CachingOperationNameGenerator -
				Generating unique operation named: updateUsingPUT_194
2025-02-19 00:37:18 [restartedMain] INFO  s.d.s.w.r.o.CachingOperationNameGenerator -
				Generating unique operation named: deleteUsingDELETE_136
2025-02-19 00:37:18 [restartedMain] INFO  s.d.s.w.r.o.CachingOperationNameGenerator -
				Generating unique operation named: delete1UsingDELETE_113
2025-02-19 00:37:18 [restartedMain] INFO  s.d.s.w.r.o.CachingOperationNameGenerator -
				Generating unique operation named: getUsingGET_212
2025-02-19 00:37:18 [restartedMain] INFO  s.d.s.w.r.o.CachingOperationNameGenerator -
				Generating unique operation named: deleteUsingDELETE_137
2025-02-19 00:37:18 [restartedMain] INFO  s.d.s.w.r.o.CachingOperationNameGenerator -
				Generating unique operation named: delete1UsingDELETE_114
2025-02-19 00:37:18 [restartedMain] INFO  s.d.s.w.r.o.CachingOperationNameGenerator -
				Generating unique operation named: getUsingGET_213
2025-02-19 00:37:18 [restartedMain] INFO  s.d.s.w.r.o.CachingOperationNameGenerator -
				Generating unique operation named: getMealRefreshmentRequestByIdUsingGET_1
2025-02-19 00:37:18 [restartedMain] INFO  s.d.s.w.r.o.CachingOperationNameGenerator -
				Generating unique operation named: listAll1UsingGET_91
2025-02-19 00:37:18 [restartedMain] INFO  s.d.s.w.r.o.CachingOperationNameGenerator -
				Generating unique operation named: deleteUsingDELETE_138
2025-02-19 00:37:18 [restartedMain] INFO  s.d.s.w.r.o.CachingOperationNameGenerator -
				Generating unique operation named: delete1UsingDELETE_115
2025-02-19 00:37:18 [restartedMain] INFO  s.d.s.w.r.o.CachingOperationNameGenerator -
				Generating unique operation named: get1UsingGET_3
2025-02-19 00:37:18 [restartedMain] INFO  s.d.s.w.r.o.CachingOperationNameGenerator -
				Generating unique operation named: listAll1UsingGET_92
2025-02-19 00:37:18 [restartedMain] INFO  s.d.s.w.r.o.CachingOperationNameGenerator -
				Generating unique operation named: deleteUsingDELETE_139
2025-02-19 00:37:18 [restartedMain] INFO  s.d.s.w.r.o.CachingOperationNameGenerator -
				Generating unique operation named: delete1UsingDELETE_116
2025-02-19 00:37:18 [restartedMain] INFO  s.d.s.w.r.o.CachingOperationNameGenerator -
				Generating unique operation named: listAll1UsingGET_93
2025-02-19 00:37:18 [restartedMain] INFO  s.d.s.w.r.o.CachingOperationNameGenerator -
				Generating unique operation named: updateUsingPUT_195
2025-02-19 00:37:18 [restartedMain] INFO  s.d.s.w.r.o.CachingOperationNameGenerator -
				Generating unique operation named: deleteUsingDELETE_140
2025-02-19 00:37:18 [restartedMain] INFO  s.d.s.w.r.o.CachingOperationNameGenerator -
				Generating unique operation named: delete1UsingDELETE_117
2025-02-19 00:37:18 [restartedMain] INFO  s.d.s.w.r.o.CachingOperationNameGenerator -
				Generating unique operation named: getUsingGET_214
2025-02-19 00:37:18 [restartedMain] INFO  s.d.s.w.r.o.CachingOperationNameGenerator -
				Generating unique operation named: updateUsingPUT_196
2025-02-19 00:37:18 [restartedMain] INFO  s.d.s.w.r.o.CachingOperationNameGenerator -
				Generating unique operation named: activateUsingDELETE_77
2025-02-19 00:37:18 [restartedMain] INFO  s.d.s.w.r.o.CachingOperationNameGenerator -
				Generating unique operation named: deactivateUsingDELETE_77
2025-02-19 00:37:18 [restartedMain] INFO  s.d.s.w.r.o.CachingOperationNameGenerator -
				Generating unique operation named: fetchAllAdministrationEmailIdsDetailUsingGET_10
2025-02-19 00:37:18 [restartedMain] INFO  s.d.s.w.r.o.CachingOperationNameGenerator -
				Generating unique operation named: getUsingGET_215
2025-02-19 00:37:18 [restartedMain] INFO  s.d.s.w.r.o.CachingOperationNameGenerator -
				Generating unique operation named: uploadFileUsingPOST_26
2025-02-19 00:37:18 [restartedMain] INFO  s.d.s.w.r.o.CachingOperationNameGenerator -
				Generating unique operation named: viewFilesUsingGET_22
2025-02-19 00:37:18 [restartedMain] INFO  s.d.s.w.r.o.CachingOperationNameGenerator -
				Generating unique operation named: getUsingGET_216
2025-02-19 00:37:18 [restartedMain] INFO  s.d.s.w.r.o.CachingOperationNameGenerator -
				Generating unique operation named: listAllUsingGET_188
2025-02-19 00:37:18 [restartedMain] INFO  s.d.s.w.r.o.CachingOperationNameGenerator -
				Generating unique operation named: saveMenuUsingPOST_1
2025-02-19 00:37:18 [restartedMain] INFO  s.d.s.w.r.o.CachingOperationNameGenerator -
				Generating unique operation named: updateUsingPUT_197
2025-02-19 00:37:18 [restartedMain] INFO  s.d.s.w.r.o.CachingOperationNameGenerator -
				Generating unique operation named: downloadFileUsingGET_11
2025-02-19 00:37:18 [restartedMain] INFO  s.d.s.w.r.o.CachingOperationNameGenerator -
				Generating unique operation named: getUsingGET_217
2025-02-19 00:37:18 [restartedMain] INFO  s.d.s.w.r.o.CachingOperationNameGenerator -
				Generating unique operation named: listAll1UsingGET_94
2025-02-19 00:37:18 [restartedMain] INFO  s.d.s.w.r.o.CachingOperationNameGenerator -
				Generating unique operation named: updateUsingPUT_198
2025-02-19 00:37:18 [restartedMain] INFO  s.d.s.w.r.o.CachingOperationNameGenerator -
				Generating unique operation named: updateUsingPUT_199
2025-02-19 00:37:18 [restartedMain] INFO  s.d.s.w.r.o.CachingOperationNameGenerator -
				Generating unique operation named: deleteUsingDELETE_141
2025-02-19 00:37:18 [restartedMain] INFO  s.d.s.w.r.o.CachingOperationNameGenerator -
				Generating unique operation named: delete1UsingDELETE_118
2025-02-19 00:37:18 [restartedMain] INFO  s.d.s.w.r.o.CachingOperationNameGenerator -
				Generating unique operation named: fetchAllAdministrationEmailIdsDetailUsingGET_11
2025-02-19 00:37:18 [restartedMain] INFO  s.d.s.w.r.o.CachingOperationNameGenerator -
				Generating unique operation named: getUsingGET_218
2025-02-19 00:37:18 [restartedMain] INFO  s.d.s.w.r.o.CachingOperationNameGenerator -
				Generating unique operation named: listAllUsingGET_189
2025-02-19 00:37:18 [restartedMain] INFO  s.d.s.w.r.o.CachingOperationNameGenerator -
				Generating unique operation named: listAll1UsingGET_95
2025-02-19 00:37:18 [restartedMain] INFO  s.d.s.w.r.o.CachingOperationNameGenerator -
				Generating unique operation named: uploadFileUsingPOST_27
2025-02-19 00:37:18 [restartedMain] INFO  s.d.s.w.r.o.CachingOperationNameGenerator -
				Generating unique operation named: viewFilesUsingGET_23
2025-02-19 00:37:18 [restartedMain] INFO  s.d.s.w.r.o.CachingOperationNameGenerator -
				Generating unique operation named: deleteUsingDELETE_142
2025-02-19 00:37:18 [restartedMain] INFO  s.d.s.w.r.o.CachingOperationNameGenerator -
				Generating unique operation named: emailForOfferUsingPOST_1
2025-02-19 00:37:18 [restartedMain] INFO  s.d.s.w.r.o.CachingOperationNameGenerator -
				Generating unique operation named: getUsingGET_219
2025-02-19 00:37:18 [restartedMain] INFO  s.d.s.w.r.o.CachingOperationNameGenerator -
				Generating unique operation named: listAll1UsingGET_96
2025-02-19 00:37:18 [restartedMain] INFO  s.d.s.w.r.o.CachingOperationNameGenerator -
				Generating unique operation named: updateUsingPUT_200
2025-02-19 00:37:18 [restartedMain] INFO  s.d.s.w.r.o.CachingOperationNameGenerator -
				Generating unique operation named: deleteUsingDELETE_143
2025-02-19 00:37:18 [restartedMain] INFO  s.d.s.w.r.o.CachingOperationNameGenerator -
				Generating unique operation named: delete1UsingDELETE_119
2025-02-19 00:37:18 [restartedMain] INFO  s.d.s.w.r.o.CachingOperationNameGenerator -
				Generating unique operation named: getUsingGET_220
2025-02-19 00:37:18 [restartedMain] INFO  s.d.s.w.r.o.CachingOperationNameGenerator -
				Generating unique operation named: listAllUsingGET_190
2025-02-19 00:37:18 [restartedMain] INFO  s.d.s.w.r.o.CachingOperationNameGenerator -
				Generating unique operation named: listAll1UsingGET_97
2025-02-19 00:37:18 [restartedMain] INFO  s.d.s.w.r.o.CachingOperationNameGenerator -
				Generating unique operation named: updateUsingPUT_201
2025-02-19 00:37:18 [restartedMain] INFO  s.d.s.w.r.o.CachingOperationNameGenerator -
				Generating unique operation named: activateUsingDELETE_78
2025-02-19 00:37:18 [restartedMain] INFO  s.d.s.w.r.o.CachingOperationNameGenerator -
				Generating unique operation named: deactivateUsingDELETE_78
2025-02-19 00:37:18 [restartedMain] INFO  s.d.s.w.r.o.CachingOperationNameGenerator -
				Generating unique operation named: deleteUsingDELETE_144
2025-02-19 00:37:18 [restartedMain] INFO  s.d.s.w.r.o.CachingOperationNameGenerator -
				Generating unique operation named: delete1UsingDELETE_120
2025-02-19 00:37:18 [restartedMain] INFO  s.d.s.w.r.o.CachingOperationNameGenerator -
				Generating unique operation named: getUsingGET_221
2025-02-19 00:37:18 [restartedMain] INFO  s.d.s.w.r.o.CachingOperationNameGenerator -
				Generating unique operation named: listAllUsingGET_191
2025-02-19 00:37:18 [restartedMain] INFO  s.d.s.w.r.o.CachingOperationNameGenerator -
				Generating unique operation named: updateUsingPUT_202
2025-02-19 00:37:18 [restartedMain] INFO  s.d.s.w.r.o.CachingOperationNameGenerator -
				Generating unique operation named: activateUsingDELETE_79
2025-02-19 00:37:18 [restartedMain] INFO  s.d.s.w.r.o.CachingOperationNameGenerator -
				Generating unique operation named: deactivateUsingDELETE_79
2025-02-19 00:37:18 [restartedMain] INFO  s.d.s.w.r.o.CachingOperationNameGenerator -
				Generating unique operation named: fetchAllAdministrationEmailIdsDetailUsingGET_12
2025-02-19 00:37:18 [restartedMain] INFO  s.d.s.w.r.o.CachingOperationNameGenerator -
				Generating unique operation named: getUsingGET_222
2025-02-19 00:37:18 [restartedMain] INFO  s.d.s.w.r.o.CachingOperationNameGenerator -
				Generating unique operation named: uploadFileUsingPOST_28
2025-02-19 00:37:18 [restartedMain] INFO  s.d.s.w.r.o.CachingOperationNameGenerator -
				Generating unique operation named: viewFilesUsingGET_24
2025-02-19 00:37:18 [restartedMain] INFO  s.d.s.w.r.o.CachingOperationNameGenerator -
				Generating unique operation named: getUsingGET_223
2025-02-19 00:37:18 [restartedMain] INFO  s.d.s.w.r.o.CachingOperationNameGenerator -
				Generating unique operation named: listAll1UsingGET_98
2025-02-19 00:37:18 [restartedMain] INFO  s.d.s.w.r.o.CachingOperationNameGenerator -
				Generating unique operation named: updateUsingPUT_203
2025-02-19 00:37:18 [restartedMain] INFO  s.d.s.w.r.o.CachingOperationNameGenerator -
				Generating unique operation named: startingOfPaymentUsingPOST_1
2025-02-19 00:37:18 [restartedMain] INFO  s.d.s.w.r.o.CachingOperationNameGenerator -
				Generating unique operation named: deleteUsingDELETE_145
2025-02-19 00:37:18 [restartedMain] INFO  s.d.s.w.r.o.CachingOperationNameGenerator -
				Generating unique operation named: getUsingGET_224
2025-02-19 00:37:18 [restartedMain] INFO  s.d.s.w.r.o.CachingOperationNameGenerator -
				Generating unique operation named: listAllUsingGET_192
2025-02-19 00:37:18 [restartedMain] INFO  s.d.s.w.r.o.CachingOperationNameGenerator -
				Generating unique operation named: saveAliasNameUsingPOST_3
2025-02-19 00:37:18 [restartedMain] INFO  s.d.s.w.r.o.CachingOperationNameGenerator -
				Generating unique operation named: updateUsingPUT_204
2025-02-19 00:37:18 [restartedMain] INFO  s.d.s.w.r.o.CachingOperationNameGenerator -
				Generating unique operation named: activateUsingDELETE_80
2025-02-19 00:37:18 [restartedMain] INFO  s.d.s.w.r.o.CachingOperationNameGenerator -
				Generating unique operation named: deactivateUsingDELETE_80
2025-02-19 00:37:18 [restartedMain] INFO  s.d.s.w.r.o.CachingOperationNameGenerator -
				Generating unique operation named: getUsingGET_225
2025-02-19 00:37:18 [restartedMain] INFO  s.d.s.w.r.o.CachingOperationNameGenerator -
				Generating unique operation named: getAllDeptUsingGET_21
2025-02-19 00:37:18 [restartedMain] INFO  s.d.s.w.r.o.CachingOperationNameGenerator -
				Generating unique operation named: deleteUsingDELETE_146
2025-02-19 00:37:18 [restartedMain] INFO  s.d.s.w.r.o.CachingOperationNameGenerator -
				Generating unique operation named: getUsingGET_226
2025-02-19 00:37:18 [restartedMain] INFO  s.d.s.w.r.o.CachingOperationNameGenerator -
				Generating unique operation named: listAllUsingGET_193
2025-02-19 00:37:18 [restartedMain] INFO  s.d.s.w.r.o.CachingOperationNameGenerator -
				Generating unique operation named: updateUsingPUT_205
2025-02-19 00:37:18 [restartedMain] INFO  s.d.s.w.r.o.CachingOperationNameGenerator -
				Generating unique operation named: deleteUsingDELETE_147
2025-02-19 00:37:18 [restartedMain] INFO  s.d.s.w.r.o.CachingOperationNameGenerator -
				Generating unique operation named: getUsingGET_227
2025-02-19 00:37:18 [restartedMain] INFO  s.d.s.w.r.o.CachingOperationNameGenerator -
				Generating unique operation named: listAllUsingGET_194
2025-02-19 00:37:18 [restartedMain] INFO  s.d.s.w.r.o.CachingOperationNameGenerator -
				Generating unique operation named: listAll2UsingGET_2
2025-02-19 00:37:18 [restartedMain] INFO  s.d.s.w.r.o.CachingOperationNameGenerator -
				Generating unique operation named: updateUsingPUT_206
2025-02-19 00:37:18 [restartedMain] INFO  s.d.s.w.r.o.CachingOperationNameGenerator -
				Generating unique operation named: deleteUsingDELETE_148
2025-02-19 00:37:18 [restartedMain] INFO  s.d.s.w.r.o.CachingOperationNameGenerator -
				Generating unique operation named: delete1UsingDELETE_121
2025-02-19 00:37:18 [restartedMain] INFO  s.d.s.w.r.o.CachingOperationNameGenerator -
				Generating unique operation named: getUsingGET_228
2025-02-19 00:37:18 [restartedMain] INFO  s.d.s.w.r.o.CachingOperationNameGenerator -
				Generating unique operation named: listAllUsingGET_195
2025-02-19 00:37:18 [restartedMain] INFO  s.d.s.w.r.o.CachingOperationNameGenerator -
				Generating unique operation named: updateUsingPUT_207
2025-02-19 00:37:18 [restartedMain] INFO  s.d.s.w.r.o.CachingOperationNameGenerator -
				Generating unique operation named: fetch1UsingGET_4
2025-02-19 00:37:18 [restartedMain] INFO  s.d.s.w.r.o.CachingOperationNameGenerator -
				Generating unique operation named: listAllUsingGET_196
2025-02-19 00:37:18 [restartedMain] INFO  s.d.s.w.r.o.CachingOperationNameGenerator -
				Generating unique operation named: deleteUsingDELETE_149
2025-02-19 00:37:18 [restartedMain] INFO  s.d.s.w.r.o.CachingOperationNameGenerator -
				Generating unique operation named: delete1UsingDELETE_122
2025-02-19 00:37:18 [restartedMain] INFO  s.d.s.w.r.o.CachingOperationNameGenerator -
				Generating unique operation named: getUsingGET_229
2025-02-19 00:37:18 [restartedMain] INFO  s.d.s.w.r.o.CachingOperationNameGenerator -
				Generating unique operation named: getAllProctorHeadDetailsUsingGET_1
2025-02-19 00:37:18 [restartedMain] INFO  s.d.s.w.r.o.CachingOperationNameGenerator -
				Generating unique operation named: listAllUsingGET_197
2025-02-19 00:37:18 [restartedMain] INFO  s.d.s.w.r.o.CachingOperationNameGenerator -
				Generating unique operation named: updateUsingPUT_208
2025-02-19 00:37:18 [restartedMain] INFO  s.d.s.w.r.o.CachingOperationNameGenerator -
				Generating unique operation named: getAllProctorHeadDetailsUsingGET_2
2025-02-19 00:37:18 [restartedMain] INFO  s.d.s.w.r.o.CachingOperationNameGenerator -
				Generating unique operation named: saveProctorStudentAssignmentUsingPOST_1
2025-02-19 00:37:18 [restartedMain] INFO  s.d.s.w.r.o.CachingOperationNameGenerator -
				Generating unique operation named: deleteUsingDELETE_150
2025-02-19 00:37:18 [restartedMain] INFO  s.d.s.w.r.o.CachingOperationNameGenerator -
				Generating unique operation named: delete1UsingDELETE_123
2025-02-19 00:37:18 [restartedMain] INFO  s.d.s.w.r.o.CachingOperationNameGenerator -
				Generating unique operation named: getUsingGET_230
2025-02-19 00:37:18 [restartedMain] INFO  s.d.s.w.r.o.CachingOperationNameGenerator -
				Generating unique operation named: activateUsingDELETE_81
2025-02-19 00:37:18 [restartedMain] INFO  s.d.s.w.r.o.CachingOperationNameGenerator -
				Generating unique operation named: deactivateUsingDELETE_81
2025-02-19 00:37:18 [restartedMain] INFO  s.d.s.w.r.o.CachingOperationNameGenerator -
				Generating unique operation named: getUsingGET_231
2025-02-19 00:37:18 [restartedMain] INFO  s.d.s.w.r.o.CachingOperationNameGenerator -
				Generating unique operation named: listAllUsingGET_198
2025-02-19 00:37:18 [restartedMain] INFO  s.d.s.w.r.o.CachingOperationNameGenerator -
				Generating unique operation named: updateUsingPUT_209
2025-02-19 00:37:18 [restartedMain] INFO  s.d.s.w.r.o.CachingOperationNameGenerator -
				Generating unique operation named: viewFilesUsingGET_25
2025-02-19 00:37:18 [restartedMain] INFO  s.d.s.w.r.o.CachingOperationNameGenerator -
				Generating unique operation named: ProgramAssigmentByIdUsingGET_1
2025-02-19 00:37:18 [restartedMain] INFO  s.d.s.w.r.o.CachingOperationNameGenerator -
				Generating unique operation named: activateUsingDELETE_82
2025-02-19 00:37:18 [restartedMain] INFO  s.d.s.w.r.o.CachingOperationNameGenerator -
				Generating unique operation named: deactivateUsingDELETE_82
2025-02-19 00:37:18 [restartedMain] INFO  s.d.s.w.r.o.CachingOperationNameGenerator -
				Generating unique operation named: fetchAllProgramsAndSpecializationWithProgramTypeUsingGET_1
2025-02-19 00:37:18 [restartedMain] INFO  s.d.s.w.r.o.CachingOperationNameGenerator -
				Generating unique operation named: fetchAllProgramsAndSpecializationWithProgramTypeOnAcademicYeearAndSchoolUsingGET_1
2025-02-19 00:37:18 [restartedMain] INFO  s.d.s.w.r.o.CachingOperationNameGenerator -
				Generating unique operation named: fetchAllProgramsWithProgramTypeUsingGET_1
2025-02-19 00:37:18 [restartedMain] INFO  s.d.s.w.r.o.CachingOperationNameGenerator -
				Generating unique operation named: fetchAllProgramsWithSpecializationUsingGET_1
2025-02-19 00:37:18 [restartedMain] INFO  s.d.s.w.r.o.CachingOperationNameGenerator -
				Generating unique operation named: fetchAllProgramsWithSpecializationBasedOnAcYearUsingGET_1
2025-02-19 00:37:18 [restartedMain] INFO  s.d.s.w.r.o.CachingOperationNameGenerator -
				Generating unique operation named: fetchAllProgramsWithSpecializationBasedOnSchoolAndAcYearUsingGET_1
2025-02-19 00:37:18 [restartedMain] INFO  s.d.s.w.r.o.CachingOperationNameGenerator -
				Generating unique operation named: getUsingGET_232
2025-02-19 00:37:18 [restartedMain] INFO  s.d.s.w.r.o.CachingOperationNameGenerator -
				Generating unique operation named: getAllRolesDetailsUsingGET_4
2025-02-19 00:37:18 [restartedMain] INFO  s.d.s.w.r.o.CachingOperationNameGenerator -
				Generating unique operation named: getNumOfSemAndYearByProgram_IdAndAcYear_IdUsingGET_1
2025-02-19 00:37:18 [restartedMain] INFO  s.d.s.w.r.o.CachingOperationNameGenerator -
				Generating unique operation named: getProgramBySchoolUsingGET_1
2025-02-19 00:37:18 [restartedMain] INFO  s.d.s.w.r.o.CachingOperationNameGenerator -
				Generating unique operation named: getProgramTypeBasedOnSchoolUsingGET_1
2025-02-19 00:37:18 [restartedMain] INFO  s.d.s.w.r.o.CachingOperationNameGenerator -
				Generating unique operation named: listAllUsingGET_199
2025-02-19 00:37:18 [restartedMain] INFO  s.d.s.w.r.o.CachingOperationNameGenerator -
				Generating unique operation named: programsDetailsWithProgramTypeUsingGET_1
2025-02-19 00:37:18 [restartedMain] INFO  s.d.s.w.r.o.CachingOperationNameGenerator -
				Generating unique operation named: saveProgramAssigmentUsingPOST_1
2025-02-19 00:37:18 [restartedMain] INFO  s.d.s.w.r.o.CachingOperationNameGenerator -
				Generating unique operation named: updateUsingPUT_210
2025-02-19 00:37:18 [restartedMain] INFO  s.d.s.w.r.o.CachingOperationNameGenerator -
				Generating unique operation named: activateUsingDELETE_83
2025-02-19 00:37:18 [restartedMain] INFO  s.d.s.w.r.o.CachingOperationNameGenerator -
				Generating unique operation named: deactivateUsingDELETE_83
2025-02-19 00:37:18 [restartedMain] INFO  s.d.s.w.r.o.CachingOperationNameGenerator -
				Generating unique operation named: fetchAllProgramWithProgramNameUsingGET_1
2025-02-19 00:37:18 [restartedMain] INFO  s.d.s.w.r.o.CachingOperationNameGenerator -
				Generating unique operation named: getUsingGET_233
2025-02-19 00:37:18 [restartedMain] INFO  s.d.s.w.r.o.CachingOperationNameGenerator -
				Generating unique operation named: getAllActiveProgramDetailsUsingGET_1
2025-02-19 00:37:18 [restartedMain] INFO  s.d.s.w.r.o.CachingOperationNameGenerator -
				Generating unique operation named: getAllActiveProgramDetails1UsingGET_1
2025-02-19 00:37:18 [restartedMain] INFO  s.d.s.w.r.o.CachingOperationNameGenerator -
				Generating unique operation named: getAllProgramDetailsUsingGET_1
2025-02-19 00:37:18 [restartedMain] INFO  s.d.s.w.r.o.CachingOperationNameGenerator -
				Generating unique operation named: listAll1UsingGET_99
2025-02-19 00:37:18 [restartedMain] INFO  s.d.s.w.r.o.CachingOperationNameGenerator -
				Generating unique operation named: saveProgramUsingPOST_1
2025-02-19 00:37:18 [restartedMain] INFO  s.d.s.w.r.o.CachingOperationNameGenerator -
				Generating unique operation named: updateUsingPUT_211
2025-02-19 00:37:18 [restartedMain] INFO  s.d.s.w.r.o.CachingOperationNameGenerator -
				Generating unique operation named: activateRoleUsingDELETE_1
2025-02-19 00:37:18 [restartedMain] INFO  s.d.s.w.r.o.CachingOperationNameGenerator -
				Generating unique operation named: deactivateRoleUsingDELETE_1
2025-02-19 00:37:18 [restartedMain] INFO  s.d.s.w.r.o.CachingOperationNameGenerator -
				Generating unique operation named: getUsingGET_234
2025-02-19 00:37:18 [restartedMain] INFO  s.d.s.w.r.o.CachingOperationNameGenerator -
				Generating unique operation named: getAllProgramFeeAsssignmentUsingGET_1
2025-02-19 00:37:18 [restartedMain] INFO  s.d.s.w.r.o.CachingOperationNameGenerator -
				Generating unique operation named: getProgramConcatUsingGET_1
2025-02-19 00:37:18 [restartedMain] INFO  s.d.s.w.r.o.CachingOperationNameGenerator -
				Generating unique operation named: listAllUsingGET_200
2025-02-19 00:37:18 [restartedMain] INFO  s.d.s.w.r.o.CachingOperationNameGenerator -
				Generating unique operation named: saveProgramFeeAsssignmentUsingPOST_1
2025-02-19 00:37:18 [restartedMain] INFO  s.d.s.w.r.o.CachingOperationNameGenerator -
				Generating unique operation named: updateUsingPUT_212
2025-02-19 00:37:18 [restartedMain] INFO  s.d.s.w.r.o.CachingOperationNameGenerator -
				Generating unique operation named: activateUsingDELETE_84
2025-02-19 00:37:18 [restartedMain] INFO  s.d.s.w.r.o.CachingOperationNameGenerator -
				Generating unique operation named: deactivateUsingDELETE_84
2025-02-19 00:37:18 [restartedMain] INFO  s.d.s.w.r.o.CachingOperationNameGenerator -
				Generating unique operation named: getUsingGET_235
2025-02-19 00:37:18 [restartedMain] INFO  s.d.s.w.r.o.CachingOperationNameGenerator -
				Generating unique operation named: getAllProgramMasterDetailsUsingGET_1
2025-02-19 00:37:18 [restartedMain] INFO  s.d.s.w.r.o.CachingOperationNameGenerator -
				Generating unique operation named: listAllUsingGET_201
2025-02-19 00:37:18 [restartedMain] INFO  s.d.s.w.r.o.CachingOperationNameGenerator -
				Generating unique operation named: saveProgramMasterUsingPOST_1
2025-02-19 00:37:18 [restartedMain] INFO  s.d.s.w.r.o.CachingOperationNameGenerator -
				Generating unique operation named: updateUsingPUT_213
2025-02-19 00:37:18 [restartedMain] INFO  s.d.s.w.r.o.CachingOperationNameGenerator -
				Generating unique operation named: deleteUsingDELETE_151
2025-02-19 00:37:18 [restartedMain] INFO  s.d.s.w.r.o.CachingOperationNameGenerator -
				Generating unique operation named: getUsingGET_236
2025-02-19 00:37:18 [restartedMain] INFO  s.d.s.w.r.o.CachingOperationNameGenerator -
				Generating unique operation named: listAllUsingGET_202
2025-02-19 00:37:18 [restartedMain] INFO  s.d.s.w.r.o.CachingOperationNameGenerator -
				Generating unique operation named: saveAliasNameUsingPOST_4
2025-02-19 00:37:18 [restartedMain] INFO  s.d.s.w.r.o.CachingOperationNameGenerator -
				Generating unique operation named: updateUsingPUT_214
2025-02-19 00:37:18 [restartedMain] INFO  s.d.s.w.r.o.CachingOperationNameGenerator -
				Generating unique operation named: deleteUsingDELETE_152
2025-02-19 00:37:18 [restartedMain] INFO  s.d.s.w.r.o.CachingOperationNameGenerator -
				Generating unique operation named: delete1UsingDELETE_124
2025-02-19 00:37:18 [restartedMain] INFO  s.d.s.w.r.o.CachingOperationNameGenerator -
				Generating unique operation named: getUsingGET_237
2025-02-19 00:37:18 [restartedMain] INFO  s.d.s.w.r.o.CachingOperationNameGenerator -
				Generating unique operation named: listAllUsingGET_203
2025-02-19 00:37:18 [restartedMain] INFO  s.d.s.w.r.o.CachingOperationNameGenerator -
				Generating unique operation named: listAllUsingGET_204
2025-02-19 00:37:18 [restartedMain] INFO  s.d.s.w.r.o.CachingOperationNameGenerator -
				Generating unique operation named: saveAliasNameUsingPOST_5
2025-02-19 00:37:18 [restartedMain] INFO  s.d.s.w.r.o.CachingOperationNameGenerator -
				Generating unique operation named: updateUsingPUT_215
2025-02-19 00:37:18 [restartedMain] INFO  s.d.s.w.r.o.CachingOperationNameGenerator -
				Generating unique operation named: countRecordsUsingGET_4
2025-02-19 00:37:18 [restartedMain] INFO  s.d.s.w.r.o.CachingOperationNameGenerator -
				Generating unique operation named: deleteUsingDELETE_153
2025-02-19 00:37:18 [restartedMain] INFO  s.d.s.w.r.o.CachingOperationNameGenerator -
				Generating unique operation named: delete1UsingDELETE_125
2025-02-19 00:37:18 [restartedMain] INFO  s.d.s.w.r.o.CachingOperationNameGenerator -
				Generating unique operation named: fetchUsingGET_2
2025-02-19 00:37:18 [restartedMain] INFO  s.d.s.w.r.o.CachingOperationNameGenerator -
				Generating unique operation named: fetchAllCouseDetailsUsingGET_1
2025-02-19 00:37:18 [restartedMain] INFO  s.d.s.w.r.o.CachingOperationNameGenerator -
				Generating unique operation named: getUsingGET_238
2025-02-19 00:37:18 [restartedMain] INFO  s.d.s.w.r.o.CachingOperationNameGenerator -
				Generating unique operation named: getProgramAuidUsingGET_1
2025-02-19 00:37:18 [restartedMain] INFO  s.d.s.w.r.o.CachingOperationNameGenerator -
				Generating unique operation named: getProgramSpecilizationUsingGET_1
2025-02-19 00:37:18 [restartedMain] INFO  s.d.s.w.r.o.CachingOperationNameGenerator -
				Generating unique operation named: listAllUsingGET_205
2025-02-19 00:37:18 [restartedMain] INFO  s.d.s.w.r.o.CachingOperationNameGenerator -
				Generating unique operation named: listAll1UsingGET_100
2025-02-19 00:37:18 [restartedMain] INFO  s.d.s.w.r.o.CachingOperationNameGenerator -
				Generating unique operation named: saveProgramSpecilizationUsingPOST_1
2025-02-19 00:37:18 [restartedMain] INFO  s.d.s.w.r.o.CachingOperationNameGenerator -
				Generating unique operation named: updateUsingPUT_216
2025-02-19 00:37:18 [restartedMain] INFO  s.d.s.w.r.o.CachingOperationNameGenerator -
				Generating unique operation named: ProgramTranscriptUsingPOST_1
2025-02-19 00:37:18 [restartedMain] INFO  s.d.s.w.r.o.CachingOperationNameGenerator -
				Generating unique operation named: deleteUsingDELETE_154
2025-02-19 00:37:18 [restartedMain] INFO  s.d.s.w.r.o.CachingOperationNameGenerator -
				Generating unique operation named: delete1UsingDELETE_126
2025-02-19 00:37:18 [restartedMain] INFO  s.d.s.w.r.o.CachingOperationNameGenerator -
				Generating unique operation named: fetchUnassignedProgramDetailUsingGET_1
2025-02-19 00:37:18 [restartedMain] INFO  s.d.s.w.r.o.CachingOperationNameGenerator -
				Generating unique operation named: getUsingGET_239
2025-02-19 00:37:18 [restartedMain] INFO  s.d.s.w.r.o.CachingOperationNameGenerator -
				Generating unique operation named: getAllProgramTranscriptDetailsUsingGET_2
2025-02-19 00:37:18 [restartedMain] INFO  s.d.s.w.r.o.CachingOperationNameGenerator -
				Generating unique operation named: listAll1UsingGET_101
2025-02-19 00:37:18 [restartedMain] INFO  s.d.s.w.r.o.CachingOperationNameGenerator -
				Generating unique operation named: updateProgramTranscriptUsingPUT_1
2025-02-19 00:37:18 [restartedMain] INFO  s.d.s.w.r.o.CachingOperationNameGenerator -
				Generating unique operation named: deleteUsingDELETE_155
2025-02-19 00:37:18 [restartedMain] INFO  s.d.s.w.r.o.CachingOperationNameGenerator -
				Generating unique operation named: delete1UsingDELETE_127
2025-02-19 00:37:18 [restartedMain] INFO  s.d.s.w.r.o.CachingOperationNameGenerator -
				Generating unique operation named: getUsingGET_240
2025-02-19 00:37:18 [restartedMain] INFO  s.d.s.w.r.o.CachingOperationNameGenerator -
				Generating unique operation named: get1UsingGET_4
2025-02-19 00:37:18 [restartedMain] INFO  s.d.s.w.r.o.CachingOperationNameGenerator -
				Generating unique operation named: getAllProgramTranscriptDetailsUsingGET_3
2025-02-19 00:37:18 [restartedMain] INFO  s.d.s.w.r.o.CachingOperationNameGenerator -
				Generating unique operation named: listAllUsingGET_206
2025-02-19 00:37:18 [restartedMain] INFO  s.d.s.w.r.o.CachingOperationNameGenerator -
				Generating unique operation named: saveAcademicYearUsingPOST_8
2025-02-19 00:37:18 [restartedMain] INFO  s.d.s.w.r.o.CachingOperationNameGenerator -
				Generating unique operation named: updateUsingPUT_217
2025-02-19 00:37:18 [restartedMain] INFO  s.d.s.w.r.o.CachingOperationNameGenerator -
				Generating unique operation named: deleteUsingDELETE_156
2025-02-19 00:37:18 [restartedMain] INFO  s.d.s.w.r.o.CachingOperationNameGenerator -
				Generating unique operation named: delete1UsingDELETE_128
2025-02-19 00:37:18 [restartedMain] INFO  s.d.s.w.r.o.CachingOperationNameGenerator -
				Generating unique operation named: getUsingGET_241
2025-02-19 00:37:18 [restartedMain] INFO  s.d.s.w.r.o.CachingOperationNameGenerator -
				Generating unique operation named: listAllUsingGET_207
2025-02-19 00:37:18 [restartedMain] INFO  s.d.s.w.r.o.CachingOperationNameGenerator -
				Generating unique operation named: listAll1UsingGET_102
2025-02-19 00:37:18 [restartedMain] INFO  s.d.s.w.r.o.CachingOperationNameGenerator -
				Generating unique operation named: saveProgramTypeUsingPOST_3
2025-02-19 00:37:18 [restartedMain] INFO  s.d.s.w.r.o.CachingOperationNameGenerator -
				Generating unique operation named: updateUsingPUT_218
2025-02-19 00:37:18 [restartedMain] INFO  s.d.s.w.r.o.CachingOperationNameGenerator -
				Generating unique operation named: activateUsingDELETE_85
2025-02-19 00:37:18 [restartedMain] INFO  s.d.s.w.r.o.CachingOperationNameGenerator -
				Generating unique operation named: deactivateUsingDELETE_85
2025-02-19 00:37:18 [restartedMain] INFO  s.d.s.w.r.o.CachingOperationNameGenerator -
				Generating unique operation named: fetchAllAdministrationEmailIdsDetailUsingGET_13
2025-02-19 00:37:18 [restartedMain] INFO  s.d.s.w.r.o.CachingOperationNameGenerator -
				Generating unique operation named: getUsingGET_242
2025-02-19 00:37:18 [restartedMain] INFO  s.d.s.w.r.o.CachingOperationNameGenerator -
				Generating unique operation named: savePublicationUsingPOST_1
2025-02-19 00:37:18 [restartedMain] INFO  s.d.s.w.r.o.CachingOperationNameGenerator -
				Generating unique operation named: uploadFileUsingPOST_29
2025-02-19 00:37:18 [restartedMain] INFO  s.d.s.w.r.o.CachingOperationNameGenerator -
				Generating unique operation named: viewFilesUsingGET_26
2025-02-19 00:37:18 [restartedMain] INFO  s.d.s.w.r.o.CachingOperationNameGenerator -
				Generating unique operation named: downloadFileUsingGET_12
2025-02-19 00:37:18 [restartedMain] INFO  s.d.s.w.r.o.CachingOperationNameGenerator -
				Generating unique operation named: purchaseOrderFileDownloadUsingGET_1
2025-02-19 00:37:18 [restartedMain] INFO  s.d.s.w.r.o.CachingOperationNameGenerator -
				Generating unique operation named: activateUsingDELETE_86
2025-02-19 00:37:18 [restartedMain] INFO  s.d.s.w.r.o.CachingOperationNameGenerator -
				Generating unique operation named: deactivateUsingDELETE_86
2025-02-19 00:37:18 [restartedMain] INFO  s.d.s.w.r.o.CachingOperationNameGenerator -
				Generating unique operation named: getUsingGET_243
2025-02-19 00:37:18 [restartedMain] INFO  s.d.s.w.r.o.CachingOperationNameGenerator -
				Generating unique operation named: listAllUsingGET_208
2025-02-19 00:37:18 [restartedMain] INFO  s.d.s.w.r.o.CachingOperationNameGenerator -
				Generating unique operation named: updateUsingPUT_219
2025-02-19 00:37:18 [restartedMain] INFO  s.d.s.w.r.o.CachingOperationNameGenerator -
				Generating unique operation named: deleteUsingDELETE_157
2025-02-19 00:37:18 [restartedMain] INFO  s.d.s.w.r.o.CachingOperationNameGenerator -
				Generating unique operation named: delete1UsingDELETE_129
2025-02-19 00:37:18 [restartedMain] INFO  s.d.s.w.r.o.CachingOperationNameGenerator -
				Generating unique operation named: getUsingGET_244
2025-02-19 00:37:18 [restartedMain] INFO  s.d.s.w.r.o.CachingOperationNameGenerator -
				Generating unique operation named: listAllUsingGET_209
2025-02-19 00:37:18 [restartedMain] INFO  s.d.s.w.r.o.CachingOperationNameGenerator -
				Generating unique operation named: listAllActiveDetailsUsingGET_1
2025-02-19 00:37:18 [restartedMain] INFO  s.d.s.w.r.o.CachingOperationNameGenerator -
				Generating unique operation named: saveCourseUsingPOST_4
2025-02-19 00:37:18 [restartedMain] INFO  s.d.s.w.r.o.CachingOperationNameGenerator -
				Generating unique operation named: updateUsingPUT_220
2025-02-19 00:37:18 [restartedMain] INFO  s.d.s.w.r.o.CachingOperationNameGenerator -
				Generating unique operation named: deleteUsingDELETE_158
2025-02-19 00:37:18 [restartedMain] INFO  s.d.s.w.r.o.CachingOperationNameGenerator -
				Generating unique operation named: delete1UsingDELETE_130
2025-02-19 00:37:18 [restartedMain] INFO  s.d.s.w.r.o.CachingOperationNameGenerator -
				Generating unique operation named: getUsingGET_245
2025-02-19 00:37:18 [restartedMain] INFO  s.d.s.w.r.o.CachingOperationNameGenerator -
				Generating unique operation named: getAllReferenceBooksUsingGET_1
2025-02-19 00:37:18 [restartedMain] INFO  s.d.s.w.r.o.CachingOperationNameGenerator -
				Generating unique operation named: getDetailsUsingGET_1
2025-02-19 00:37:18 [restartedMain] INFO  s.d.s.w.r.o.CachingOperationNameGenerator -
				Generating unique operation named: getReferenceBooksUsingGET_2
2025-02-19 00:37:18 [restartedMain] INFO  s.d.s.w.r.o.CachingOperationNameGenerator -
				Generating unique operation named: getReferenceBooksUsingGET_3
2025-02-19 00:37:18 [restartedMain] INFO  s.d.s.w.r.o.CachingOperationNameGenerator -
				Generating unique operation named: getReferenceBooksForLessonPlanUsingGET_1
2025-02-19 00:37:18 [restartedMain] INFO  s.d.s.w.r.o.CachingOperationNameGenerator -
				Generating unique operation named: saveCourseUsingPOST_5
2025-02-19 00:37:18 [restartedMain] INFO  s.d.s.w.r.o.CachingOperationNameGenerator -
				Generating unique operation named: updateUsingPUT_221
2025-02-19 00:37:18 [restartedMain] INFO  s.d.s.w.r.o.CachingOperationNameGenerator -
				Generating unique operation named: deleteUsingDELETE_159
2025-02-19 00:37:18 [restartedMain] INFO  s.d.s.w.r.o.CachingOperationNameGenerator -
				Generating unique operation named: delete1UsingDELETE_131
2025-02-19 00:37:18 [restartedMain] INFO  s.d.s.w.r.o.CachingOperationNameGenerator -
				Generating unique operation named: getUsingGET_246
2025-02-19 00:37:18 [restartedMain] INFO  s.d.s.w.r.o.CachingOperationNameGenerator -
				Generating unique operation named: listAllUsingGET_210
2025-02-19 00:37:18 [restartedMain] INFO  s.d.s.w.r.o.CachingOperationNameGenerator -
				Generating unique operation named: listAll1UsingGET_103
2025-02-19 00:37:18 [restartedMain] INFO  s.d.s.w.r.o.CachingOperationNameGenerator -
				Generating unique operation named: updateUsingPUT_222
2025-02-19 00:37:18 [restartedMain] INFO  s.d.s.w.r.o.CachingOperationNameGenerator -
				Generating unique operation named: deleteUsingDELETE_160
2025-02-19 00:37:18 [restartedMain] INFO  s.d.s.w.r.o.CachingOperationNameGenerator -
				Generating unique operation named: getUsingGET_247
2025-02-19 00:37:18 [restartedMain] INFO  s.d.s.w.r.o.CachingOperationNameGenerator -
				Generating unique operation named: listAllUsingGET_211
2025-02-19 00:37:18 [restartedMain] INFO  s.d.s.w.r.o.CachingOperationNameGenerator -
				Generating unique operation named: updateUsingPUT_223
2025-02-19 00:37:18 [restartedMain] INFO  s.d.s.w.r.o.CachingOperationNameGenerator -
				Generating unique operation named: deleteUsingDELETE_161
2025-02-19 00:37:18 [restartedMain] INFO  s.d.s.w.r.o.CachingOperationNameGenerator -
				Generating unique operation named: delete1UsingDELETE_132
2025-02-19 00:37:18 [restartedMain] INFO  s.d.s.w.r.o.CachingOperationNameGenerator -
				Generating unique operation named: getUsingGET_248
2025-02-19 00:37:18 [restartedMain] INFO  s.d.s.w.r.o.CachingOperationNameGenerator -
				Generating unique operation named: viewFilesUsingGET_27
2025-02-19 00:37:18 [restartedMain] INFO  s.d.s.w.r.o.CachingOperationNameGenerator -
				Generating unique operation named: deleteUsingDELETE_162
2025-02-19 00:37:18 [restartedMain] INFO  s.d.s.w.r.o.CachingOperationNameGenerator -
				Generating unique operation named: delete1UsingDELETE_133
2025-02-19 00:37:18 [restartedMain] INFO  s.d.s.w.r.o.CachingOperationNameGenerator -
				Generating unique operation named: fetchAllResignationDetailsBasedOnUserIdUsingGET_1
2025-02-19 00:37:18 [restartedMain] INFO  s.d.s.w.r.o.CachingOperationNameGenerator -
				Generating unique operation named: getUsingGET_249
2025-02-19 00:37:18 [restartedMain] INFO  s.d.s.w.r.o.CachingOperationNameGenerator -
				Generating unique operation named: listAllUsingGET_212
2025-02-19 00:37:18 [restartedMain] INFO  s.d.s.w.r.o.CachingOperationNameGenerator -
				Generating unique operation named: listAll1UsingGET_104
2025-02-19 00:37:18 [restartedMain] INFO  s.d.s.w.r.o.CachingOperationNameGenerator -
				Generating unique operation named: updateUsingPUT_224
2025-02-19 00:37:18 [restartedMain] INFO  s.d.s.w.r.o.CachingOperationNameGenerator -
				Generating unique operation named: activateRoleUsingDELETE_2
2025-02-19 00:37:18 [restartedMain] INFO  s.d.s.w.r.o.CachingOperationNameGenerator -
				Generating unique operation named: deactivateRoleUsingDELETE_2
2025-02-19 00:37:18 [restartedMain] INFO  s.d.s.w.r.o.CachingOperationNameGenerator -
				Generating unique operation named: getUsingGET_250
2025-02-19 00:37:18 [restartedMain] INFO  s.d.s.w.r.o.CachingOperationNameGenerator -
				Generating unique operation named: getAllRolesDetailsUsingGET_5
2025-02-19 00:37:18 [restartedMain] INFO  s.d.s.w.r.o.CachingOperationNameGenerator -
				Generating unique operation named: saveRolesUsingPOST_1
2025-02-19 00:37:18 [restartedMain] INFO  s.d.s.w.r.o.CachingOperationNameGenerator -
				Generating unique operation named: updateUsingPUT_225
2025-02-19 00:37:18 [restartedMain] INFO  s.d.s.w.r.o.CachingOperationNameGenerator -
				Generating unique operation named: deleteUsingDELETE_163
2025-02-19 00:37:18 [restartedMain] INFO  s.d.s.w.r.o.CachingOperationNameGenerator -
				Generating unique operation named: getAllFeeReceiptUsingGET_1
2025-02-19 00:37:18 [restartedMain] INFO  s.d.s.w.r.o.CachingOperationNameGenerator -
				Generating unique operation named: deleteUsingDELETE_164
2025-02-19 00:37:18 [restartedMain] INFO  s.d.s.w.r.o.CachingOperationNameGenerator -
				Generating unique operation named: delete1UsingDELETE_134
2025-02-19 00:37:18 [restartedMain] INFO  s.d.s.w.r.o.CachingOperationNameGenerator -
				Generating unique operation named: getUsingGET_251
2025-02-19 00:37:18 [restartedMain] INFO  s.d.s.w.r.o.CachingOperationNameGenerator -
				Generating unique operation named: listAllUsingGET_213
2025-02-19 00:37:18 [restartedMain] INFO  s.d.s.w.r.o.CachingOperationNameGenerator -
				Generating unique operation named: listAll1UsingGET_105
2025-02-19 00:37:18 [restartedMain] INFO  s.d.s.w.r.o.CachingOperationNameGenerator -
				Generating unique operation named: updateUsingPUT_226
2025-02-19 00:37:18 [restartedMain] INFO  s.d.s.w.r.o.CachingOperationNameGenerator -
				Generating unique operation named: deleteUsingDELETE_165
2025-02-19 00:37:18 [restartedMain] INFO  s.d.s.w.r.o.CachingOperationNameGenerator -
				Generating unique operation named: delete1UsingDELETE_135
2025-02-19 00:37:18 [restartedMain] INFO  s.d.s.w.r.o.CachingOperationNameGenerator -
				Generating unique operation named: getUsingGET_252
2025-02-19 00:37:18 [restartedMain] INFO  s.d.s.w.r.o.CachingOperationNameGenerator -
				Generating unique operation named: listAllUsingGET_214
2025-02-19 00:37:18 [restartedMain] INFO  s.d.s.w.r.o.CachingOperationNameGenerator -
				Generating unique operation named: listAll1UsingGET_106
2025-02-19 00:37:18 [restartedMain] INFO  s.d.s.w.r.o.CachingOperationNameGenerator -
				Generating unique operation named: updateUsingPUT_227
2025-02-19 00:37:18 [restartedMain] INFO  s.d.s.w.r.o.CachingOperationNameGenerator -
				Generating unique operation named: deleteUsingDELETE_166
2025-02-19 00:37:18 [restartedMain] INFO  s.d.s.w.r.o.CachingOperationNameGenerator -
				Generating unique operation named: delete1UsingDELETE_136
2025-02-19 00:37:18 [restartedMain] INFO  s.d.s.w.r.o.CachingOperationNameGenerator -
				Generating unique operation named: getUsingGET_253
2025-02-19 00:37:18 [restartedMain] INFO  s.d.s.w.r.o.CachingOperationNameGenerator -
				Generating unique operation named: listAllUsingGET_215
2025-02-19 00:37:18 [restartedMain] INFO  s.d.s.w.r.o.CachingOperationNameGenerator -
				Generating unique operation named: listAll1UsingGET_107
2025-02-19 00:37:18 [restartedMain] INFO  s.d.s.w.r.o.CachingOperationNameGenerator -
				Generating unique operation named: updateUsingPUT_228
2025-02-19 00:37:18 [restartedMain] INFO  s.d.s.w.r.o.CachingOperationNameGenerator -
				Generating unique operation named: deleteUsingDELETE_167
2025-02-19 00:37:18 [restartedMain] INFO  s.d.s.w.r.o.CachingOperationNameGenerator -
				Generating unique operation named: delete1UsingDELETE_137
2025-02-19 00:37:18 [restartedMain] INFO  s.d.s.w.r.o.CachingOperationNameGenerator -
				Generating unique operation named: getUsingGET_254
2025-02-19 00:37:18 [restartedMain] INFO  s.d.s.w.r.o.CachingOperationNameGenerator -
				Generating unique operation named: listAllUsingGET_216
2025-02-19 00:37:18 [restartedMain] INFO  s.d.s.w.r.o.CachingOperationNameGenerator -
				Generating unique operation named: listAll1UsingGET_108
2025-02-19 00:37:18 [restartedMain] INFO  s.d.s.w.r.o.CachingOperationNameGenerator -
				Generating unique operation named: updateUsingPUT_229
2025-02-19 00:37:18 [restartedMain] INFO  s.d.s.w.r.o.CachingOperationNameGenerator -
				Generating unique operation named: deleteUsingDELETE_168
2025-02-19 00:37:18 [restartedMain] INFO  s.d.s.w.r.o.CachingOperationNameGenerator -
				Generating unique operation named: getUsingGET_255
2025-02-19 00:37:18 [restartedMain] INFO  s.d.s.w.r.o.CachingOperationNameGenerator -
				Generating unique operation named: listAllUsingGET_217
2025-02-19 00:37:18 [restartedMain] INFO  s.d.s.w.r.o.CachingOperationNameGenerator -
				Generating unique operation named: updateUsingPUT_230
2025-02-19 00:37:18 [restartedMain] INFO  s.d.s.w.r.o.CachingOperationNameGenerator -
				Generating unique operation named: update1UsingPUT_2
2025-02-19 00:37:18 [restartedMain] INFO  s.d.s.w.r.o.CachingOperationNameGenerator -
				Generating unique operation named: update2UsingPUT_1
2025-02-19 00:37:18 [restartedMain] INFO  s.d.s.w.r.o.CachingOperationNameGenerator -
				Generating unique operation named: listAllUsingGET_218
2025-02-19 00:37:18 [restartedMain] INFO  s.d.s.w.r.o.CachingOperationNameGenerator -
				Generating unique operation named: saveScholarshipapprovalstatusUsingPOST_1
2025-02-19 00:37:18 [restartedMain] INFO  s.d.s.w.r.o.CachingOperationNameGenerator -
				Generating unique operation named: deleteUsingDELETE_169
2025-02-19 00:37:18 [restartedMain] INFO  s.d.s.w.r.o.CachingOperationNameGenerator -
				Generating unique operation named: getUsingGET_256
2025-02-19 00:37:18 [restartedMain] INFO  s.d.s.w.r.o.CachingOperationNameGenerator -
				Generating unique operation named: getAllDeptUsingGET_22
2025-02-19 00:37:18 [restartedMain] INFO  s.d.s.w.r.o.CachingOperationNameGenerator -
				Generating unique operation named: saveCourseAssignmentUsingPOST_3
2025-02-19 00:37:18 [restartedMain] INFO  s.d.s.w.r.o.CachingOperationNameGenerator -
				Generating unique operation named: updateUsingPUT_231
2025-02-19 00:37:18 [restartedMain] INFO  s.d.s.w.r.o.CachingOperationNameGenerator -
				Generating unique operation named: update2UsingPUT_2
2025-02-19 00:37:18 [restartedMain] INFO  s.d.s.w.r.o.CachingOperationNameGenerator -
				Generating unique operation named: deleteUsingDELETE_170
2025-02-19 00:37:18 [restartedMain] INFO  s.d.s.w.r.o.CachingOperationNameGenerator -
				Generating unique operation named: getUsingGET_257
2025-02-19 00:37:18 [restartedMain] INFO  s.d.s.w.r.o.CachingOperationNameGenerator -
				Generating unique operation named: get1UsingGET_5
2025-02-19 00:37:18 [restartedMain] INFO  s.d.s.w.r.o.CachingOperationNameGenerator -
				Generating unique operation named: get2UsingGET_1
2025-02-19 00:37:18 [restartedMain] INFO  s.d.s.w.r.o.CachingOperationNameGenerator -
				Generating unique operation named: listAllUsingGET_219
2025-02-19 00:37:18 [restartedMain] INFO  s.d.s.w.r.o.CachingOperationNameGenerator -
				Generating unique operation named: saveAcademicYearUsingPOST_9
2025-02-19 00:37:18 [restartedMain] INFO  s.d.s.w.r.o.CachingOperationNameGenerator -
				Generating unique operation named: updateUsingPUT_232
2025-02-19 00:37:18 [restartedMain] INFO  s.d.s.w.r.o.CachingOperationNameGenerator -
				Generating unique operation named: update2UsingPUT_3
2025-02-19 00:37:18 [restartedMain] INFO  s.d.s.w.r.o.CachingOperationNameGenerator -
				Generating unique operation named: updateUsingPUT_233
2025-02-19 00:37:18 [restartedMain] INFO  s.d.s.w.r.o.CachingOperationNameGenerator -
				Generating unique operation named: activateScholarshipHeadWiseAmountDetailsUsingDELETE_1
2025-02-19 00:37:18 [restartedMain] INFO  s.d.s.w.r.o.CachingOperationNameGenerator -
				Generating unique operation named: deactivateScholarshipHeadWiseAmountDetailsUsingDELETE_1
2025-02-19 00:37:18 [restartedMain] INFO  s.d.s.w.r.o.CachingOperationNameGenerator -
				Generating unique operation named: fetchAllCancelAdmissionsDetailUsingGET_1
2025-02-19 00:37:18 [restartedMain] INFO  s.d.s.w.r.o.CachingOperationNameGenerator -
				Generating unique operation named: saveScholarshipVocherHeadWiseAmountDetailsUsingPOST_1
2025-02-19 00:37:18 [restartedMain] INFO  s.d.s.w.r.o.CachingOperationNameGenerator -
				Generating unique operation named: scholarshipHeadWiseAmountDetailsOnScholarshipIdUsingGET_1
2025-02-19 00:37:18 [restartedMain] INFO  s.d.s.w.r.o.CachingOperationNameGenerator -
				Generating unique operation named: scholarshipHeadWiseAmountDetailsOnVocherHeadNewIdUsingGET_1
2025-02-19 00:37:18 [restartedMain] INFO  s.d.s.w.r.o.CachingOperationNameGenerator -
				Generating unique operation named: updateUsingPUT_234
2025-02-19 00:37:18 [restartedMain] INFO  s.d.s.w.r.o.CachingOperationNameGenerator -
				Generating unique operation named: activateUsingDELETE_87
2025-02-19 00:37:18 [restartedMain] INFO  s.d.s.w.r.o.CachingOperationNameGenerator -
				Generating unique operation named: deactivateUsingDELETE_87
2025-02-19 00:37:18 [restartedMain] INFO  s.d.s.w.r.o.CachingOperationNameGenerator -
				Generating unique operation named: getUsingGET_258
2025-02-19 00:37:18 [restartedMain] INFO  s.d.s.w.r.o.CachingOperationNameGenerator -
				Generating unique operation named: listAllUsingGET_220
2025-02-19 00:37:18 [restartedMain] INFO  s.d.s.w.r.o.CachingOperationNameGenerator -
				Generating unique operation named: schoolValidationUsingGET_1
2025-02-19 00:37:18 [restartedMain] INFO  s.d.s.w.r.o.CachingOperationNameGenerator -
				Generating unique operation named: updateUsingPUT_235
2025-02-19 00:37:18 [restartedMain] INFO  s.d.s.w.r.o.CachingOperationNameGenerator -
				Generating unique operation named: assignedStudentBySectionAssignmentIdUsingGET_1
2025-02-19 00:37:18 [restartedMain] INFO  s.d.s.w.r.o.CachingOperationNameGenerator -
				Generating unique operation named: assignedStudentDetailsBySectionAssignmentIdUsingGET_1
2025-02-19 00:37:18 [restartedMain] INFO  s.d.s.w.r.o.CachingOperationNameGenerator -
				Generating unique operation named: deleteUsingDELETE_171
2025-02-19 00:37:18 [restartedMain] INFO  s.d.s.w.r.o.CachingOperationNameGenerator -
				Generating unique operation named: delete1UsingDELETE_138
2025-02-19 00:37:18 [restartedMain] INFO  s.d.s.w.r.o.CachingOperationNameGenerator -
				Generating unique operation named: fetchAllSectionAssignmentDetailsUsingGET_1
2025-02-19 00:37:18 [restartedMain] INFO  s.d.s.w.r.o.CachingOperationNameGenerator -
				Generating unique operation named: fetchAllSectionAssignmentDetailsBasedOnSchoolIdUsingGET_1
2025-02-19 00:37:18 [restartedMain] INFO  s.d.s.w.r.o.CachingOperationNameGenerator -
				Generating unique operation named: fetchAllSectionAssignmentDetailsBasedOnUserIdUsingGET_1
2025-02-19 00:37:18 [restartedMain] INFO  s.d.s.w.r.o.CachingOperationNameGenerator -
				Generating unique operation named: getUsingGET_259
2025-02-19 00:37:18 [restartedMain] INFO  s.d.s.w.r.o.CachingOperationNameGenerator -
				Generating unique operation named: getCountOfStudentsAssignedToSectionUsingGET_1
2025-02-19 00:37:18 [restartedMain] INFO  s.d.s.w.r.o.CachingOperationNameGenerator -
				Generating unique operation named: getCourseDetailDataUsingGET_1
2025-02-19 00:37:18 [restartedMain] INFO  s.d.s.w.r.o.CachingOperationNameGenerator -
				Generating unique operation named: getSectionDetailDataUsingGET_1
2025-02-19 00:37:18 [restartedMain] INFO  s.d.s.w.r.o.CachingOperationNameGenerator -
				Generating unique operation named: getSectionNameUsingGET_1
2025-02-19 00:37:18 [restartedMain] INFO  s.d.s.w.r.o.CachingOperationNameGenerator -
				Generating unique operation named: listAllUsingGET_221
2025-02-19 00:37:18 [restartedMain] INFO  s.d.s.w.r.o.CachingOperationNameGenerator -
				Generating unique operation named: promotingOfAssinedSectionStudentsUsingPOST_1
2025-02-19 00:37:18 [restartedMain] INFO  s.d.s.w.r.o.CachingOperationNameGenerator -
				Generating unique operation named: saveSectionAssignmentUsingPOST_1
2025-02-19 00:37:18 [restartedMain] INFO  s.d.s.w.r.o.CachingOperationNameGenerator -
				Generating unique operation named: sectionAssignmentOfStudentFromIndexUsingPUT_1
2025-02-19 00:37:18 [restartedMain] INFO  s.d.s.w.r.o.CachingOperationNameGenerator -
				Generating unique operation named: sectionDetailsByAcademicYearAndSectionUsingGET_1
2025-02-19 00:37:18 [restartedMain] INFO  s.d.s.w.r.o.CachingOperationNameGenerator -
				Generating unique operation named: studentDetailsBasedOnSectionAssignmentIdUsingGET_1
2025-02-19 00:37:18 [restartedMain] INFO  s.d.s.w.r.o.CachingOperationNameGenerator -
				Generating unique operation named: studentDetailsForPromotingUsingGET_1
2025-02-19 00:37:18 [restartedMain] INFO  s.d.s.w.r.o.CachingOperationNameGenerator -
				Generating unique operation named: updateUsingPUT_236
2025-02-19 00:37:18 [restartedMain] INFO  s.d.s.w.r.o.CachingOperationNameGenerator -
				Generating unique operation named: saveSectionAssignmentHistoryUsingPOST_1
2025-02-19 00:37:18 [restartedMain] INFO  s.d.s.w.r.o.CachingOperationNameGenerator -
				Generating unique operation named: sectionAssignmentHistoryOnSectionAssignmentIdUsingGET_1
2025-02-19 00:37:18 [restartedMain] INFO  s.d.s.w.r.o.CachingOperationNameGenerator -
				Generating unique operation named: checkSectionNameOnSchoolIdUsingGET_1
2025-02-19 00:37:18 [restartedMain] INFO  s.d.s.w.r.o.CachingOperationNameGenerator -
				Generating unique operation named: deleteUsingDELETE_172
2025-02-19 00:37:18 [restartedMain] INFO  s.d.s.w.r.o.CachingOperationNameGenerator -
				Generating unique operation named: delete1UsingDELETE_139
2025-02-19 00:37:18 [restartedMain] INFO  s.d.s.w.r.o.CachingOperationNameGenerator -
				Generating unique operation named: fetchSectionBySchoolUsingGET_1
2025-02-19 00:37:18 [restartedMain] INFO  s.d.s.w.r.o.CachingOperationNameGenerator -
				Generating unique operation named: getUsingGET_260
2025-02-19 00:37:18 [restartedMain] INFO  s.d.s.w.r.o.CachingOperationNameGenerator -
				Generating unique operation named: getAllSectionDetailsUsingGET_1
2025-02-19 00:37:18 [restartedMain] INFO  s.d.s.w.r.o.CachingOperationNameGenerator -
				Generating unique operation named: listAllUsingGET_222
2025-02-19 00:37:18 [restartedMain] INFO  s.d.s.w.r.o.CachingOperationNameGenerator -
				Generating unique operation named: saveSubjectTypeUsingPOST_25
2025-02-19 00:37:18 [restartedMain] INFO  s.d.s.w.r.o.CachingOperationNameGenerator -
				Generating unique operation named: updateUsingPUT_237
2025-02-19 00:37:18 [restartedMain] INFO  s.d.s.w.r.o.CachingOperationNameGenerator -
				Generating unique operation named: getAllServiceByUserIdUsingGET_1
2025-02-19 00:37:18 [restartedMain] INFO  s.d.s.w.r.o.CachingOperationNameGenerator -
				Generating unique operation named: getUsingGET_261
2025-02-19 00:37:18 [restartedMain] INFO  s.d.s.w.r.o.CachingOperationNameGenerator -
				Generating unique operation named: listAll1UsingGET_109
2025-02-19 00:37:18 [restartedMain] INFO  s.d.s.w.r.o.CachingOperationNameGenerator -
				Generating unique operation named: updateUsingPUT_238
2025-02-19 00:37:18 [restartedMain] INFO  s.d.s.w.r.o.CachingOperationNameGenerator -
				Generating unique operation named: deleteUsingDELETE_173
2025-02-19 00:37:18 [restartedMain] INFO  s.d.s.w.r.o.CachingOperationNameGenerator -
				Generating unique operation named: delete1UsingDELETE_140
2025-02-19 00:37:18 [restartedMain] INFO  s.d.s.w.r.o.CachingOperationNameGenerator -
				Generating unique operation named: getUsingGET_262
2025-02-19 00:37:18 [restartedMain] INFO  s.d.s.w.r.o.CachingOperationNameGenerator -
				Generating unique operation named: getAllRolesDetailsUsingGET_6
2025-02-19 00:37:18 [restartedMain] INFO  s.d.s.w.r.o.CachingOperationNameGenerator -
				Generating unique operation named: listAllUsingGET_223
2025-02-19 00:37:18 [restartedMain] INFO  s.d.s.w.r.o.CachingOperationNameGenerator -
				Generating unique operation named: saveSlabDetailUsingPOST_1
2025-02-19 00:37:18 [restartedMain] INFO  s.d.s.w.r.o.CachingOperationNameGenerator -
				Generating unique operation named: updateUsingPUT_239
2025-02-19 00:37:18 [restartedMain] INFO  s.d.s.w.r.o.CachingOperationNameGenerator -
				Generating unique operation named: deleteUsingDELETE_174
2025-02-19 00:37:18 [restartedMain] INFO  s.d.s.w.r.o.CachingOperationNameGenerator -
				Generating unique operation named: delete1UsingDELETE_141
2025-02-19 00:37:18 [restartedMain] INFO  s.d.s.w.r.o.CachingOperationNameGenerator -
				Generating unique operation named: getUsingGET_263
2025-02-19 00:37:18 [restartedMain] INFO  s.d.s.w.r.o.CachingOperationNameGenerator -
				Generating unique operation named: listAllUsingGET_224
2025-02-19 00:37:18 [restartedMain] INFO  s.d.s.w.r.o.CachingOperationNameGenerator -
				Generating unique operation named: listAll1UsingGET_110
2025-02-19 00:37:18 [restartedMain] INFO  s.d.s.w.r.o.CachingOperationNameGenerator -
				Generating unique operation named: saveSlabDetailUsingPOST_2
2025-02-19 00:37:18 [restartedMain] INFO  s.d.s.w.r.o.CachingOperationNameGenerator -
				Generating unique operation named: updateUsingPUT_240
2025-02-19 00:37:18 [restartedMain] INFO  s.d.s.w.r.o.CachingOperationNameGenerator -
				Generating unique operation named: deleteUsingDELETE_175
2025-02-19 00:37:18 [restartedMain] INFO  s.d.s.w.r.o.CachingOperationNameGenerator -
				Generating unique operation named: delete1UsingDELETE_142
2025-02-19 00:37:18 [restartedMain] INFO  s.d.s.w.r.o.CachingOperationNameGenerator -
				Generating unique operation named: getUsingGET_264
2025-02-19 00:37:18 [restartedMain] INFO  s.d.s.w.r.o.CachingOperationNameGenerator -
				Generating unique operation named: listAllUsingGET_225
2025-02-19 00:37:18 [restartedMain] INFO  s.d.s.w.r.o.CachingOperationNameGenerator -
				Generating unique operation named: listAll1UsingGET_111
2025-02-19 00:37:18 [restartedMain] INFO  s.d.s.w.r.o.CachingOperationNameGenerator -
				Generating unique operation named: updateUsingPUT_241
2025-02-19 00:37:18 [restartedMain] INFO  s.d.s.w.r.o.CachingOperationNameGenerator -
				Generating unique operation named: deleteUsingDELETE_176
2025-02-19 00:37:18 [restartedMain] INFO  s.d.s.w.r.o.CachingOperationNameGenerator -
				Generating unique operation named: delete1UsingDELETE_143
2025-02-19 00:37:18 [restartedMain] INFO  s.d.s.w.r.o.CachingOperationNameGenerator -
				Generating unique operation named: getUsingGET_265
2025-02-19 00:37:18 [restartedMain] INFO  s.d.s.w.r.o.CachingOperationNameGenerator -
				Generating unique operation named: listAllUsingGET_226
2025-02-19 00:37:19 [restartedMain] INFO  s.d.s.w.r.o.CachingOperationNameGenerator -
				Generating unique operation named: listAll1UsingGET_112
2025-02-19 00:37:19 [restartedMain] INFO  s.d.s.w.r.o.CachingOperationNameGenerator -
				Generating unique operation named: deleteUsingDELETE_177
2025-02-19 00:37:19 [restartedMain] INFO  s.d.s.w.r.o.CachingOperationNameGenerator -
				Generating unique operation named: delete1UsingDELETE_144
2025-02-19 00:37:19 [restartedMain] INFO  s.d.s.w.r.o.CachingOperationNameGenerator -
				Generating unique operation named: getUsingGET_266
2025-02-19 00:37:19 [restartedMain] INFO  s.d.s.w.r.o.CachingOperationNameGenerator -
				Generating unique operation named: listAllUsingGET_227
2025-02-19 00:37:19 [restartedMain] INFO  s.d.s.w.r.o.CachingOperationNameGenerator -
				Generating unique operation named: listAll1UsingGET_113
2025-02-19 00:37:19 [restartedMain] INFO  s.d.s.w.r.o.CachingOperationNameGenerator -
				Generating unique operation named: updateUsingPUT_242
2025-02-19 00:37:19 [restartedMain] INFO  s.d.s.w.r.o.CachingOperationNameGenerator -
				Generating unique operation named: getUsingGET_267
2025-02-19 00:37:19 [restartedMain] INFO  s.d.s.w.r.o.CachingOperationNameGenerator -
				Generating unique operation named: listAllUsingGET_228
2025-02-19 00:37:19 [restartedMain] INFO  s.d.s.w.r.o.CachingOperationNameGenerator -
				Generating unique operation named: deleteUsingDELETE_178
2025-02-19 00:37:19 [restartedMain] INFO  s.d.s.w.r.o.CachingOperationNameGenerator -
				Generating unique operation named: getUsingGET_268
2025-02-19 00:37:19 [restartedMain] INFO  s.d.s.w.r.o.CachingOperationNameGenerator -
				Generating unique operation named: listAllUsingGET_229
2025-02-19 00:37:19 [restartedMain] INFO  s.d.s.w.r.o.CachingOperationNameGenerator -
				Generating unique operation named: updateUsingPUT_243
2025-02-19 00:37:19 [restartedMain] INFO  s.d.s.w.r.o.CachingOperationNameGenerator -
				Generating unique operation named: deleteUsingDELETE_179
2025-02-19 00:37:19 [restartedMain] INFO  s.d.s.w.r.o.CachingOperationNameGenerator -
				Generating unique operation named: delete1UsingDELETE_145
2025-02-19 00:37:19 [restartedMain] INFO  s.d.s.w.r.o.CachingOperationNameGenerator -
				Generating unique operation named: getUsingGET_269
2025-02-19 00:37:19 [restartedMain] INFO  s.d.s.w.r.o.CachingOperationNameGenerator -
				Generating unique operation named: listAllUsingGET_230
2025-02-19 00:37:19 [restartedMain] INFO  s.d.s.w.r.o.CachingOperationNameGenerator -
				Generating unique operation named: saveSubjectTypeUsingPOST_26
2025-02-19 00:37:19 [restartedMain] INFO  s.d.s.w.r.o.CachingOperationNameGenerator -
				Generating unique operation named: updateUsingPUT_244
2025-02-19 00:37:19 [restartedMain] INFO  s.d.s.w.r.o.CachingOperationNameGenerator -
				Generating unique operation named: deleteUsingDELETE_180
2025-02-19 00:37:19 [restartedMain] INFO  s.d.s.w.r.o.CachingOperationNameGenerator -
				Generating unique operation named: getUsingGET_270
2025-02-19 00:37:19 [restartedMain] INFO  s.d.s.w.r.o.CachingOperationNameGenerator -
				Generating unique operation named: saveCourseUsingPOST_6
2025-02-19 00:37:19 [restartedMain] INFO  s.d.s.w.r.o.CachingOperationNameGenerator -
				Generating unique operation named: updateUsingPUT_245
2025-02-19 00:37:19 [restartedMain] INFO  s.d.s.w.r.o.CachingOperationNameGenerator -
				Generating unique operation named: deleteUsingDELETE_181
2025-02-19 00:37:19 [restartedMain] INFO  s.d.s.w.r.o.CachingOperationNameGenerator -
				Generating unique operation named: delete1UsingDELETE_146
2025-02-19 00:37:19 [restartedMain] INFO  s.d.s.w.r.o.CachingOperationNameGenerator -
				Generating unique operation named: getUsingGET_271
2025-02-19 00:37:19 [restartedMain] INFO  s.d.s.w.r.o.CachingOperationNameGenerator -
				Generating unique operation named: getAllStdSubjectAssignmentUsingGET_1
2025-02-19 00:37:19 [restartedMain] INFO  s.d.s.w.r.o.CachingOperationNameGenerator -
				Generating unique operation named: saveAcademicSchoolVisionUsingPOST_4
2025-02-19 00:37:19 [restartedMain] INFO  s.d.s.w.r.o.CachingOperationNameGenerator -
				Generating unique operation named: updateUsingPUT_246
2025-02-19 00:37:19 [restartedMain] INFO  s.d.s.w.r.o.CachingOperationNameGenerator -
				Generating unique operation named: deleteUsingDELETE_182
2025-02-19 00:37:19 [restartedMain] INFO  s.d.s.w.r.o.CachingOperationNameGenerator -
				Generating unique operation named: delete1UsingDELETE_147
2025-02-19 00:37:19 [restartedMain] INFO  s.d.s.w.r.o.CachingOperationNameGenerator -
				Generating unique operation named: getUsingGET_272
2025-02-19 00:37:19 [restartedMain] INFO  s.d.s.w.r.o.CachingOperationNameGenerator -
				Generating unique operation named: getAllStdsubjectsDetailsUsingGET_1
2025-02-19 00:37:19 [restartedMain] INFO  s.d.s.w.r.o.CachingOperationNameGenerator -
				Generating unique operation named: listAll1UsingGET_114
2025-02-19 00:37:19 [restartedMain] INFO  s.d.s.w.r.o.CachingOperationNameGenerator -
				Generating unique operation named: saveStdsubjectsUsingPOST_1
2025-02-19 00:37:19 [restartedMain] INFO  s.d.s.w.r.o.CachingOperationNameGenerator -
				Generating unique operation named: updateUsingPUT_247
2025-02-19 00:37:19 [restartedMain] INFO  s.d.s.w.r.o.CachingOperationNameGenerator -
				Generating unique operation named: activateUsingDELETE_88
2025-02-19 00:37:19 [restartedMain] INFO  s.d.s.w.r.o.CachingOperationNameGenerator -
				Generating unique operation named: deactivateUsingDELETE_88
2025-02-19 00:37:19 [restartedMain] INFO  s.d.s.w.r.o.CachingOperationNameGenerator -
				Generating unique operation named: getUsingGET_273
2025-02-19 00:37:19 [restartedMain] INFO  s.d.s.w.r.o.CachingOperationNameGenerator -
				Generating unique operation named: getAllExamDetailsUsingGET_2
2025-02-19 00:37:19 [restartedMain] INFO  s.d.s.w.r.o.CachingOperationNameGenerator -
				Generating unique operation named: getDataForDisplayingUsingGET_1
2025-02-19 00:37:19 [restartedMain] INFO  s.d.s.w.r.o.CachingOperationNameGenerator -
				Generating unique operation named: listAllUsingGET_231
2025-02-19 00:37:19 [restartedMain] INFO  s.d.s.w.r.o.CachingOperationNameGenerator -
				Generating unique operation named: updateUsingPUT_248
2025-02-19 00:37:19 [restartedMain] INFO  s.d.s.w.r.o.CachingOperationNameGenerator -
				Generating unique operation named: uploadFileUsingPOST_30
2025-02-19 00:37:19 [restartedMain] INFO  s.d.s.w.r.o.CachingOperationNameGenerator -
				Generating unique operation named: viewFilesUsingGET_28
2025-02-19 00:37:19 [restartedMain] INFO  s.d.s.w.r.o.CachingOperationNameGenerator -
				Generating unique operation named: getItemApproverdataUsingGET_1
2025-02-19 00:37:19 [restartedMain] INFO  s.d.s.w.r.o.CachingOperationNameGenerator -
				Generating unique operation named: saveStoreIndentRequestUsingPOST_1
2025-02-19 00:37:19 [restartedMain] INFO  s.d.s.w.r.o.CachingOperationNameGenerator -
				Generating unique operation named: activateItemAssignmentUsingDELETE_1
2025-02-19 00:37:19 [restartedMain] INFO  s.d.s.w.r.o.CachingOperationNameGenerator -
				Generating unique operation named: deactivateItemAssignmentUsingDELETE_1
2025-02-19 00:37:19 [restartedMain] INFO  s.d.s.w.r.o.CachingOperationNameGenerator -
				Generating unique operation named: getUsingGET_274
2025-02-19 00:37:19 [restartedMain] INFO  s.d.s.w.r.o.CachingOperationNameGenerator -
				Generating unique operation named: getAllItemCreationDetailsUsingGET_2
2025-02-19 00:37:19 [restartedMain] INFO  s.d.s.w.r.o.CachingOperationNameGenerator -
				Generating unique operation named: deleteUsingDELETE_183
2025-02-19 00:37:19 [restartedMain] INFO  s.d.s.w.r.o.CachingOperationNameGenerator -
				Generating unique operation named: delete1UsingDELETE_148
2025-02-19 00:37:19 [restartedMain] INFO  s.d.s.w.r.o.CachingOperationNameGenerator -
				Generating unique operation named: getUsingGET_275
2025-02-19 00:37:19 [restartedMain] INFO  s.d.s.w.r.o.CachingOperationNameGenerator -
				Generating unique operation named: getActiveDetailsUsingGET_3
2025-02-19 00:37:19 [restartedMain] INFO  s.d.s.w.r.o.CachingOperationNameGenerator -
				Generating unique operation named: getAllDetailsUsingGET_1
2025-02-19 00:37:19 [restartedMain] INFO  s.d.s.w.r.o.CachingOperationNameGenerator -
				Generating unique operation named: updateUsingPUT_249
2025-02-19 00:37:19 [restartedMain] INFO  s.d.s.w.r.o.CachingOperationNameGenerator -
				Generating unique operation named: deleteUsingDELETE_184
2025-02-19 00:37:19 [restartedMain] INFO  s.d.s.w.r.o.CachingOperationNameGenerator -
				Generating unique operation named: getUsingGET_276
2025-02-19 00:37:19 [restartedMain] INFO  s.d.s.w.r.o.CachingOperationNameGenerator -
				Generating unique operation named: listAllUsingGET_232
2025-02-19 00:37:19 [restartedMain] INFO  s.d.s.w.r.o.CachingOperationNameGenerator -
				Generating unique operation named: updateUsingPUT_250
2025-02-19 00:37:19 [restartedMain] INFO  s.d.s.w.r.o.CachingOperationNameGenerator -
				Generating unique operation named: deleteUsingDELETE_185
2025-02-19 00:37:19 [restartedMain] INFO  s.d.s.w.r.o.CachingOperationNameGenerator -
				Generating unique operation named: delete1UsingDELETE_149
2025-02-19 00:37:19 [restartedMain] INFO  s.d.s.w.r.o.CachingOperationNameGenerator -
				Generating unique operation named: getUsingGET_277
2025-02-19 00:37:19 [restartedMain] INFO  s.d.s.w.r.o.CachingOperationNameGenerator -
				Generating unique operation named: getAssignedCoursesDetailsUsingGET_1
2025-02-19 00:37:19 [restartedMain] INFO  s.d.s.w.r.o.CachingOperationNameGenerator -
				Generating unique operation named: getDetailedStudentAttendanceReportSectionwiseUsingGET_1
2025-02-19 00:37:19 [restartedMain] INFO  s.d.s.w.r.o.CachingOperationNameGenerator -
				Generating unique operation named: listAllUsingGET_233
2025-02-19 00:37:19 [restartedMain] INFO  s.d.s.w.r.o.CachingOperationNameGenerator -
				Generating unique operation named: listAll1UsingGET_115
2025-02-19 00:37:19 [restartedMain] INFO  s.d.s.w.r.o.CachingOperationNameGenerator -
				Generating unique operation named: updateUsingPUT_251
2025-02-19 00:37:19 [restartedMain] INFO  s.d.s.w.r.o.CachingOperationNameGenerator -
				Generating unique operation named: activateUsingDELETE_89
2025-02-19 00:37:19 [restartedMain] INFO  s.d.s.w.r.o.CachingOperationNameGenerator -
				Generating unique operation named: deactivateUsingDELETE_89
2025-02-19 00:37:19 [restartedMain] INFO  s.d.s.w.r.o.CachingOperationNameGenerator -
				Generating unique operation named: getUsingGET_278
2025-02-19 00:37:19 [restartedMain] INFO  s.d.s.w.r.o.CachingOperationNameGenerator -
				Generating unique operation named: listAllUsingGET_234
2025-02-19 00:37:19 [restartedMain] INFO  s.d.s.w.r.o.CachingOperationNameGenerator -
				Generating unique operation named: updateUsingPUT_252
2025-02-19 00:37:19 [restartedMain] INFO  s.d.s.w.r.o.CachingOperationNameGenerator -
				Generating unique operation named: activateUsingDELETE_90
2025-02-19 00:37:19 [restartedMain] INFO  s.d.s.w.r.o.CachingOperationNameGenerator -
				Generating unique operation named: deactivateUsingDELETE_90
2025-02-19 00:37:19 [restartedMain] INFO  s.d.s.w.r.o.CachingOperationNameGenerator -
				Generating unique operation named: listAllUsingGET_235
2025-02-19 00:37:19 [restartedMain] INFO  s.d.s.w.r.o.CachingOperationNameGenerator -
				Generating unique operation named: deleteUsingDELETE_186
2025-02-19 00:37:19 [restartedMain] INFO  s.d.s.w.r.o.CachingOperationNameGenerator -
				Generating unique operation named: delete1UsingDELETE_150
2025-02-19 00:37:19 [restartedMain] INFO  s.d.s.w.r.o.CachingOperationNameGenerator -
				Generating unique operation named: getUsingGET_279
2025-02-19 00:37:19 [restartedMain] INFO  s.d.s.w.r.o.CachingOperationNameGenerator -
				Generating unique operation named: listAllUsingGET_236
2025-02-19 00:37:19 [restartedMain] INFO  s.d.s.w.r.o.CachingOperationNameGenerator -
				Generating unique operation named: saveSlabDetailUsingPOST_3
2025-02-19 00:37:19 [restartedMain] INFO  s.d.s.w.r.o.CachingOperationNameGenerator -
				Generating unique operation named: updateUsingPUT_253
2025-02-19 00:37:19 [restartedMain] INFO  s.d.s.w.r.o.CachingOperationNameGenerator -
				Generating unique operation named: deleteUsingDELETE_187
2025-02-19 00:37:19 [restartedMain] INFO  s.d.s.w.r.o.CachingOperationNameGenerator -
				Generating unique operation named: downloadImageFileUsingGET_3
2025-02-19 00:37:19 [restartedMain] INFO  s.d.s.w.r.o.CachingOperationNameGenerator -
				Generating unique operation named: fetchStudentDetailForSectionAssignmentUsingGET_1
2025-02-19 00:37:19 [restartedMain] INFO  s.d.s.w.r.o.CachingOperationNameGenerator -
				Generating unique operation named: getUsingGET_280
2025-02-19 00:37:19 [restartedMain] INFO  s.d.s.w.r.o.CachingOperationNameGenerator -
				Generating unique operation named: getCourseDetailDataUsingGET_2
2025-02-19 00:37:19 [restartedMain] INFO  s.d.s.w.r.o.CachingOperationNameGenerator -
				Generating unique operation named: getStudentIndexUsingGET_1
2025-02-19 00:37:19 [restartedMain] INFO  s.d.s.w.r.o.CachingOperationNameGenerator -
				Generating unique operation named: getStudentIndexUsingGET_2
2025-02-19 00:37:19 [restartedMain] INFO  s.d.s.w.r.o.CachingOperationNameGenerator -
				Generating unique operation named: getStudentIndexUsingGET_3
2025-02-19 00:37:19 [restartedMain] INFO  s.d.s.w.r.o.CachingOperationNameGenerator -
				Generating unique operation named: getStudentIndexUsingGET_4
2025-02-19 00:37:19 [restartedMain] INFO  s.d.s.w.r.o.CachingOperationNameGenerator -
				Generating unique operation named: listAllUsingGET_237
2025-02-19 00:37:19 [restartedMain] INFO  s.d.s.w.r.o.CachingOperationNameGenerator -
				Generating unique operation named: updateUsingPUT_254
2025-02-19 00:37:19 [restartedMain] INFO  s.d.s.w.r.o.CachingOperationNameGenerator -
				Generating unique operation named: uploadFileUsingPOST_31
2025-02-19 00:37:19 [restartedMain] INFO  s.d.s.w.r.o.CachingOperationNameGenerator -
				Generating unique operation named: activateUsingDELETE_91
2025-02-19 00:37:19 [restartedMain] INFO  s.d.s.w.r.o.CachingOperationNameGenerator -
				Generating unique operation named: deactivateUsingDELETE_91
2025-02-19 00:37:19 [restartedMain] INFO  s.d.s.w.r.o.CachingOperationNameGenerator -
				Generating unique operation named: getUsingGET_281
2025-02-19 00:37:19 [restartedMain] INFO  s.d.s.w.r.o.CachingOperationNameGenerator -
				Generating unique operation named: saveClassFeedbackAnswersUsingPOST_1
2025-02-19 00:37:19 [restartedMain] INFO  s.d.s.w.r.o.CachingOperationNameGenerator -
				Generating unique operation named: deleteUsingDELETE_188
2025-02-19 00:37:19 [restartedMain] INFO  s.d.s.w.r.o.CachingOperationNameGenerator -
				Generating unique operation named: delete1UsingDELETE_151
2025-02-19 00:37:19 [restartedMain] INFO  s.d.s.w.r.o.CachingOperationNameGenerator -
				Generating unique operation named: fetchAllAdministrationEmailIdsDetailUsingGET_14
2025-02-19 00:37:19 [restartedMain] INFO  s.d.s.w.r.o.CachingOperationNameGenerator -
				Generating unique operation named: getUsingGET_282
2025-02-19 00:37:19 [restartedMain] INFO  s.d.s.w.r.o.CachingOperationNameGenerator -
				Generating unique operation named: getInternalDetailsDataUsingGET_2
2025-02-19 00:37:19 [restartedMain] INFO  s.d.s.w.r.o.CachingOperationNameGenerator -
				Generating unique operation named: listAllUsingGET_238
2025-02-19 00:37:19 [restartedMain] INFO  s.d.s.w.r.o.CachingOperationNameGenerator -
				Generating unique operation named: listAll1UsingGET_116
2025-02-19 00:37:19 [restartedMain] INFO  s.d.s.w.r.o.CachingOperationNameGenerator -
				Generating unique operation named: updateUsingPUT_255
2025-02-19 00:37:19 [restartedMain] INFO  s.d.s.w.r.o.CachingOperationNameGenerator -
				Generating unique operation named: activateUsingDELETE_92
2025-02-19 00:37:19 [restartedMain] INFO  s.d.s.w.r.o.CachingOperationNameGenerator -
				Generating unique operation named: deactivateUsingDELETE_92
2025-02-19 00:37:19 [restartedMain] INFO  s.d.s.w.r.o.CachingOperationNameGenerator -
				Generating unique operation named: fetchAllAdministrationEmailIdsDetailUsingGET_15
2025-02-19 00:37:19 [restartedMain] INFO  s.d.s.w.r.o.CachingOperationNameGenerator -
				Generating unique operation named: getUsingGET_283
2025-02-19 00:37:19 [restartedMain] INFO  s.d.s.w.r.o.CachingOperationNameGenerator -
				Generating unique operation named: uploadFileUsingPOST_32
2025-02-19 00:37:19 [restartedMain] INFO  s.d.s.w.r.o.CachingOperationNameGenerator -
				Generating unique operation named: viewFilesUsingGET_29
2025-02-19 00:37:19 [restartedMain] INFO  s.d.s.w.r.o.CachingOperationNameGenerator -
				Generating unique operation named: deleteUsingDELETE_189
2025-02-19 00:37:19 [restartedMain] INFO  s.d.s.w.r.o.CachingOperationNameGenerator -
				Generating unique operation named: delete1UsingDELETE_152
2025-02-19 00:37:19 [restartedMain] INFO  s.d.s.w.r.o.CachingOperationNameGenerator -
				Generating unique operation named: getActiveDetailsUsingGET_4
2025-02-19 00:37:19 [restartedMain] INFO  s.d.s.w.r.o.CachingOperationNameGenerator -
				Generating unique operation named: getAllDetailsUsingGET_2
2025-02-19 00:37:19 [restartedMain] INFO  s.d.s.w.r.o.CachingOperationNameGenerator -
				Generating unique operation named: getDetailByIdUsingGET_2
2025-02-19 00:37:19 [restartedMain] INFO  s.d.s.w.r.o.CachingOperationNameGenerator -
				Generating unique operation named: updateUsingPUT_256
2025-02-19 00:37:19 [restartedMain] INFO  s.d.s.w.r.o.CachingOperationNameGenerator -
				Generating unique operation named: deleteUsingDELETE_190
2025-02-19 00:37:19 [restartedMain] INFO  s.d.s.w.r.o.CachingOperationNameGenerator -
				Generating unique operation named: getUsingGET_284
2025-02-19 00:37:19 [restartedMain] INFO  s.d.s.w.r.o.CachingOperationNameGenerator -
				Generating unique operation named: saveLedgerUsingPOST_1
2025-02-19 00:37:19 [restartedMain] INFO  s.d.s.w.r.o.CachingOperationNameGenerator -
				Generating unique operation named: updateUsingPUT_257
2025-02-19 00:37:19 [restartedMain] INFO  s.d.s.w.r.o.CachingOperationNameGenerator -
				Generating unique operation named: fetchdetails2UsingGET_1
2025-02-19 00:37:19 [restartedMain] INFO  s.d.s.w.r.o.CachingOperationNameGenerator -
				Generating unique operation named: getUsingGET_285
2025-02-19 00:37:19 [restartedMain] INFO  s.d.s.w.r.o.CachingOperationNameGenerator -
				Generating unique operation named: listAllUsingGET_239
2025-02-19 00:37:19 [restartedMain] INFO  s.d.s.w.r.o.CachingOperationNameGenerator -
				Generating unique operation named: updateUsingPUT_258
2025-02-19 00:37:19 [restartedMain] INFO  s.d.s.w.r.o.CachingOperationNameGenerator -
				Generating unique operation named: activateUsingDELETE_93
2025-02-19 00:37:19 [restartedMain] INFO  s.d.s.w.r.o.CachingOperationNameGenerator -
				Generating unique operation named: deactivateUsingDELETE_93
2025-02-19 00:37:19 [restartedMain] INFO  s.d.s.w.r.o.CachingOperationNameGenerator -
				Generating unique operation named: fetchdetailsUsingGET_1
2025-02-19 00:37:19 [restartedMain] INFO  s.d.s.w.r.o.CachingOperationNameGenerator -
				Generating unique operation named: getUsingGET_286
2025-02-19 00:37:19 [restartedMain] INFO  s.d.s.w.r.o.CachingOperationNameGenerator -
				Generating unique operation named: listAllUsingGET_240
2025-02-19 00:37:19 [restartedMain] INFO  s.d.s.w.r.o.CachingOperationNameGenerator -
				Generating unique operation named: updateUsingPUT_259
2025-02-19 00:37:19 [restartedMain] INFO  s.d.s.w.r.o.CachingOperationNameGenerator -
				Generating unique operation named: deleteUsingDELETE_191
2025-02-19 00:37:19 [restartedMain] INFO  s.d.s.w.r.o.CachingOperationNameGenerator -
				Generating unique operation named: delete1UsingDELETE_153
2025-02-19 00:37:19 [restartedMain] INFO  s.d.s.w.r.o.CachingOperationNameGenerator -
				Generating unique operation named: fetchAllSubjectAssignmentBasedOnSchoolIdAndCreatedByUsingGET_1
2025-02-19 00:37:19 [restartedMain] INFO  s.d.s.w.r.o.CachingOperationNameGenerator -
				Generating unique operation named: fetchSubWorkLoadBySubtypeUsingGET_1
2025-02-19 00:37:19 [restartedMain] INFO  s.d.s.w.r.o.CachingOperationNameGenerator -
				Generating unique operation named: fetchSubWorkLoadByWorkloadtypeUsingGET_1
2025-02-19 00:37:19 [restartedMain] INFO  s.d.s.w.r.o.CachingOperationNameGenerator -
				Generating unique operation named: findSubjectDetailsUsingGET_1
2025-02-19 00:37:19 [restartedMain] INFO  s.d.s.w.r.o.CachingOperationNameGenerator -
				Generating unique operation named: getUsingGET_287
2025-02-19 00:37:19 [restartedMain] INFO  s.d.s.w.r.o.CachingOperationNameGenerator -
				Generating unique operation named: getAssignedCoursesDetailsUsingGET_2
2025-02-19 00:37:19 [restartedMain] INFO  s.d.s.w.r.o.CachingOperationNameGenerator -
				Generating unique operation named: getCourseAssignmentEmployeeBasedOnUserIdUsingGET_3
2025-02-19 00:37:19 [restartedMain] INFO  s.d.s.w.r.o.CachingOperationNameGenerator -
				Generating unique operation named: getCourseNameBySubjectAssignmentIdUsingGET_1
2025-02-19 00:37:19 [restartedMain] INFO  s.d.s.w.r.o.CachingOperationNameGenerator -
				Generating unique operation named: getSubjectAssignIndexUsingGET_1
2025-02-19 00:37:19 [restartedMain] INFO  s.d.s.w.r.o.CachingOperationNameGenerator -
				Generating unique operation named: getSubjectAssignmentUsingGET_1
2025-02-19 00:37:19 [restartedMain] INFO  s.d.s.w.r.o.CachingOperationNameGenerator -
				Generating unique operation named: getSubjectAssignmentDetailsDataUsingGET_1
2025-02-19 00:37:19 [restartedMain] INFO  s.d.s.w.r.o.CachingOperationNameGenerator -
				Generating unique operation named: saveAcademicSchoolVisionUsingPOST_5
2025-02-19 00:37:19 [restartedMain] INFO  s.d.s.w.r.o.CachingOperationNameGenerator -
				Generating unique operation named: subjectAssignIndexDetails1UsingGET_1
2025-02-19 00:37:19 [restartedMain] INFO  s.d.s.w.r.o.CachingOperationNameGenerator -
				Generating unique operation named: subjectUnassignedDetailsUsingGET_1
2025-02-19 00:37:19 [restartedMain] INFO  s.d.s.w.r.o.CachingOperationNameGenerator -
				Generating unique operation named: updateUsingPUT_260
2025-02-19 00:37:19 [restartedMain] INFO  s.d.s.w.r.o.CachingOperationNameGenerator -
				Generating unique operation named: activateUsingDELETE_94
2025-02-19 00:37:19 [restartedMain] INFO  s.d.s.w.r.o.CachingOperationNameGenerator -
				Generating unique operation named: deactivateUsingDELETE_94
2025-02-19 00:37:19 [restartedMain] INFO  s.d.s.w.r.o.CachingOperationNameGenerator -
				Generating unique operation named: getUsingGET_288
2025-02-19 00:37:19 [restartedMain] INFO  s.d.s.w.r.o.CachingOperationNameGenerator -
				Generating unique operation named: getAllSubjectTypeDetailsUsingGET_1
2025-02-19 00:37:19 [restartedMain] INFO  s.d.s.w.r.o.CachingOperationNameGenerator -
				Generating unique operation named: listAll1UsingGET_117
2025-02-19 00:37:19 [restartedMain] INFO  s.d.s.w.r.o.CachingOperationNameGenerator -
				Generating unique operation named: saveSubjectTypeUsingPOST_27
2025-02-19 00:37:19 [restartedMain] INFO  s.d.s.w.r.o.CachingOperationNameGenerator -
				Generating unique operation named: updateUsingPUT_261
2025-02-19 00:37:19 [restartedMain] INFO  s.d.s.w.r.o.CachingOperationNameGenerator -
				Generating unique operation named: deleteUsingDELETE_192
2025-02-19 00:37:19 [restartedMain] INFO  s.d.s.w.r.o.CachingOperationNameGenerator -
				Generating unique operation named: getUsingGET_289
2025-02-19 00:37:19 [restartedMain] INFO  s.d.s.w.r.o.CachingOperationNameGenerator -
				Generating unique operation named: getAllSubjectWorkLoadTypeDetailsUsingGET_1
2025-02-19 00:37:19 [restartedMain] INFO  s.d.s.w.r.o.CachingOperationNameGenerator -
				Generating unique operation named: getSubjectWorkLoadTypeBySubjectIdUsingGET_1
2025-02-19 00:37:19 [restartedMain] INFO  s.d.s.w.r.o.CachingOperationNameGenerator -
				Generating unique operation named: getSubjectWorkLoadTypeBySubjectIdAndworkLoadIdUsingGET_1
2025-02-19 00:37:19 [restartedMain] INFO  s.d.s.w.r.o.CachingOperationNameGenerator -
				Generating unique operation named: saveAliasNameUsingPOST_6
2025-02-19 00:37:19 [restartedMain] INFO  s.d.s.w.r.o.CachingOperationNameGenerator -
				Generating unique operation named: updateUsingPUT_262
2025-02-19 00:37:19 [restartedMain] INFO  s.d.s.w.r.o.CachingOperationNameGenerator -
				Generating unique operation named: update1UsingPUT_3
2025-02-19 00:37:19 [restartedMain] INFO  s.d.s.w.r.o.CachingOperationNameGenerator -
				Generating unique operation named: deleteUsingDELETE_193
2025-02-19 00:37:19 [restartedMain] INFO  s.d.s.w.r.o.CachingOperationNameGenerator -
				Generating unique operation named: delete1UsingDELETE_154
2025-02-19 00:37:19 [restartedMain] INFO  s.d.s.w.r.o.CachingOperationNameGenerator -
				Generating unique operation named: getAllSubjectWorkloadCreationUsingGET_1
2025-02-19 00:37:19 [restartedMain] INFO  s.d.s.w.r.o.CachingOperationNameGenerator -
				Generating unique operation named: getByidUsingGET_1
2025-02-19 00:37:19 [restartedMain] INFO  s.d.s.w.r.o.CachingOperationNameGenerator -
				Generating unique operation named: listAllUsingGET_241
2025-02-19 00:37:19 [restartedMain] INFO  s.d.s.w.r.o.CachingOperationNameGenerator -
				Generating unique operation named: saveSubjectTypeUsingPOST_28
2025-02-19 00:37:19 [restartedMain] INFO  s.d.s.w.r.o.CachingOperationNameGenerator -
				Generating unique operation named: updateUsingPUT_263
2025-02-19 00:37:19 [restartedMain] INFO  s.d.s.w.r.o.CachingOperationNameGenerator -
				Generating unique operation named: deleteUsingDELETE_194
2025-02-19 00:37:19 [restartedMain] INFO  s.d.s.w.r.o.CachingOperationNameGenerator -
				Generating unique operation named: delete1UsingDELETE_155
2025-02-19 00:37:19 [restartedMain] INFO  s.d.s.w.r.o.CachingOperationNameGenerator -
				Generating unique operation named: getUsingGET_290
2025-02-19 00:37:19 [restartedMain] INFO  s.d.s.w.r.o.CachingOperationNameGenerator -
				Generating unique operation named: getSyllabusByCourseAssignmentIdUsingGET_1
2025-02-19 00:37:19 [restartedMain] INFO  s.d.s.w.r.o.CachingOperationNameGenerator -
				Generating unique operation named: getSyllabusDetailsUsingGET_1
2025-02-19 00:37:19 [restartedMain] INFO  s.d.s.w.r.o.CachingOperationNameGenerator -
				Generating unique operation named: getSyllabusDetailsDataUsingGET_1
2025-02-19 00:37:19 [restartedMain] INFO  s.d.s.w.r.o.CachingOperationNameGenerator -
				Generating unique operation named: listAllUsingGET_242
2025-02-19 00:37:19 [restartedMain] INFO  s.d.s.w.r.o.CachingOperationNameGenerator -
				Generating unique operation named: listAll1UsingGET_118
2025-02-19 00:37:19 [restartedMain] INFO  s.d.s.w.r.o.CachingOperationNameGenerator -
				Generating unique operation named: saveCourseObjectiveUsingPOST_3
2025-02-19 00:37:19 [restartedMain] INFO  s.d.s.w.r.o.CachingOperationNameGenerator -
				Generating unique operation named: syllabusByCourseAssignmentUsingGET_1
2025-02-19 00:37:19 [restartedMain] INFO  s.d.s.w.r.o.CachingOperationNameGenerator -
				Generating unique operation named: syllabusByCourseIdAndAcYearIdUsingGET_1
2025-02-19 00:37:19 [restartedMain] INFO  s.d.s.w.r.o.CachingOperationNameGenerator -
				Generating unique operation named: updateUsingPUT_264
2025-02-19 00:37:19 [restartedMain] INFO  s.d.s.w.r.o.CachingOperationNameGenerator -
				Generating unique operation named: uploadFileUsingPOST_33
2025-02-19 00:37:19 [restartedMain] INFO  s.d.s.w.r.o.CachingOperationNameGenerator -
				Generating unique operation named: viewFilesUsingGET_30
2025-02-19 00:37:19 [restartedMain] INFO  s.d.s.w.r.o.CachingOperationNameGenerator -
				Generating unique operation named: deleteUsingDELETE_195
2025-02-19 00:37:19 [restartedMain] INFO  s.d.s.w.r.o.CachingOperationNameGenerator -
				Generating unique operation named: delete1UsingDELETE_156
2025-02-19 00:37:19 [restartedMain] INFO  s.d.s.w.r.o.CachingOperationNameGenerator -
				Generating unique operation named: getUsingGET_291
2025-02-19 00:37:19 [restartedMain] INFO  s.d.s.w.r.o.CachingOperationNameGenerator -
				Generating unique operation named: listAllUsingGET_243
2025-02-19 00:37:19 [restartedMain] INFO  s.d.s.w.r.o.CachingOperationNameGenerator -
				Generating unique operation named: listAll1UsingGET_119
2025-02-19 00:37:19 [restartedMain] INFO  s.d.s.w.r.o.CachingOperationNameGenerator -
				Generating unique operation named: saveSyllabusSemesterUsingPOST_1
2025-02-19 00:37:19 [restartedMain] INFO  s.d.s.w.r.o.CachingOperationNameGenerator -
				Generating unique operation named: updateUsingPUT_265
2025-02-19 00:37:19 [restartedMain] INFO  s.d.s.w.r.o.CachingOperationNameGenerator -
				Generating unique operation named: deleteUsingDELETE_196
2025-02-19 00:37:19 [restartedMain] INFO  s.d.s.w.r.o.CachingOperationNameGenerator -
				Generating unique operation named: delete1UsingDELETE_157
2025-02-19 00:37:19 [restartedMain] INFO  s.d.s.w.r.o.CachingOperationNameGenerator -
				Generating unique operation named: getUsingGET_292
2025-02-19 00:37:19 [restartedMain] INFO  s.d.s.w.r.o.CachingOperationNameGenerator -
				Generating unique operation named: listAllUsingGET_244
2025-02-19 00:37:19 [restartedMain] INFO  s.d.s.w.r.o.CachingOperationNameGenerator -
				Generating unique operation named: listAll1UsingGET_120
2025-02-19 00:37:19 [restartedMain] INFO  s.d.s.w.r.o.CachingOperationNameGenerator -
				Generating unique operation named: updateUsingPUT_266
2025-02-19 00:37:19 [restartedMain] INFO  s.d.s.w.r.o.CachingOperationNameGenerator -
				Generating unique operation named: delete1UsingDELETE_158
2025-02-19 00:37:19 [restartedMain] INFO  s.d.s.w.r.o.CachingOperationNameGenerator -
				Generating unique operation named: delete2UsingDELETE_3
2025-02-19 00:37:19 [restartedMain] INFO  s.d.s.w.r.o.CachingOperationNameGenerator -
				Generating unique operation named: deleteUsingDELETE_197
2025-02-19 00:37:19 [restartedMain] INFO  s.d.s.w.r.o.CachingOperationNameGenerator -
				Generating unique operation named: getUsingGET_293
2025-02-19 00:37:19 [restartedMain] INFO  s.d.s.w.r.o.CachingOperationNameGenerator -
				Generating unique operation named: getDetailsUsingGET_2
2025-02-19 00:37:19 [restartedMain] INFO  s.d.s.w.r.o.CachingOperationNameGenerator -
				Generating unique operation named: listAllUsingGET_245
2025-02-19 00:37:19 [restartedMain] INFO  s.d.s.w.r.o.CachingOperationNameGenerator -
				Generating unique operation named: updateUsingPUT_267
2025-02-19 00:37:19 [restartedMain] INFO  s.d.s.w.r.o.CachingOperationNameGenerator -
				Generating unique operation named: deleteUsingDELETE_198
2025-02-19 00:37:19 [restartedMain] INFO  s.d.s.w.r.o.CachingOperationNameGenerator -
				Generating unique operation named: getUsingGET_294
2025-02-19 00:37:19 [restartedMain] INFO  s.d.s.w.r.o.CachingOperationNameGenerator -
				Generating unique operation named: listAllUsingGET_246
2025-02-19 00:37:19 [restartedMain] INFO  s.d.s.w.r.o.CachingOperationNameGenerator -
				Generating unique operation named: updateUsingPUT_268
2025-02-19 00:37:19 [restartedMain] INFO  s.d.s.w.r.o.CachingOperationNameGenerator -
				Generating unique operation named: deleteUsingDELETE_199
2025-02-19 00:37:19 [restartedMain] INFO  s.d.s.w.r.o.CachingOperationNameGenerator -
				Generating unique operation named: delete1UsingDELETE_159
2025-02-19 00:37:19 [restartedMain] INFO  s.d.s.w.r.o.CachingOperationNameGenerator -
				Generating unique operation named: getUsingGET_295
2025-02-19 00:37:19 [restartedMain] INFO  s.d.s.w.r.o.CachingOperationNameGenerator -
				Generating unique operation named: listAllUsingGET_247
2025-02-19 00:37:19 [restartedMain] INFO  s.d.s.w.r.o.CachingOperationNameGenerator -
				Generating unique operation named: listAll1UsingGET_121
2025-02-19 00:37:19 [restartedMain] INFO  s.d.s.w.r.o.CachingOperationNameGenerator -
				Generating unique operation named: saveSubjectTypeUsingPOST_29
2025-02-19 00:37:19 [restartedMain] INFO  s.d.s.w.r.o.CachingOperationNameGenerator -
				Generating unique operation named: updateUsingPUT_269
2025-02-19 00:37:19 [restartedMain] INFO  s.d.s.w.r.o.CachingOperationNameGenerator -
				Generating unique operation named: deleteUsingDELETE_200
2025-02-19 00:37:19 [restartedMain] INFO  s.d.s.w.r.o.CachingOperationNameGenerator -
				Generating unique operation named: delete1UsingDELETE_160
2025-02-19 00:37:19 [restartedMain] INFO  s.d.s.w.r.o.CachingOperationNameGenerator -
				Generating unique operation named: getUsingGET_296
2025-02-19 00:37:19 [restartedMain] INFO  s.d.s.w.r.o.CachingOperationNameGenerator -
				Generating unique operation named: listAllUsingGET_248
2025-02-19 00:37:19 [restartedMain] INFO  s.d.s.w.r.o.CachingOperationNameGenerator -
				Generating unique operation named: listAll1UsingGET_122
2025-02-19 00:37:19 [restartedMain] INFO  s.d.s.w.r.o.CachingOperationNameGenerator -
				Generating unique operation named: listAll1UsingGET_123
2025-02-19 00:37:19 [restartedMain] INFO  s.d.s.w.r.o.CachingOperationNameGenerator -
				Generating unique operation named: saveTimeSlotsUsingPOST_1
2025-02-19 00:37:19 [restartedMain] INFO  s.d.s.w.r.o.CachingOperationNameGenerator -
				Generating unique operation named: updateUsingPUT_270
2025-02-19 00:37:19 [restartedMain] INFO  s.d.s.w.r.o.CachingOperationNameGenerator -
				Generating unique operation named: checkAttendanceStatusUsingGET_1
2025-02-19 00:37:19 [restartedMain] INFO  s.d.s.w.r.o.CachingOperationNameGenerator -
				Generating unique operation named: courseAssignedToEmployeeForStudentMarksUsingGET_1
2025-02-19 00:37:19 [restartedMain] INFO  s.d.s.w.r.o.CachingOperationNameGenerator -
				Generating unique operation named: coursesAssignedDetailsForTimeTAbleViewUsingGET_1
2025-02-19 00:37:19 [restartedMain] INFO  s.d.s.w.r.o.CachingOperationNameGenerator -
				Generating unique operation named: deleteUsingDELETE_201
2025-02-19 00:37:19 [restartedMain] INFO  s.d.s.w.r.o.CachingOperationNameGenerator -
				Generating unique operation named: delete1UsingDELETE_161
2025-02-19 00:37:19 [restartedMain] INFO  s.d.s.w.r.o.CachingOperationNameGenerator -
				Generating unique operation named: employeeTimeTableDetailsForMobileUsingGET_1
2025-02-19 00:37:19 [restartedMain] INFO  s.d.s.w.r.o.CachingOperationNameGenerator -
				Generating unique operation named: fetchAllAdministrationEmailIdsDetailUsingGET_16
2025-02-19 00:37:19 [restartedMain] INFO  s.d.s.w.r.o.CachingOperationNameGenerator -
				Generating unique operation named: fetchAllBatchTimeTableDetailsForIndexUsingGET_1
2025-02-19 00:37:19 [restartedMain] INFO  s.d.s.w.r.o.CachingOperationNameGenerator -
				Generating unique operation named: fetchAllTimeTableDetailsBasedOnAcYearIdAndDeptIdUsingGET_1
2025-02-19 00:37:19 [restartedMain] INFO  s.d.s.w.r.o.CachingOperationNameGenerator -
				Generating unique operation named: fetchAllTimeTableDetailsBasedOnAcYearIdAndSchoolIdUsingGET_1
2025-02-19 00:37:19 [restartedMain] INFO  s.d.s.w.r.o.CachingOperationNameGenerator -
				Generating unique operation named: fetchAllTimeTableDetailsBasedOnAcYearIdAndUserIdUsingGET_1
2025-02-19 00:37:19 [restartedMain] INFO  s.d.s.w.r.o.CachingOperationNameGenerator -
				Generating unique operation named: fetchAllTimeTableDetailsForIndexUsingGET_1
2025-02-19 00:37:19 [restartedMain] INFO  s.d.s.w.r.o.CachingOperationNameGenerator -
				Generating unique operation named: fetchDetailsOfFacultyByTimeTableIdUsingGET_1
2025-02-19 00:37:19 [restartedMain] INFO  s.d.s.w.r.o.CachingOperationNameGenerator -
				Generating unique operation named: fetchTimeTableDetailsByEmployeeIdUsingGET_2
2025-02-19 00:37:19 [restartedMain] INFO  s.d.s.w.r.o.CachingOperationNameGenerator -
				Generating unique operation named: fetchTimeTableDetailsForIndexUsingGET_1
2025-02-19 00:37:19 [restartedMain] INFO  s.d.s.w.r.o.CachingOperationNameGenerator -
				Generating unique operation named: fetchYearSemForBatchTimeTableUsingGET_1
2025-02-19 00:37:19 [restartedMain] INFO  s.d.s.w.r.o.CachingOperationNameGenerator -
				Generating unique operation named: getUsingGET_297
2025-02-19 00:37:19 [restartedMain] INFO  s.d.s.w.r.o.CachingOperationNameGenerator -
				Generating unique operation named: getAllBatchesForTimeTableUsingGET_1
2025-02-19 00:37:19 [restartedMain] INFO  s.d.s.w.r.o.CachingOperationNameGenerator -
				Generating unique operation named: getAllCourseDetailsForTimeTableUsingGET_1
2025-02-19 00:37:19 [restartedMain] INFO  s.d.s.w.r.o.CachingOperationNameGenerator -
				Generating unique operation named: getAllEmployeesForTimeTableUsingGET_2
2025-02-19 00:37:19 [restartedMain] INFO  s.d.s.w.r.o.CachingOperationNameGenerator -
				Generating unique operation named: getAllEmployeesForTimeTableUsingGET_3
2025-02-19 00:37:19 [restartedMain] INFO  s.d.s.w.r.o.CachingOperationNameGenerator -
				Generating unique operation named: getAllSectionsForTimeTableUsingGET_1
2025-02-19 00:37:19 [restartedMain] INFO  s.d.s.w.r.o.CachingOperationNameGenerator -
				Generating unique operation named: getEmployeeMonthlyWorkedHoursUsingGET_1
2025-02-19 00:37:19 [restartedMain] INFO  s.d.s.w.r.o.CachingOperationNameGenerator -
				Generating unique operation named: getEmployeeSubjectDailyWorkedHoursUsingGET_1
2025-02-19 00:37:19 [restartedMain] INFO  s.d.s.w.r.o.CachingOperationNameGenerator -
				Generating unique operation named: getEmployeeTimetableScheduleUsingGET_1
2025-02-19 00:37:19 [restartedMain] INFO  s.d.s.w.r.o.CachingOperationNameGenerator -
				Generating unique operation named: getEmployeesDailyWorkedHoursUsingGET_1
2025-02-19 00:37:19 [restartedMain] INFO  s.d.s.w.r.o.CachingOperationNameGenerator -
				Generating unique operation named: getSubjectWiseAllDetailsUsingGET_1
2025-02-19 00:37:19 [restartedMain] INFO  s.d.s.w.r.o.CachingOperationNameGenerator -
				Generating unique operation named: getTimeIntervalTypesInBatchDropdownUsingGET_1
2025-02-19 00:37:19 [restartedMain] INFO  s.d.s.w.r.o.CachingOperationNameGenerator -
				Generating unique operation named: getTimeIntervalTypesInSectionDropdownUsingGET_1
2025-02-19 00:37:19 [restartedMain] INFO  s.d.s.w.r.o.CachingOperationNameGenerator -
				Generating unique operation named: getTimeSlotsUsingGET_1
2025-02-19 00:37:19 [restartedMain] INFO  s.d.s.w.r.o.CachingOperationNameGenerator -
				Generating unique operation named: getTimeSlotsForInternalsUsingGET_1
2025-02-19 00:37:19 [restartedMain] INFO  s.d.s.w.r.o.CachingOperationNameGenerator -
				Generating unique operation named: getTimeTableDataUsingGET_1
2025-02-19 00:37:19 [restartedMain] INFO  s.d.s.w.r.o.CachingOperationNameGenerator -
				Generating unique operation named: getTimeTableDataRoomWiseByFacilityTypeUsingGET_1
2025-02-19 00:37:19 [restartedMain] INFO  s.d.s.w.r.o.CachingOperationNameGenerator -
				Generating unique operation named: getTimeTableDataRoomWiseByFacilityType1UsingGET_1
2025-02-19 00:37:19 [restartedMain] INFO  s.d.s.w.r.o.CachingOperationNameGenerator -
				Generating unique operation named: listAllUsingGET_249
2025-02-19 00:37:19 [restartedMain] INFO  s.d.s.w.r.o.CachingOperationNameGenerator -
				Generating unique operation named: listAll1UsingGET_124
2025-02-19 00:37:19 [restartedMain] INFO  s.d.s.w.r.o.CachingOperationNameGenerator -
				Generating unique operation named: programSpecilizationForOnBatchAssignmentIdOrSectionAssignmentIdUsingGET_1
2025-02-19 00:37:19 [restartedMain] INFO  s.d.s.w.r.o.CachingOperationNameGenerator -
				Generating unique operation named: saveMultipleTimeTableUsingPOST_1
2025-02-19 00:37:19 [restartedMain] INFO  s.d.s.w.r.o.CachingOperationNameGenerator -
				Generating unique operation named: saveTimeTableUsingPOST_1
2025-02-19 00:37:19 [restartedMain] INFO  s.d.s.w.r.o.CachingOperationNameGenerator -
				Generating unique operation named: timeTableDetailsOfStudentForWebUsingGET_1
2025-02-19 00:37:19 [restartedMain] INFO  s.d.s.w.r.o.CachingOperationNameGenerator -
				Generating unique operation named: timeTableDetailsOfStudentOrEmployeeForMobileUsingGET_1
2025-02-19 00:37:19 [restartedMain] INFO  s.d.s.w.r.o.CachingOperationNameGenerator -
				Generating unique operation named: timeTableDetailsOfUserForCalenderUsingGET_1
2025-02-19 00:37:19 [restartedMain] INFO  s.d.s.w.r.o.CachingOperationNameGenerator -
				Generating unique operation named: updateUsingPUT_271
2025-02-19 00:37:19 [restartedMain] INFO  s.d.s.w.r.o.CachingOperationNameGenerator -
				Generating unique operation named: updateEmployeeIdForSwappingUsingPUT_1
2025-02-19 00:37:19 [restartedMain] INFO  s.d.s.w.r.o.CachingOperationNameGenerator -
				Generating unique operation named: updateRoomForSwappingUsingPUT_1
2025-02-19 00:37:19 [restartedMain] INFO  s.d.s.w.r.o.CachingOperationNameGenerator -
				Generating unique operation named: deleteUsingDELETE_202
2025-02-19 00:37:19 [restartedMain] INFO  s.d.s.w.r.o.CachingOperationNameGenerator -
				Generating unique operation named: delete1UsingDELETE_162
2025-02-19 00:37:19 [restartedMain] INFO  s.d.s.w.r.o.CachingOperationNameGenerator -
				Generating unique operation named: timeTableEmployeeDetailsOnTimeTableIdUsingGET_1
2025-02-19 00:37:19 [restartedMain] INFO  s.d.s.w.r.o.CachingOperationNameGenerator -
				Generating unique operation named: activateUsingDELETE_95
2025-02-19 00:37:19 [restartedMain] INFO  s.d.s.w.r.o.CachingOperationNameGenerator -
				Generating unique operation named: deactivateUsingDELETE_95
2025-02-19 00:37:19 [restartedMain] INFO  s.d.s.w.r.o.CachingOperationNameGenerator -
				Generating unique operation named: getUsingGET_298
2025-02-19 00:37:19 [restartedMain] INFO  s.d.s.w.r.o.CachingOperationNameGenerator -
				Generating unique operation named: getAllDeptUsingGET_23
2025-02-19 00:37:19 [restartedMain] INFO  s.d.s.w.r.o.CachingOperationNameGenerator -
				Generating unique operation named: downloadFileUsingGET_13
2025-02-19 00:37:19 [restartedMain] INFO  s.d.s.w.r.o.CachingOperationNameGenerator -
				Generating unique operation named: getUsingGET_299
2025-02-19 00:37:19 [restartedMain] INFO  s.d.s.w.r.o.CachingOperationNameGenerator -
				Generating unique operation named: delete1UsingDELETE_163
2025-02-19 00:37:19 [restartedMain] INFO  s.d.s.w.r.o.CachingOperationNameGenerator -
				Generating unique operation named: delete2UsingDELETE_4
2025-02-19 00:37:19 [restartedMain] INFO  s.d.s.w.r.o.CachingOperationNameGenerator -
				Generating unique operation named: delete1UsingDELETE_164
2025-02-19 00:37:19 [restartedMain] INFO  s.d.s.w.r.o.CachingOperationNameGenerator -
				Generating unique operation named: delete2UsingDELETE_5
2025-02-19 00:37:19 [restartedMain] INFO  s.d.s.w.r.o.CachingOperationNameGenerator -
				Generating unique operation named: activateUsingDELETE_96
2025-02-19 00:37:19 [restartedMain] INFO  s.d.s.w.r.o.CachingOperationNameGenerator -
				Generating unique operation named: deactivateUsingDELETE_96
2025-02-19 00:37:19 [restartedMain] INFO  s.d.s.w.r.o.CachingOperationNameGenerator -
				Generating unique operation named: getUsingGET_300
2025-02-19 00:37:19 [restartedMain] INFO  s.d.s.w.r.o.CachingOperationNameGenerator -
				Generating unique operation named: listAllUsingGET_250
2025-02-19 00:37:19 [restartedMain] INFO  s.d.s.w.r.o.CachingOperationNameGenerator -
				Generating unique operation named: updateUsingPUT_272
2025-02-19 00:37:19 [restartedMain] INFO  s.d.s.w.r.o.CachingOperationNameGenerator -
				Generating unique operation named: activateUsingDELETE_97
2025-02-19 00:37:19 [restartedMain] INFO  s.d.s.w.r.o.CachingOperationNameGenerator -
				Generating unique operation named: deactivateUsingDELETE_97
2025-02-19 00:37:19 [restartedMain] INFO  s.d.s.w.r.o.CachingOperationNameGenerator -
				Generating unique operation named: getUsingGET_301
2025-02-19 00:37:19 [restartedMain] INFO  s.d.s.w.r.o.CachingOperationNameGenerator -
				Generating unique operation named: listAllUsingGET_251
2025-02-19 00:37:19 [restartedMain] INFO  s.d.s.w.r.o.CachingOperationNameGenerator -
				Generating unique operation named: updateUsingPUT_273
2025-02-19 00:37:19 [restartedMain] INFO  s.d.s.w.r.o.CachingOperationNameGenerator -
				Generating unique operation named: getUsingGET_302
2025-02-19 00:37:19 [restartedMain] INFO  s.d.s.w.r.o.CachingOperationNameGenerator -
				Generating unique operation named: listAllUsingGET_252
2025-02-19 00:37:19 [restartedMain] INFO  s.d.s.w.r.o.CachingOperationNameGenerator -
				Generating unique operation named: processForgotPasswordUsingPOST_1
2025-02-19 00:37:19 [restartedMain] INFO  s.d.s.w.r.o.CachingOperationNameGenerator -
				Generating unique operation named: updateUsingPUT_274
2025-02-19 00:37:19 [restartedMain] INFO  s.d.s.w.r.o.CachingOperationNameGenerator -
				Generating unique operation named: getUsingGET_303
2025-02-19 00:37:19 [restartedMain] INFO  s.d.s.w.r.o.CachingOperationNameGenerator -
				Generating unique operation named: getDetailsUsingGET_3
2025-02-19 00:37:19 [restartedMain] INFO  s.d.s.w.r.o.CachingOperationNameGenerator -
				Generating unique operation named: updateUsingPUT_275
2025-02-19 00:37:19 [restartedMain] INFO  s.d.s.w.r.o.CachingOperationNameGenerator -
				Generating unique operation named: activateUsingDELETE_98
2025-02-19 00:37:19 [restartedMain] INFO  s.d.s.w.r.o.CachingOperationNameGenerator -
				Generating unique operation named: deactivateUsingDELETE_98
2025-02-19 00:37:19 [restartedMain] INFO  s.d.s.w.r.o.CachingOperationNameGenerator -
				Generating unique operation named: getUsingGET_304
2025-02-19 00:37:19 [restartedMain] INFO  s.d.s.w.r.o.CachingOperationNameGenerator -
				Generating unique operation named: listAllUsingGET_253
2025-02-19 00:37:19 [restartedMain] INFO  s.d.s.w.r.o.CachingOperationNameGenerator -
				Generating unique operation named: updateUsingPUT_276
2025-02-19 00:37:19 [restartedMain] INFO  s.d.s.w.r.o.CachingOperationNameGenerator -
				Generating unique operation named: downloadFileUsingGET_14
2025-02-19 00:37:19 [restartedMain] INFO  s.d.s.w.r.o.CachingOperationNameGenerator -
				Generating unique operation named: getUsingGET_305
2025-02-19 00:37:19 [restartedMain] INFO  s.d.s.w.r.o.CachingOperationNameGenerator -
				Generating unique operation named: uploadFileUsingPOST_34
2025-02-19 00:37:19 [restartedMain] INFO  s.d.s.w.r.o.CachingOperationNameGenerator -
				Generating unique operation named: deleteUsingDELETE_203
2025-02-19 00:37:19 [restartedMain] INFO  s.d.s.w.r.o.CachingOperationNameGenerator -
				Generating unique operation named: delete1UsingDELETE_165
2025-02-19 00:37:19 [restartedMain] INFO  s.d.s.w.r.o.CachingOperationNameGenerator -
				Generating unique operation named: updateUsingPUT_277
2025-02-19 00:37:19 [restartedMain] INFO  s.d.s.w.r.o.CachingOperationNameGenerator -
				Generating unique operation named: getActiveVendorDetailsUsingGET_1
2025-02-19 00:37:19 [restartedMain] INFO  s.d.s.w.r.o.CachingOperationNameGenerator -
				Generating unique operation named: getAllVendorDetailsUsingGET_1
2025-02-19 00:37:19 [restartedMain] INFO  s.d.s.w.r.o.CachingOperationNameGenerator -
				Generating unique operation named: deleteUsingDELETE_204
2025-02-19 00:37:19 [restartedMain] INFO  s.d.s.w.r.o.CachingOperationNameGenerator -
				Generating unique operation named: delete1UsingDELETE_166
2025-02-19 00:37:19 [restartedMain] INFO  s.d.s.w.r.o.CachingOperationNameGenerator -
				Generating unique operation named: getUsingGET_306
2025-02-19 00:37:19 [restartedMain] INFO  s.d.s.w.r.o.CachingOperationNameGenerator -
				Generating unique operation named: updateUsingPUT_278
2025-02-19 00:37:19 [restartedMain] INFO  s.d.s.w.r.o.CachingOperationNameGenerator -
				Generating unique operation named: updateUsingPUT_279
2025-02-19 00:37:19 [restartedMain] INFO  s.d.s.w.r.o.CachingOperationNameGenerator -
				Generating unique operation named: activateUsingDELETE_99
2025-02-19 00:37:19 [restartedMain] INFO  s.d.s.w.r.o.CachingOperationNameGenerator -
				Generating unique operation named: deactivateUsingDELETE_99
2025-02-19 00:37:19 [restartedMain] INFO  s.d.s.w.r.o.CachingOperationNameGenerator -
				Generating unique operation named: getUsingGET_307
2025-02-19 00:37:19 [restartedMain] INFO  s.d.s.w.r.o.CachingOperationNameGenerator -
				Generating unique operation named: getAllDeptUsingGET_24
2025-02-19 00:37:19 [restartedMain] INFO  s.d.s.w.r.o.CachingOperationNameGenerator -
				Generating unique operation named: listAllUsingGET_254
2025-02-19 00:37:19 [restartedMain] INFO  s.d.s.w.r.o.CachingOperationNameGenerator -
				Generating unique operation named: updateUsingPUT_280
2025-02-19 00:37:19 [restartedMain] INFO  s.d.s.w.r.o.CachingOperationNameGenerator -
				Generating unique operation named: deleteUsingDELETE_205
2025-02-19 00:37:19 [restartedMain] INFO  s.d.s.w.r.o.CachingOperationNameGenerator -
				Generating unique operation named: delete1UsingDELETE_167
2025-02-19 00:37:19 [restartedMain] INFO  s.d.s.w.r.o.CachingOperationNameGenerator -
				Generating unique operation named: findByVouHeadSchoolIdUsingGET_1
2025-02-19 00:37:19 [restartedMain] INFO  s.d.s.w.r.o.CachingOperationNameGenerator -
				Generating unique operation named: getUsingGET_308
2025-02-19 00:37:19 [restartedMain] INFO  s.d.s.w.r.o.CachingOperationNameGenerator -
				Generating unique operation named: listAllUsingGET_255
2025-02-19 00:37:19 [restartedMain] INFO  s.d.s.w.r.o.CachingOperationNameGenerator -
				Generating unique operation named: listAll1UsingGET_125
2025-02-19 00:37:19 [restartedMain] INFO  s.d.s.w.r.o.CachingOperationNameGenerator -
				Generating unique operation named: saveVoucherHeadUsingPOST_1
2025-02-19 00:37:19 [restartedMain] INFO  s.d.s.w.r.o.CachingOperationNameGenerator -
				Generating unique operation named: updateUsingPUT_281
2025-02-19 00:37:19 [restartedMain] INFO  s.d.s.w.r.o.CachingOperationNameGenerator -
				Generating unique operation named: updateUsingPUT_282
2025-02-19 00:37:19 [restartedMain] INFO  s.d.s.w.r.o.CachingOperationNameGenerator -
				Generating unique operation named: deleteUsingDELETE_206
2025-02-19 00:37:19 [restartedMain] INFO  s.d.s.w.r.o.CachingOperationNameGenerator -
				Generating unique operation named: delete1UsingDELETE_168
2025-02-19 00:37:19 [restartedMain] INFO  s.d.s.w.r.o.CachingOperationNameGenerator -
				Generating unique operation named: fetchUnassignedSchoolDetailsUsingGET_1
2025-02-19 00:37:19 [restartedMain] INFO  s.d.s.w.r.o.CachingOperationNameGenerator -
				Generating unique operation named: getUsingGET_309
2025-02-19 00:37:19 [restartedMain] INFO  s.d.s.w.r.o.CachingOperationNameGenerator -
				Generating unique operation named: listAllUsingGET_256
2025-02-19 00:37:19 [restartedMain] INFO  s.d.s.w.r.o.CachingOperationNameGenerator -
				Generating unique operation named: listAll1UsingGET_126
2025-02-19 00:37:19 [restartedMain] INFO  s.d.s.w.r.o.CachingOperationNameGenerator -
				Generating unique operation named: updateUsingPUT_283
2025-02-19 00:37:19 [restartedMain] INFO  s.d.s.w.r.o.CachingOperationNameGenerator -
				Generating unique operation named: deleteUsingDELETE_207
2025-02-19 00:37:19 [restartedMain] INFO  s.d.s.w.r.o.CachingOperationNameGenerator -
				Generating unique operation named: delete1UsingDELETE_169
2025-02-19 00:37:19 [restartedMain] INFO  s.d.s.w.r.o.CachingOperationNameGenerator -
				Generating unique operation named: getUsingGET_310
2025-02-19 00:37:19 [restartedMain] INFO  s.d.s.w.r.o.CachingOperationNameGenerator -
				Generating unique operation named: listAllUsingGET_257
2025-02-19 00:37:19 [restartedMain] INFO  s.d.s.w.r.o.CachingOperationNameGenerator -
				Generating unique operation named: listAll1UsingGET_127
2025-02-19 00:37:19 [restartedMain] INFO  s.d.s.w.r.o.CachingOperationNameGenerator -
				Generating unique operation named: saveSubjectTypeUsingPOST_30
2025-02-19 00:37:19 [restartedMain] INFO  s.d.s.w.r.o.CachingOperationNameGenerator -
				Generating unique operation named: updateUsingPUT_284
2025-02-19 00:37:20 [restartedMain] INFO  s.d.s.w.s.ApiListingReferenceScanner -
				Scanning for api listing references
2025-02-19 00:37:20 [restartedMain] INFO  s.d.s.w.r.o.CachingOperationNameGenerator -
				Generating unique operation named: deleteUsingDELETE_208
2025-02-19 00:37:20 [restartedMain] INFO  s.d.s.w.r.o.CachingOperationNameGenerator -
				Generating unique operation named: downloadFileUsingGET_15
2025-02-19 00:37:20 [restartedMain] INFO  s.d.s.w.r.o.CachingOperationNameGenerator -
				Generating unique operation named: getUsingGET_311
2025-02-19 00:37:20 [restartedMain] INFO  s.d.s.w.r.o.CachingOperationNameGenerator -
				Generating unique operation named: getAllDeatilsUsingGET_4
2025-02-19 00:37:20 [restartedMain] INFO  s.d.s.w.r.o.CachingOperationNameGenerator -
				Generating unique operation named: listAllUsingGET_258
2025-02-19 00:37:20 [restartedMain] INFO  s.d.s.w.r.o.CachingOperationNameGenerator -
				Generating unique operation named: saveAttachmentsUsingPOST_1
2025-02-19 00:37:20 [restartedMain] INFO  s.d.s.w.r.o.CachingOperationNameGenerator -
				Generating unique operation named: updateUsingPUT_285
2025-02-19 00:37:20 [restartedMain] INFO  s.d.s.w.r.o.CachingOperationNameGenerator -
				Generating unique operation named: uploadFileUsingPOST_35
2025-02-19 00:37:20 [restartedMain] INFO  s.d.s.w.r.o.CachingOperationNameGenerator -
				Generating unique operation named: uploadFile1UsingPOST_1
2025-02-19 00:37:20 [restartedMain] INFO  s.d.s.w.r.o.CachingOperationNameGenerator -
				Generating unique operation named: viewFilesUsingGET_31
2025-02-19 00:37:20 [restartedMain] INFO  s.d.s.w.r.o.CachingOperationNameGenerator -
				Generating unique operation named: attendenceSheetTriggerUsingPOST_1
2025-02-19 00:37:20 [restartedMain] INFO  s.d.s.w.r.o.CachingOperationNameGenerator -
				Generating unique operation named: bioTransMonthWiseTriggerUsingPOST_1
2025-02-19 00:37:20 [restartedMain] INFO  s.d.s.w.r.o.CachingOperationNameGenerator -
				Generating unique operation named: bioTransTriggerUsingPOST_1
2025-02-19 00:37:20 [restartedMain] INFO  s.d.s.w.r.o.CachingOperationNameGenerator -
				Generating unique operation named: bioTransactionTriggerUsingPOST_1
2025-02-19 00:37:20 [restartedMain] INFO  s.d.s.w.r.o.CachingOperationNameGenerator -
				Generating unique operation named: biometricAttendenceTriggerUsingPOST_1
2025-02-19 00:37:20 [restartedMain] INFO  s.d.s.w.r.o.CachingOperationNameGenerator -
				Generating unique operation named: deleteUsingDELETE_209
2025-02-19 00:37:20 [restartedMain] INFO  s.d.s.w.r.o.CachingOperationNameGenerator -
				Generating unique operation named: getUsingGET_312
2025-02-19 00:37:20 [restartedMain] INFO  s.d.s.w.r.o.CachingOperationNameGenerator -
				Generating unique operation named: getBiometricAttendanceByEmp_idUsingGET_1
2025-02-19 00:37:20 [restartedMain] INFO  s.d.s.w.r.o.CachingOperationNameGenerator -
				Generating unique operation named: getBiometricAttendanceDataByEmp_idAndDateUsingGET_1
2025-02-19 00:37:20 [restartedMain] INFO  s.d.s.w.r.o.CachingOperationNameGenerator -
				Generating unique operation named: listAllUsingGET_259
2025-02-19 00:37:20 [restartedMain] INFO  s.d.s.w.r.o.CachingOperationNameGenerator -
				Generating unique operation named: saveCourseAssignmentUsingPOST_4
2025-02-19 00:37:20 [restartedMain] INFO  s.d.s.w.r.o.CachingOperationNameGenerator -
				Generating unique operation named: updateUsingPUT_286
2025-02-19 00:37:20 [restartedMain] INFO  s.d.s.w.r.o.CachingOperationNameGenerator -
				Generating unique operation named: uploadBiometricTransactionDetailsUsingPOST_1
2025-02-19 00:37:20 [restartedMain] INFO  s.d.s.w.r.o.CachingOperationNameGenerator -
				Generating unique operation named: activateUsingDELETE_100
2025-02-19 00:37:20 [restartedMain] INFO  s.d.s.w.r.o.CachingOperationNameGenerator -
				Generating unique operation named: bookChapterDetailsBasedOnEmpIdUsingGET_1
2025-02-19 00:37:20 [restartedMain] INFO  s.d.s.w.r.o.CachingOperationNameGenerator -
				Generating unique operation named: deactivateUsingDELETE_100
2025-02-19 00:37:20 [restartedMain] INFO  s.d.s.w.r.o.CachingOperationNameGenerator -
				Generating unique operation named: fetchAllAdministrationEmailIdsDetailUsingGET_17
2025-02-19 00:37:20 [restartedMain] INFO  s.d.s.w.r.o.CachingOperationNameGenerator -
				Generating unique operation named: getUsingGET_313
2025-02-19 00:37:20 [restartedMain] INFO  s.d.s.w.r.o.CachingOperationNameGenerator -
				Generating unique operation named: getAllActiveBookChapterUsingGET_1
2025-02-19 00:37:20 [restartedMain] INFO  s.d.s.w.r.o.CachingOperationNameGenerator -
				Generating unique operation named: saveBookChapterUsingPOST_1
2025-02-19 00:37:20 [restartedMain] INFO  s.d.s.w.r.o.CachingOperationNameGenerator -
				Generating unique operation named: updateBookChapterUsingPUT_1
2025-02-19 00:37:20 [restartedMain] INFO  s.d.s.w.r.o.CachingOperationNameGenerator -
				Generating unique operation named: uploadFileUsingPOST_36
2025-02-19 00:37:20 [restartedMain] INFO  s.d.s.w.r.o.CachingOperationNameGenerator -
				Generating unique operation named: viewFilesUsingGET_32
2025-02-19 00:37:20 [restartedMain] INFO  s.d.s.w.r.o.CachingOperationNameGenerator -
				Generating unique operation named: activateUsingDELETE_101
2025-02-19 00:37:20 [restartedMain] INFO  s.d.s.w.r.o.CachingOperationNameGenerator -
				Generating unique operation named: certificateviewFilesUsingGET_1
2025-02-19 00:37:20 [restartedMain] INFO  s.d.s.w.r.o.CachingOperationNameGenerator -
				Generating unique operation named: conferenceDetailsBasedOnEmpIdUsingGET_1
2025-02-19 00:37:20 [restartedMain] INFO  s.d.s.w.r.o.CachingOperationNameGenerator -
				Generating unique operation named: deactivateUsingDELETE_101
2025-02-19 00:37:20 [restartedMain] INFO  s.d.s.w.r.o.CachingOperationNameGenerator -
				Generating unique operation named: fetchAllAdministrationEmailIdsDetailUsingGET_18
2025-02-19 00:37:20 [restartedMain] INFO  s.d.s.w.r.o.CachingOperationNameGenerator -
				Generating unique operation named: getUsingGET_314
2025-02-19 00:37:20 [restartedMain] INFO  s.d.s.w.r.o.CachingOperationNameGenerator -
				Generating unique operation named: getAllActiveConferencesUsingGET_1
2025-02-19 00:37:20 [restartedMain] INFO  s.d.s.w.r.o.CachingOperationNameGenerator -
				Generating unique operation named: savePublicationUsingPOST_2
2025-02-19 00:37:20 [restartedMain] INFO  s.d.s.w.r.o.CachingOperationNameGenerator -
				Generating unique operation named: updateConferencesUsingPUT_1
2025-02-19 00:37:20 [restartedMain] INFO  s.d.s.w.r.o.CachingOperationNameGenerator -
				Generating unique operation named: uploadFileUsingPOST_37
2025-02-19 00:37:20 [restartedMain] INFO  s.d.s.w.r.o.CachingOperationNameGenerator -
				Generating unique operation named: uploadFileCertificateUsingPOST_1
2025-02-19 00:37:20 [restartedMain] INFO  s.d.s.w.r.o.CachingOperationNameGenerator -
				Generating unique operation named: viewFilesUsingGET_33
2025-02-19 00:37:20 [restartedMain] INFO  s.d.s.w.r.o.CachingOperationNameGenerator -
				Generating unique operation named: deleteUsingDELETE_210
2025-02-19 00:37:20 [restartedMain] INFO  s.d.s.w.r.o.CachingOperationNameGenerator -
				Generating unique operation named: getUsingGET_315
2025-02-19 00:37:20 [restartedMain] INFO  s.d.s.w.r.o.CachingOperationNameGenerator -
				Generating unique operation named: listAllUsingGET_260
2025-02-19 00:37:20 [restartedMain] INFO  s.d.s.w.r.o.CachingOperationNameGenerator -
				Generating unique operation named: saveContractEmployeeUsingPOST_1
2025-02-19 00:37:20 [restartedMain] INFO  s.d.s.w.r.o.CachingOperationNameGenerator -
				Generating unique operation named: updateUsingPUT_287
2025-02-19 00:37:20 [restartedMain] INFO  s.d.s.w.r.o.CachingOperationNameGenerator -
				Generating unique operation named: deleteUsingDELETE_211
2025-02-19 00:37:20 [restartedMain] INFO  s.d.s.w.r.o.CachingOperationNameGenerator -
				Generating unique operation named: delete1UsingDELETE_170
2025-02-19 00:37:20 [restartedMain] INFO  s.d.s.w.r.o.CachingOperationNameGenerator -
				Generating unique operation named: getUsingGET_316
2025-02-19 00:37:20 [restartedMain] INFO  s.d.s.w.r.o.CachingOperationNameGenerator -
				Generating unique operation named: getAllDesignationDetailsUsingGET_1
2025-02-19 00:37:20 [restartedMain] INFO  s.d.s.w.r.o.CachingOperationNameGenerator -
				Generating unique operation named: listAllUsingGET_261
2025-02-19 00:37:20 [restartedMain] INFO  s.d.s.w.r.o.CachingOperationNameGenerator -
				Generating unique operation named: saveDesignationUsingPOST_3
2025-02-19 00:37:20 [restartedMain] INFO  s.d.s.w.r.o.CachingOperationNameGenerator -
				Generating unique operation named: updateUsingPUT_288
2025-02-19 00:37:20 [restartedMain] INFO  s.d.s.w.r.o.CachingOperationNameGenerator -
				Generating unique operation named: createEducationDetailsUsingPOST_1
2025-02-19 00:37:20 [restartedMain] INFO  s.d.s.w.r.o.CachingOperationNameGenerator -
				Generating unique operation named: deleteUsingDELETE_212
2025-02-19 00:37:20 [restartedMain] INFO  s.d.s.w.r.o.CachingOperationNameGenerator -
				Generating unique operation named: downloadFileUsingGET_16
2025-02-19 00:37:20 [restartedMain] INFO  s.d.s.w.r.o.CachingOperationNameGenerator -
				Generating unique operation named: fetchEducationDetailsUsingGET_1
2025-02-19 00:37:20 [restartedMain] INFO  s.d.s.w.r.o.CachingOperationNameGenerator -
				Generating unique operation named: getUsingGET_317
2025-02-19 00:37:20 [restartedMain] INFO  s.d.s.w.r.o.CachingOperationNameGenerator -
				Generating unique operation named: getEmployeeIDsAttachmentByEmpIdUsingGET_2
2025-02-19 00:37:20 [restartedMain] INFO  s.d.s.w.r.o.CachingOperationNameGenerator -
				Generating unique operation named: listAllUsingGET_262
2025-02-19 00:37:20 [restartedMain] INFO  s.d.s.w.r.o.CachingOperationNameGenerator -
				Generating unique operation named: newsaveEducationDetailsUsingPOST_1
2025-02-19 00:37:20 [restartedMain] INFO  s.d.s.w.r.o.CachingOperationNameGenerator -
				Generating unique operation named: saveEducationDetailsUsingPOST_1
2025-02-19 00:37:20 [restartedMain] INFO  s.d.s.w.r.o.CachingOperationNameGenerator -
				Generating unique operation named: updateUsingPUT_289
2025-02-19 00:37:20 [restartedMain] INFO  s.d.s.w.r.o.CachingOperationNameGenerator -
				Generating unique operation named: uploadCandidateAttachmentUsingPOST_3
2025-02-19 00:37:20 [restartedMain] INFO  s.d.s.w.r.o.CachingOperationNameGenerator -
				Generating unique operation named: EmployeeDetailsForBudgetExpenseUsingGET_1
2025-02-19 00:37:20 [restartedMain] INFO  s.d.s.w.r.o.CachingOperationNameGenerator -
				Generating unique operation named: EmployeeKeySkillsUsingPUT_1
2025-02-19 00:37:20 [restartedMain] INFO  s.d.s.w.r.o.CachingOperationNameGenerator -
				Generating unique operation named: assignWlToEmpIdUsingPOST_1
2025-02-19 00:37:20 [restartedMain] INFO  s.d.s.w.r.o.CachingOperationNameGenerator -
				Generating unique operation named: calculateEmployeeSalaryTriggerUsingPOST_1
2025-02-19 00:37:20 [restartedMain] INFO  s.d.s.w.r.o.CachingOperationNameGenerator -
				Generating unique operation named: calculateMasterSalaryTriggerUsingPOST_1
2025-02-19 00:37:20 [restartedMain] INFO  s.d.s.w.r.o.CachingOperationNameGenerator -
				Generating unique operation named: deactivateEmployeeDetailsUsingDELETE_1
2025-02-19 00:37:20 [restartedMain] INFO  s.d.s.w.r.o.CachingOperationNameGenerator -
				Generating unique operation named: deleteUsingDELETE_213
2025-02-19 00:37:20 [restartedMain] INFO  s.d.s.w.r.o.CachingOperationNameGenerator -
				Generating unique operation named: downloadFileUsingGET_17
2025-02-19 00:37:20 [restartedMain] INFO  s.d.s.w.r.o.CachingOperationNameGenerator -
				Generating unique operation named: downloadImageFileUsingGET_4
2025-02-19 00:37:20 [restartedMain] INFO  s.d.s.w.r.o.CachingOperationNameGenerator -
				Generating unique operation named: emailToPrincipalAndTeamUsingPOST_1
2025-02-19 00:37:20 [restartedMain] INFO  s.d.s.w.r.o.CachingOperationNameGenerator -
				Generating unique operation named: emailToReportingOfficerAndNewEmployeeUsingPOST_1
2025-02-19 00:37:20 [restartedMain] INFO  s.d.s.w.r.o.CachingOperationNameGenerator -
				Generating unique operation named: emailToStaffsRegardingNewRecruitUsingPOST_1
2025-02-19 00:37:20 [restartedMain] INFO  s.d.s.w.r.o.CachingOperationNameGenerator -
				Generating unique operation named: employeeDetailsForProctorUsingGET_1
2025-02-19 00:37:20 [restartedMain] INFO  s.d.s.w.r.o.CachingOperationNameGenerator -
				Generating unique operation named: employeeDetailsForTimeTableViewUsingGET_1
2025-02-19 00:37:20 [restartedMain] INFO  s.d.s.w.r.o.CachingOperationNameGenerator -
				Generating unique operation named: employeeLeavePatternTriggerUsingPOST_1
2025-02-19 00:37:20 [restartedMain] INFO  s.d.s.w.r.o.CachingOperationNameGenerator -
				Generating unique operation named: employeeLeaveTriggerForRejoinedEmployeesUsingPOST_1
2025-02-19 00:37:20 [restartedMain] INFO  s.d.s.w.r.o.CachingOperationNameGenerator -
				Generating unique operation named: employeePermanentFileUploadUsingPOST_1
2025-02-19 00:37:20 [restartedMain] INFO  s.d.s.w.r.o.CachingOperationNameGenerator -
				Generating unique operation named: employeePermanentFileViewsUsingGET_1
2025-02-19 00:37:20 [restartedMain] INFO  s.d.s.w.r.o.CachingOperationNameGenerator -
				Generating unique operation named: fetchAllEmployeeDetailsBasedOnProctorUsingGET_1
2025-02-19 00:37:20 [restartedMain] INFO  s.d.s.w.r.o.CachingOperationNameGenerator -
				Generating unique operation named: fetchAllEmployeeDetailsBasedOnUserIdUsingGET_1
2025-02-19 00:37:20 [restartedMain] INFO  s.d.s.w.r.o.CachingOperationNameGenerator -
				Generating unique operation named: fetchAllInActiveEmployeeDetailsUsingGET_1
2025-02-19 00:37:20 [restartedMain] INFO  s.d.s.w.r.o.CachingOperationNameGenerator -
				Generating unique operation named: fetchAllLeaveApplyDetailByApproverIdUsingGET_1
2025-02-19 00:37:20 [restartedMain] INFO  s.d.s.w.r.o.CachingOperationNameGenerator -
				Generating unique operation named: fetchAllNewJoineeDetailsDataUsingGET_1
2025-02-19 00:37:20 [restartedMain] INFO  s.d.s.w.r.o.CachingOperationNameGenerator -
				Generating unique operation named: getUsingGET_318
2025-02-19 00:37:20 [restartedMain] INFO  s.d.s.w.r.o.CachingOperationNameGenerator -
				Generating unique operation named: getAllActiveEmployeeDetailsUsingGET_1
2025-02-19 00:37:20 [restartedMain] INFO  s.d.s.w.r.o.CachingOperationNameGenerator -
				Generating unique operation named: getAllActiveEmployeeDetailsWithUserIdUsingGET_1
2025-02-19 00:37:20 [restartedMain] INFO  s.d.s.w.r.o.CachingOperationNameGenerator -
				Generating unique operation named: getAllDeptUsingGET_25
2025-02-19 00:37:20 [restartedMain] INFO  s.d.s.w.r.o.CachingOperationNameGenerator -
				Generating unique operation named: getAllEmployeeDetailsUsingGET_1
2025-02-19 00:37:20 [restartedMain] INFO  s.d.s.w.r.o.CachingOperationNameGenerator -
				Generating unique operation named: getAttendanceOfEmployeeByEmployeeIdUsingGET_1
2025-02-19 00:37:20 [restartedMain] INFO  s.d.s.w.r.o.CachingOperationNameGenerator -
				Generating unique operation named: getCountOfAgeGroupBasedOnHoiUsingGET_1
2025-02-19 00:37:20 [restartedMain] INFO  s.d.s.w.r.o.CachingOperationNameGenerator -
				Generating unique operation named: getCountOfDateOfJoiningMonthWiseBasedOnHoiUsingGET_1
2025-02-19 00:37:20 [restartedMain] INFO  s.d.s.w.r.o.CachingOperationNameGenerator -
				Generating unique operation named: getCountOfDeptBasedOnHoiUsingGET_1
2025-02-19 00:37:20 [restartedMain] INFO  s.d.s.w.r.o.CachingOperationNameGenerator -
				Generating unique operation named: getCountOfDesignationBasedOnHoiUsingGET_1
2025-02-19 00:37:20 [restartedMain] INFO  s.d.s.w.r.o.CachingOperationNameGenerator -
				Generating unique operation named: getCountOfEmployeeAndStrudentUsingGET_1
2025-02-19 00:37:20 [restartedMain] INFO  s.d.s.w.r.o.CachingOperationNameGenerator -
				Generating unique operation named: getCountOfEmployeeAndStrudentBasedOnHoiUsingGET_1
2025-02-19 00:37:20 [restartedMain] INFO  s.d.s.w.r.o.CachingOperationNameGenerator -
				Generating unique operation named: getCountOfGenderBasedOnHoiUsingGET_1
2025-02-19 00:37:20 [restartedMain] INFO  s.d.s.w.r.o.CachingOperationNameGenerator -
				Generating unique operation named: getCountOfJobTypeBasedOnHoiUsingGET_1
2025-02-19 00:37:20 [restartedMain] INFO  s.d.s.w.r.o.CachingOperationNameGenerator -
				Generating unique operation named: getDeptAndDesignationBasedOnEmpIdsUsingGET_1
2025-02-19 00:37:20 [restartedMain] INFO  s.d.s.w.r.o.CachingOperationNameGenerator -
				Generating unique operation named: getDeptIdAndSchoolIdBasedOnUserUsingGET_1
2025-02-19 00:37:20 [restartedMain] INFO  s.d.s.w.r.o.CachingOperationNameGenerator -
				Generating unique operation named: getEmailUsingGET_1
2025-02-19 00:37:20 [restartedMain] INFO  s.d.s.w.r.o.CachingOperationNameGenerator -
				Generating unique operation named: getEmpDetailsBasedOnApproverUsingGET_1
2025-02-19 00:37:20 [restartedMain] INFO  s.d.s.w.r.o.CachingOperationNameGenerator -
				Generating unique operation named: getEmpLeaveApproverBasedOnUserIdUsingGET_1
2025-02-19 00:37:20 [restartedMain] INFO  s.d.s.w.r.o.CachingOperationNameGenerator -
				Generating unique operation named: getEmployeeByIdUsingGET_1
2025-02-19 00:37:20 [restartedMain] INFO  s.d.s.w.r.o.CachingOperationNameGenerator -
				Generating unique operation named: getEmployeeContractssAttachmentByIdUsingGET_1
2025-02-19 00:37:20 [restartedMain] INFO  s.d.s.w.r.o.CachingOperationNameGenerator -
				Generating unique operation named: getEmployeeDataByUserIDUsingGET_1
2025-02-19 00:37:20 [restartedMain] INFO  s.d.s.w.r.o.CachingOperationNameGenerator -
				Generating unique operation named: getEmployeeDataForIdCardUsingGET_1
2025-02-19 00:37:20 [restartedMain] INFO  s.d.s.w.r.o.CachingOperationNameGenerator -
				Generating unique operation named: getEmployeeDetailsBasedOnProctorUsingGET_1
2025-02-19 00:37:20 [restartedMain] INFO  s.d.s.w.r.o.CachingOperationNameGenerator -
				Generating unique operation named: getEmployeeDetailsBasedOnUserIDUsingGET_1
2025-02-19 00:37:20 [restartedMain] INFO  s.d.s.w.r.o.CachingOperationNameGenerator -
				Generating unique operation named: getEmployeeDetailsByJobIdUsingGET_1
2025-02-19 00:37:20 [restartedMain] INFO  s.d.s.w.r.o.CachingOperationNameGenerator -
				Generating unique operation named: getEmployeeDetailsByUserIDUsingGET_1
2025-02-19 00:37:20 [restartedMain] INFO  s.d.s.w.r.o.CachingOperationNameGenerator -
				Generating unique operation named: getEmployeeDetailsDataUsingGET_2
2025-02-19 00:37:20 [restartedMain] INFO  s.d.s.w.r.o.CachingOperationNameGenerator -
				Generating unique operation named: getEmployeeDetailsDataUsingGET_3
2025-02-19 00:37:20 [restartedMain] INFO  s.d.s.w.r.o.CachingOperationNameGenerator -
				Generating unique operation named: getEmployeeDetailsDataBasedOnEmpIdUsingGET_1
2025-02-19 00:37:20 [restartedMain] INFO  s.d.s.w.r.o.CachingOperationNameGenerator -
				Generating unique operation named: getEmployeeDetailsDataBasedOnReportIdUsingGET_1
2025-02-19 00:37:20 [restartedMain] INFO  s.d.s.w.r.o.CachingOperationNameGenerator -
				Generating unique operation named: getEmployeeDetailsDetailsDataBasedOnEmpIdUsingGET_1
2025-02-19 00:37:20 [restartedMain] INFO  s.d.s.w.r.o.CachingOperationNameGenerator -
				Generating unique operation named: getEmployeeDetailsForFeedbackReportingUsingGET_1
2025-02-19 00:37:20 [restartedMain] INFO  s.d.s.w.r.o.CachingOperationNameGenerator -
				Generating unique operation named: getEmployeeDetailsForReportingUsingGET_1
2025-02-19 00:37:20 [restartedMain] INFO  s.d.s.w.r.o.CachingOperationNameGenerator -
				Generating unique operation named: getEmployeeDetailsForReportingByIdUsingGET_1
2025-02-19 00:37:20 [restartedMain] INFO  s.d.s.w.r.o.CachingOperationNameGenerator -
				Generating unique operation named: getEmployeeIDsAttachmentByEmpIdUsingGET_3
2025-02-19 00:37:20 [restartedMain] INFO  s.d.s.w.r.o.CachingOperationNameGenerator -
				Generating unique operation named: getEmployeeMasterSalaryUsingGET_1
2025-02-19 00:37:20 [restartedMain] INFO  s.d.s.w.r.o.CachingOperationNameGenerator -
				Generating unique operation named: getEmployeeMasterSalaryByIdUsingGET_1
2025-02-19 00:37:20 [restartedMain] INFO  s.d.s.w.r.o.CachingOperationNameGenerator -
				Generating unique operation named: getEmployeeNameConcateWithEmployeeCodeAndDeptUsingGET_1
2025-02-19 00:37:20 [restartedMain] INFO  s.d.s.w.r.o.CachingOperationNameGenerator -
				Generating unique operation named: getEmployeePayHistoryUsingGET_1
2025-02-19 00:37:20 [restartedMain] INFO  s.d.s.w.r.o.CachingOperationNameGenerator -
				Generating unique operation named: getEmployeeWorkExperienceFileByIdUsingGET_1
2025-02-19 00:37:20 [restartedMain] INFO  s.d.s.w.r.o.CachingOperationNameGenerator -
				Generating unique operation named: getEmployeesUnderDepartmentUsingGET_1
2025-02-19 00:37:20 [restartedMain] INFO  s.d.s.w.r.o.CachingOperationNameGenerator -
				Generating unique operation named: getHodStudentCountUsingGET_1
2025-02-19 00:37:20 [restartedMain] INFO  s.d.s.w.r.o.CachingOperationNameGenerator -
				Generating unique operation named: getHoiStudentCountUsingGET_1
2025-02-19 00:37:20 [restartedMain] INFO  s.d.s.w.r.o.CachingOperationNameGenerator -
				Generating unique operation named: getInvPayDataUsingGET_1
2025-02-19 00:37:20 [restartedMain] INFO  s.d.s.w.r.o.CachingOperationNameGenerator -
				Generating unique operation named: getNewJoineeDetailsByEmpIDUsingGET_1
2025-02-19 00:37:20 [restartedMain] INFO  s.d.s.w.r.o.CachingOperationNameGenerator -
				Generating unique operation named: getPaySlipDetailsUsingGET_1
2025-02-19 00:37:20 [restartedMain] INFO  s.d.s.w.r.o.CachingOperationNameGenerator -
				Generating unique operation named: getProctorDetailUsingGET_1
2025-02-19 00:37:20 [restartedMain] INFO  s.d.s.w.r.o.CachingOperationNameGenerator -
				Generating unique operation named: getRolesByEmployeeEmailUsingGET_1
2025-02-19 00:37:20 [restartedMain] INFO  s.d.s.w.r.o.CachingOperationNameGenerator -
				Generating unique operation named: getSchoolDetailsBasedOnEmpIdUsingGET_1
2025-02-19 00:37:20 [restartedMain] INFO  s.d.s.w.r.o.CachingOperationNameGenerator -
				Generating unique operation named: getStaffDetailsDataUsingGET_1
2025-02-19 00:37:20 [restartedMain] INFO  s.d.s.w.r.o.CachingOperationNameGenerator -
				Generating unique operation named: getTdsListUsingGET_1
2025-02-19 00:37:20 [restartedMain] INFO  s.d.s.w.r.o.CachingOperationNameGenerator -
				Generating unique operation named: getWorkingDaysUsingPOST_1
2025-02-19 00:37:20 [restartedMain] INFO  s.d.s.w.r.o.CachingOperationNameGenerator -
				Generating unique operation named: getcountOfDesignationBasedOnHodUsingGET_1
2025-02-19 00:37:20 [restartedMain] INFO  s.d.s.w.r.o.CachingOperationNameGenerator -
				Generating unique operation named: listAllUsingGET_263
2025-02-19 00:37:20 [restartedMain] INFO  s.d.s.w.r.o.CachingOperationNameGenerator -
				Generating unique operation named: makeEmployeePermanentUsingPOST_1
2025-02-19 00:37:20 [restartedMain] INFO  s.d.s.w.r.o.CachingOperationNameGenerator -
				Generating unique operation named: rejoinEmployeeDetailsUsingPOST_1
2025-02-19 00:37:20 [restartedMain] INFO  s.d.s.w.r.o.CachingOperationNameGenerator -
				Generating unique operation named: saveEmployeeDetailUsingPOST_1
2025-02-19 00:37:20 [restartedMain] INFO  s.d.s.w.r.o.CachingOperationNameGenerator -
				Generating unique operation named: saveEmployeeDetailsUsingPOST_1
2025-02-19 00:37:20 [restartedMain] INFO  s.d.s.w.r.o.CachingOperationNameGenerator -
				Generating unique operation named: saveEmployeeDetailsUsingGET_1
2025-02-19 00:37:20 [restartedMain] INFO  s.d.s.w.r.o.CachingOperationNameGenerator -
				Generating unique operation named: saveEmployeeDetailssssUsingGET_1
2025-02-19 00:37:20 [restartedMain] INFO  s.d.s.w.r.o.CachingOperationNameGenerator -
				Generating unique operation named: saveEmployeeNameUsingGET_1
2025-02-19 00:37:20 [restartedMain] INFO  s.d.s.w.r.o.CachingOperationNameGenerator -
				Generating unique operation named: saveEmployeeNamesUsingGET_1
2025-02-19 00:37:20 [restartedMain] INFO  s.d.s.w.r.o.CachingOperationNameGenerator -
				Generating unique operation named: saveInvPayDetailsUsingPOST_1
2025-02-19 00:37:20 [restartedMain] INFO  s.d.s.w.r.o.CachingOperationNameGenerator -
				Generating unique operation named: saveTdsUsingPOST_1
2025-02-19 00:37:20 [restartedMain] INFO  s.d.s.w.r.o.CachingOperationNameGenerator -
				Generating unique operation named: updateUsingPUT_290
2025-02-19 00:37:20 [restartedMain] INFO  s.d.s.w.r.o.CachingOperationNameGenerator -
				Generating unique operation named: updateUsingPUT_291
2025-02-19 00:37:20 [restartedMain] INFO  s.d.s.w.r.o.CachingOperationNameGenerator -
				Generating unique operation named: updateUsingDELETE_1
2025-02-19 00:37:20 [restartedMain] INFO  s.d.s.w.r.o.CachingOperationNameGenerator -
				Generating unique operation named: updateContractEmpCodeOfEmployeeUsingPUT_1
2025-02-19 00:37:20 [restartedMain] INFO  s.d.s.w.r.o.CachingOperationNameGenerator -
				Generating unique operation named: updateEmployeeByIdUsingPUT_1
2025-02-19 00:37:20 [restartedMain] INFO  s.d.s.w.r.o.CachingOperationNameGenerator -
				Generating unique operation named: updateEmployeeDetailsAfterRejoinUsingPUT_1
2025-02-19 00:37:20 [restartedMain] INFO  s.d.s.w.r.o.CachingOperationNameGenerator -
				Generating unique operation named: updateEmployeeDetailsDataUsingPUT_1
2025-02-19 00:37:20 [restartedMain] INFO  s.d.s.w.r.o.CachingOperationNameGenerator -
				Generating unique operation named: updateEmployeeDetailsUpdatableDataUsingPUT_1
2025-02-19 00:37:20 [restartedMain] INFO  s.d.s.w.r.o.CachingOperationNameGenerator -
				Generating unique operation named: updateEmployeeMedicalHistoryUsingPUT_1
2025-02-19 00:37:20 [restartedMain] INFO  s.d.s.w.r.o.CachingOperationNameGenerator -
				Generating unique operation named: updateJobTypeOfEmployeeUsingPUT_1
2025-02-19 00:37:20 [restartedMain] INFO  s.d.s.w.r.o.CachingOperationNameGenerator -
				Generating unique operation named: updateNewJoineeDetailsUsingPUT_1
2025-02-19 00:37:20 [restartedMain] INFO  s.d.s.w.r.o.CachingOperationNameGenerator -
				Generating unique operation named: updateProctorHeadUsingPUT_1
2025-02-19 00:37:20 [restartedMain] INFO  s.d.s.w.r.o.CachingOperationNameGenerator -
				Generating unique operation named: uploadCandidateAttachmentUsingPOST_4
2025-02-19 00:37:20 [restartedMain] INFO  s.d.s.w.r.o.CachingOperationNameGenerator -
				Generating unique operation named: uploadEmployeeContractsAttachmentUsingPOST_1
2025-02-19 00:37:20 [restartedMain] INFO  s.d.s.w.r.o.CachingOperationNameGenerator -
				Generating unique operation named: uploadFileUsingPOST_38
2025-02-19 00:37:20 [restartedMain] INFO  s.d.s.w.r.o.CachingOperationNameGenerator -
				Generating unique operation named: uploadFile2UsingPOST_2
2025-02-19 00:37:20 [restartedMain] INFO  s.d.s.w.r.o.CachingOperationNameGenerator -
				Generating unique operation named: uploadImageFileUsingPOST_1
2025-02-19 00:37:20 [restartedMain] INFO  s.d.s.w.r.o.CachingOperationNameGenerator -
				Generating unique operation named: uploadInvPayFileUsingPOST_1
2025-02-19 00:37:20 [restartedMain] INFO  s.d.s.w.r.o.CachingOperationNameGenerator -
				Generating unique operation named: uploadTdsDeductionFileUsingPOST_1
2025-02-19 00:37:20 [restartedMain] INFO  s.d.s.w.r.o.CachingOperationNameGenerator -
				Generating unique operation named: activateUsingDELETE_102
2025-02-19 00:37:20 [restartedMain] INFO  s.d.s.w.r.o.CachingOperationNameGenerator -
				Generating unique operation named: deactivateUsingDELETE_102
2025-02-19 00:37:20 [restartedMain] INFO  s.d.s.w.r.o.CachingOperationNameGenerator -
				Generating unique operation named: employeeDetailsHistoryOnEmpIdUsingGET_1
2025-02-19 00:37:20 [restartedMain] INFO  s.d.s.w.r.o.CachingOperationNameGenerator -
				Generating unique operation named: getUsingGET_319
2025-02-19 00:37:20 [restartedMain] INFO  s.d.s.w.r.o.CachingOperationNameGenerator -
				Generating unique operation named: getAllBankImportTransactionUsingGET_3
2025-02-19 00:37:20 [restartedMain] INFO  s.d.s.w.r.o.CachingOperationNameGenerator -
				Generating unique operation named: getAllBankImportTransactionUsingGET_4
2025-02-19 00:37:20 [restartedMain] INFO  s.d.s.w.r.o.CachingOperationNameGenerator -
				Generating unique operation named: listAllUsingGET_264
2025-02-19 00:37:20 [restartedMain] INFO  s.d.s.w.r.o.CachingOperationNameGenerator -
				Generating unique operation named: saveEmployeeDetailsHistoryUsingPOST_1
2025-02-19 00:37:20 [restartedMain] INFO  s.d.s.w.r.o.CachingOperationNameGenerator -
				Generating unique operation named: getEmployeeDetailsForReportONGenderUsingGET_1
2025-02-19 00:37:20 [restartedMain] INFO  s.d.s.w.r.o.CachingOperationNameGenerator -
				Generating unique operation named: getEmployeeDetailsForReportOnDateOfBirthUsingGET_1
2025-02-19 00:37:20 [restartedMain] INFO  s.d.s.w.r.o.CachingOperationNameGenerator -
				Generating unique operation named: getEmployeeDetailsForReportOnDepartmentUsingGET_1
2025-02-19 00:37:20 [restartedMain] INFO  s.d.s.w.r.o.CachingOperationNameGenerator -
				Generating unique operation named: getEmployeeDetailsForReportOnDesignationUsingGET_1
2025-02-19 00:37:20 [restartedMain] INFO  s.d.s.w.r.o.CachingOperationNameGenerator -
				Generating unique operation named: getEmployeeDetailsForReportOnEmployeeTypeUsingGET_1
2025-02-19 00:37:20 [restartedMain] INFO  s.d.s.w.r.o.CachingOperationNameGenerator -
				Generating unique operation named: getEmployeeDetailsForReportOnExperienceInMonthUsingGET_1
2025-02-19 00:37:20 [restartedMain] INFO  s.d.s.w.r.o.CachingOperationNameGenerator -
				Generating unique operation named: getEmployeeDetailsForReportOnExperienceInYearUsingGET_1
2025-02-19 00:37:20 [restartedMain] INFO  s.d.s.w.r.o.CachingOperationNameGenerator -
				Generating unique operation named: getEmployeeDetailsForReportOnJobTypeUsingGET_1
2025-02-19 00:37:20 [restartedMain] INFO  s.d.s.w.r.o.CachingOperationNameGenerator -
				Generating unique operation named: getEmployeeDetailsForReportOnJoiningDateUsingGET_1
2025-02-19 00:37:20 [restartedMain] INFO  s.d.s.w.r.o.CachingOperationNameGenerator -
				Generating unique operation named: getEmployeeDetailsForReportOnMaritalStatusUsingGET_1
2025-02-19 00:37:20 [restartedMain] INFO  s.d.s.w.r.o.CachingOperationNameGenerator -
				Generating unique operation named: getEmployeeDetailsForReportOnMonthWiseOfJoiningDateAndRelievingDataUsingGET_1
2025-02-19 00:37:20 [restartedMain] INFO  s.d.s.w.r.o.CachingOperationNameGenerator -
				Generating unique operation named: getEmployeeDetailsForReportOnMonthWiseOfJoiningYearUsingGET_1
2025-02-19 00:37:20 [restartedMain] INFO  s.d.s.w.r.o.CachingOperationNameGenerator -
				Generating unique operation named: getEmployeeDetailsForReportOnMonthWiseOfJoiningYearInactiveDataUsingGET_1
2025-02-19 00:37:20 [restartedMain] INFO  s.d.s.w.r.o.CachingOperationNameGenerator -
				Generating unique operation named: getEmployeeDetailsForReportOnMonthWiseOfJoiningYearOnSchoolUsingGET_1
2025-02-19 00:37:20 [restartedMain] INFO  s.d.s.w.r.o.CachingOperationNameGenerator -
				Generating unique operation named: getEmployeeDetailsForReportOnSchoolsUsingGET_1
2025-02-19 00:37:20 [restartedMain] INFO  s.d.s.w.r.o.CachingOperationNameGenerator -
				Generating unique operation named: getEmployeeDetailsForReportOnShiftUsingGET_1
2025-02-19 00:37:20 [restartedMain] INFO  s.d.s.w.r.o.CachingOperationNameGenerator -
				Generating unique operation named: getEmployeeRelievingReportDataOnMonthWiseUsingGET_1
2025-02-19 00:37:20 [restartedMain] INFO  s.d.s.w.r.o.CachingOperationNameGenerator -
				Generating unique operation named: getEmployeeRelievingReportDataOnMonthWiseInactiveDataUsingGET_1
2025-02-19 00:37:20 [restartedMain] INFO  s.d.s.w.r.o.CachingOperationNameGenerator -
				Generating unique operation named: deleteUsingDELETE_214
2025-02-19 00:37:20 [restartedMain] INFO  s.d.s.w.r.o.CachingOperationNameGenerator -
				Generating unique operation named: delete1UsingDELETE_171
2025-02-19 00:37:20 [restartedMain] INFO  s.d.s.w.r.o.CachingOperationNameGenerator -
				Generating unique operation named: getUsingGET_320
2025-02-19 00:37:20 [restartedMain] INFO  s.d.s.w.r.o.CachingOperationNameGenerator -
				Generating unique operation named: listAllUsingGET_265
2025-02-19 00:37:20 [restartedMain] INFO  s.d.s.w.r.o.CachingOperationNameGenerator -
				Generating unique operation named: listAll1UsingGET_128
2025-02-19 00:37:20 [restartedMain] INFO  s.d.s.w.r.o.CachingOperationNameGenerator -
				Generating unique operation named: listAllAnswersUsingGET_1
2025-02-19 00:37:20 [restartedMain] INFO  s.d.s.w.r.o.CachingOperationNameGenerator -
				Generating unique operation named: saveFeedbackQuestionsUsingPOST_3
2025-02-19 00:37:20 [restartedMain] INFO  s.d.s.w.r.o.CachingOperationNameGenerator -
				Generating unique operation named: updateUsingPUT_292
2025-02-19 00:37:20 [restartedMain] INFO  s.d.s.w.r.o.CachingOperationNameGenerator -
				Generating unique operation named: activateUsingDELETE_103
2025-02-19 00:37:20 [restartedMain] INFO  s.d.s.w.r.o.CachingOperationNameGenerator -
				Generating unique operation named: deactivateUsingDELETE_103
2025-02-19 00:37:20 [restartedMain] INFO  s.d.s.w.r.o.CachingOperationNameGenerator -
				Generating unique operation named: getUsingGET_321
2025-02-19 00:37:20 [restartedMain] INFO  s.d.s.w.r.o.CachingOperationNameGenerator -
				Generating unique operation named: getAllDeptUsingGET_26
2025-02-19 00:37:20 [restartedMain] INFO  s.d.s.w.r.o.CachingOperationNameGenerator -
				Generating unique operation named: listAllUsingGET_266
2025-02-19 00:37:20 [restartedMain] INFO  s.d.s.w.r.o.CachingOperationNameGenerator -
				Generating unique operation named: listAllDataUsingGET_1
2025-02-19 00:37:20 [restartedMain] INFO  s.d.s.w.r.o.CachingOperationNameGenerator -
				Generating unique operation named: saveDeptUsingPOST_6
2025-02-19 00:37:20 [restartedMain] INFO  s.d.s.w.r.o.CachingOperationNameGenerator -
				Generating unique operation named: updateUsingPUT_293
2025-02-19 00:37:20 [restartedMain] INFO  s.d.s.w.r.o.CachingOperationNameGenerator -
				Generating unique operation named: employeeDuplicateIdCardCreationWithHistoryUsingPOST_1
2025-02-19 00:37:20 [restartedMain] INFO  s.d.s.w.r.o.CachingOperationNameGenerator -
				Generating unique operation named: employeeIdCardCreationWithHistoryUsingPOST_1
2025-02-19 00:37:20 [restartedMain] INFO  s.d.s.w.r.o.CachingOperationNameGenerator -
				Generating unique operation named: employeeIdCardHistoryDetailsUsingGET_1
2025-02-19 00:37:20 [restartedMain] INFO  s.d.s.w.r.o.CachingOperationNameGenerator -
				Generating unique operation named: deleteUsingDELETE_215
2025-02-19 00:37:20 [restartedMain] INFO  s.d.s.w.r.o.CachingOperationNameGenerator -
				Generating unique operation named: delete1UsingDELETE_172
2025-02-19 00:37:20 [restartedMain] INFO  s.d.s.w.r.o.CachingOperationNameGenerator -
				Generating unique operation named: getUsingGET_322
2025-02-19 00:37:20 [restartedMain] INFO  s.d.s.w.r.o.CachingOperationNameGenerator -
				Generating unique operation named: getAllDeptUsingGET_27
2025-02-19 00:37:20 [restartedMain] INFO  s.d.s.w.r.o.CachingOperationNameGenerator -
				Generating unique operation named: listAllUsingGET_267
2025-02-19 00:37:20 [restartedMain] INFO  s.d.s.w.r.o.CachingOperationNameGenerator -
				Generating unique operation named: saveSubjectTypeUsingPOST_31
2025-02-19 00:37:20 [restartedMain] INFO  s.d.s.w.r.o.CachingOperationNameGenerator -
				Generating unique operation named: updateUsingPUT_294
2025-02-19 00:37:20 [restartedMain] INFO  s.d.s.w.r.o.CachingOperationNameGenerator -
				Generating unique operation named: createExperienceDetailsUsingPOST_1
2025-02-19 00:37:20 [restartedMain] INFO  s.d.s.w.r.o.CachingOperationNameGenerator -
				Generating unique operation named: deleteUsingDELETE_216
2025-02-19 00:37:20 [restartedMain] INFO  s.d.s.w.r.o.CachingOperationNameGenerator -
				Generating unique operation named: fetchExperienceDetailsUsingGET_1
2025-02-19 00:37:20 [restartedMain] INFO  s.d.s.w.r.o.CachingOperationNameGenerator -
				Generating unique operation named: getUsingGET_323
2025-02-19 00:37:20 [restartedMain] INFO  s.d.s.w.r.o.CachingOperationNameGenerator -
				Generating unique operation named: listAllUsingGET_268
2025-02-19 00:37:20 [restartedMain] INFO  s.d.s.w.r.o.CachingOperationNameGenerator -
				Generating unique operation named: saveExperienceDetailsUsingPOST_1
2025-02-19 00:37:20 [restartedMain] INFO  s.d.s.w.r.o.CachingOperationNameGenerator -
				Generating unique operation named: updateUsingPUT_295
2025-02-19 00:37:20 [restartedMain] INFO  s.d.s.w.r.o.CachingOperationNameGenerator -
				Generating unique operation named: updateUsingPUT_296
2025-02-19 00:37:20 [restartedMain] INFO  s.d.s.w.r.o.CachingOperationNameGenerator -
				Generating unique operation named: activateUsingDELETE_104
2025-02-19 00:37:20 [restartedMain] INFO  s.d.s.w.r.o.CachingOperationNameGenerator -
				Generating unique operation named: deactivateUsingDELETE_104
2025-02-19 00:37:20 [restartedMain] INFO  s.d.s.w.r.o.CachingOperationNameGenerator -
				Generating unique operation named: getUsingGET_324
2025-02-19 00:37:20 [restartedMain] INFO  s.d.s.w.r.o.CachingOperationNameGenerator -
				Generating unique operation named: getAllDeptUsingGET_28
2025-02-19 00:37:20 [restartedMain] INFO  s.d.s.w.r.o.CachingOperationNameGenerator -
				Generating unique operation named: getFamilyStructureDetailsDataUsingGET_1
2025-02-19 00:37:20 [restartedMain] INFO  s.d.s.w.r.o.CachingOperationNameGenerator -
				Generating unique operation named: listAllUsingGET_269
2025-02-19 00:37:20 [restartedMain] INFO  s.d.s.w.r.o.CachingOperationNameGenerator -
				Generating unique operation named: saveRolesUsingPOST_2
2025-02-19 00:37:20 [restartedMain] INFO  s.d.s.w.r.o.CachingOperationNameGenerator -
				Generating unique operation named: updateUsingPUT_297
2025-02-19 00:37:20 [restartedMain] INFO  s.d.s.w.r.o.CachingOperationNameGenerator -
				Generating unique operation named: FarmFacultyServiceUploadFileUsingPOST_1
2025-02-19 00:37:20 [restartedMain] INFO  s.d.s.w.r.o.CachingOperationNameGenerator -
				Generating unique operation named: activateUsingDELETE_105
2025-02-19 00:37:20 [restartedMain] INFO  s.d.s.w.r.o.CachingOperationNameGenerator -
				Generating unique operation named: createFarmFacultyServiceUsingPOST_1
2025-02-19 00:37:20 [restartedMain] INFO  s.d.s.w.r.o.CachingOperationNameGenerator -
				Generating unique operation named: deactivateUsingDELETE_105
2025-02-19 00:37:20 [restartedMain] INFO  s.d.s.w.r.o.CachingOperationNameGenerator -
				Generating unique operation named: fetchAllFarmFacultyServiceUsingGET_1
2025-02-19 00:37:20 [restartedMain] INFO  s.d.s.w.r.o.CachingOperationNameGenerator -
				Generating unique operation named: getUsingGET_325
2025-02-19 00:37:20 [restartedMain] INFO  s.d.s.w.r.o.CachingOperationNameGenerator -
				Generating unique operation named: listAllUsingGET_270
2025-02-19 00:37:20 [restartedMain] INFO  s.d.s.w.r.o.CachingOperationNameGenerator -
				Generating unique operation named: updateUsingPUT_298
2025-02-19 00:37:20 [restartedMain] INFO  s.d.s.w.r.o.CachingOperationNameGenerator -
				Generating unique operation named: viewFilesUsingGET_34
2025-02-19 00:37:20 [restartedMain] INFO  s.d.s.w.r.o.CachingOperationNameGenerator -
				Generating unique operation named: activateUsingDELETE_106
2025-02-19 00:37:20 [restartedMain] INFO  s.d.s.w.r.o.CachingOperationNameGenerator -
				Generating unique operation named: createFarmLocksUsingPOST_1
2025-02-19 00:37:20 [restartedMain] INFO  s.d.s.w.r.o.CachingOperationNameGenerator -
				Generating unique operation named: deactivateUsingDELETE_106
2025-02-19 00:37:20 [restartedMain] INFO  s.d.s.w.r.o.CachingOperationNameGenerator -
				Generating unique operation named: fetchAllFarmLocksUsingGET_1
2025-02-19 00:37:20 [restartedMain] INFO  s.d.s.w.r.o.CachingOperationNameGenerator -
				Generating unique operation named: getUsingGET_326
2025-02-19 00:37:20 [restartedMain] INFO  s.d.s.w.r.o.CachingOperationNameGenerator -
				Generating unique operation named: listAllUsingGET_271
2025-02-19 00:37:20 [restartedMain] INFO  s.d.s.w.r.o.CachingOperationNameGenerator -
				Generating unique operation named: updateUsingPUT_299
2025-02-19 00:37:20 [restartedMain] INFO  s.d.s.w.r.o.CachingOperationNameGenerator -
				Generating unique operation named: activateUsingDELETE_107
2025-02-19 00:37:20 [restartedMain] INFO  s.d.s.w.r.o.CachingOperationNameGenerator -
				Generating unique operation named: createFarmOtherPertinentActivitiesUsingPOST_1
2025-02-19 00:37:20 [restartedMain] INFO  s.d.s.w.r.o.CachingOperationNameGenerator -
				Generating unique operation named: deactivateUsingDELETE_107
2025-02-19 00:37:20 [restartedMain] INFO  s.d.s.w.r.o.CachingOperationNameGenerator -
				Generating unique operation named: farmOtherPertinentActivitiesUploadFileUsingPOST_1
2025-02-19 00:37:20 [restartedMain] INFO  s.d.s.w.r.o.CachingOperationNameGenerator -
				Generating unique operation named: fetchAllFarmOtherPertinentActivitiesUsingGET_1
2025-02-19 00:37:20 [restartedMain] INFO  s.d.s.w.r.o.CachingOperationNameGenerator -
				Generating unique operation named: getUsingGET_327
2025-02-19 00:37:20 [restartedMain] INFO  s.d.s.w.r.o.CachingOperationNameGenerator -
				Generating unique operation named: listAllUsingGET_272
2025-02-19 00:37:20 [restartedMain] INFO  s.d.s.w.r.o.CachingOperationNameGenerator -
				Generating unique operation named: updateUsingPUT_300
2025-02-19 00:37:20 [restartedMain] INFO  s.d.s.w.r.o.CachingOperationNameGenerator -
				Generating unique operation named: viewFilesUsingGET_35
2025-02-19 00:37:20 [restartedMain] INFO  s.d.s.w.r.o.CachingOperationNameGenerator -
				Generating unique operation named: FarmProfessionalActivityUploadFileUsingPOST_1
2025-02-19 00:37:20 [restartedMain] INFO  s.d.s.w.r.o.CachingOperationNameGenerator -
				Generating unique operation named: activateUsingDELETE_108
2025-02-19 00:37:20 [restartedMain] INFO  s.d.s.w.r.o.CachingOperationNameGenerator -
				Generating unique operation named: createFarmProfessionalActivityUsingPOST_1
2025-02-19 00:37:20 [restartedMain] INFO  s.d.s.w.r.o.CachingOperationNameGenerator -
				Generating unique operation named: deactivateUsingDELETE_108
2025-02-19 00:37:20 [restartedMain] INFO  s.d.s.w.r.o.CachingOperationNameGenerator -
				Generating unique operation named: fetchAllFarmProfessionalActivityUsingGET_1
2025-02-19 00:37:20 [restartedMain] INFO  s.d.s.w.r.o.CachingOperationNameGenerator -
				Generating unique operation named: getUsingGET_328
2025-02-19 00:37:20 [restartedMain] INFO  s.d.s.w.r.o.CachingOperationNameGenerator -
				Generating unique operation named: listAllUsingGET_273
2025-02-19 00:37:20 [restartedMain] INFO  s.d.s.w.r.o.CachingOperationNameGenerator -
				Generating unique operation named: updateUsingPUT_301
2025-02-19 00:37:20 [restartedMain] INFO  s.d.s.w.r.o.CachingOperationNameGenerator -
				Generating unique operation named: viewFilesUsingGET_36
2025-02-19 00:37:20 [restartedMain] INFO  s.d.s.w.r.o.CachingOperationNameGenerator -
				Generating unique operation named: activateUsingDELETE_109
2025-02-19 00:37:20 [restartedMain] INFO  s.d.s.w.r.o.CachingOperationNameGenerator -
				Generating unique operation named: createFarmProjectActivityUsingPOST_1
2025-02-19 00:37:20 [restartedMain] INFO  s.d.s.w.r.o.CachingOperationNameGenerator -
				Generating unique operation named: deactivateUsingDELETE_109
2025-02-19 00:37:20 [restartedMain] INFO  s.d.s.w.r.o.CachingOperationNameGenerator -
				Generating unique operation named: fetchAllFarmProjectActivityUsingGET_1
2025-02-19 00:37:20 [restartedMain] INFO  s.d.s.w.r.o.CachingOperationNameGenerator -
				Generating unique operation named: getUsingGET_329
2025-02-19 00:37:20 [restartedMain] INFO  s.d.s.w.r.o.CachingOperationNameGenerator -
				Generating unique operation named: listAllUsingGET_274
2025-02-19 00:37:20 [restartedMain] INFO  s.d.s.w.r.o.CachingOperationNameGenerator -
				Generating unique operation named: updateUsingPUT_302
2025-02-19 00:37:20 [restartedMain] INFO  s.d.s.w.r.o.CachingOperationNameGenerator -
				Generating unique operation named: activateUsingDELETE_110
2025-02-19 00:37:20 [restartedMain] INFO  s.d.s.w.r.o.CachingOperationNameGenerator -
				Generating unique operation named: createFarmResearchProgressUsingPOST_1
2025-02-19 00:37:20 [restartedMain] INFO  s.d.s.w.r.o.CachingOperationNameGenerator -
				Generating unique operation named: deactivateUsingDELETE_110
2025-02-19 00:37:20 [restartedMain] INFO  s.d.s.w.r.o.CachingOperationNameGenerator -
				Generating unique operation named: fetchAllFarmResearchProgressUsingGET_1
2025-02-19 00:37:20 [restartedMain] INFO  s.d.s.w.r.o.CachingOperationNameGenerator -
				Generating unique operation named: getUsingGET_330
2025-02-19 00:37:20 [restartedMain] INFO  s.d.s.w.r.o.CachingOperationNameGenerator -
				Generating unique operation named: listAllUsingGET_275
2025-02-19 00:37:20 [restartedMain] INFO  s.d.s.w.r.o.CachingOperationNameGenerator -
				Generating unique operation named: updateUsingPUT_303
2025-02-19 00:37:20 [restartedMain] INFO  s.d.s.w.r.o.CachingOperationNameGenerator -
				Generating unique operation named: activateUsingDELETE_111
2025-02-19 00:37:20 [restartedMain] INFO  s.d.s.w.r.o.CachingOperationNameGenerator -
				Generating unique operation named: createFarmTeachingSubjectsUsingPOST_1
2025-02-19 00:37:20 [restartedMain] INFO  s.d.s.w.r.o.CachingOperationNameGenerator -
				Generating unique operation named: deactivateUsingDELETE_111
2025-02-19 00:37:20 [restartedMain] INFO  s.d.s.w.r.o.CachingOperationNameGenerator -
				Generating unique operation named: fetchAllFarmTeachingSubjectsUsingGET_1
2025-02-19 00:37:20 [restartedMain] INFO  s.d.s.w.r.o.CachingOperationNameGenerator -
				Generating unique operation named: getUsingGET_331
2025-02-19 00:37:20 [restartedMain] INFO  s.d.s.w.r.o.CachingOperationNameGenerator -
				Generating unique operation named: listAllUsingGET_276
2025-02-19 00:37:20 [restartedMain] INFO  s.d.s.w.r.o.CachingOperationNameGenerator -
				Generating unique operation named: updateUsingPUT_304
2025-02-19 00:37:20 [restartedMain] INFO  s.d.s.w.r.o.CachingOperationNameGenerator -
				Generating unique operation named: FarmTeachingsUploadFileUsingPOST_1
2025-02-19 00:37:20 [restartedMain] INFO  s.d.s.w.r.o.CachingOperationNameGenerator -
				Generating unique operation named: activateUsingDELETE_112
2025-02-19 00:37:20 [restartedMain] INFO  s.d.s.w.r.o.CachingOperationNameGenerator -
				Generating unique operation named: createFarmTeachingsUsingPOST_1
2025-02-19 00:37:20 [restartedMain] INFO  s.d.s.w.r.o.CachingOperationNameGenerator -
				Generating unique operation named: deactivateUsingDELETE_112
2025-02-19 00:37:20 [restartedMain] INFO  s.d.s.w.r.o.CachingOperationNameGenerator -
				Generating unique operation named: fetchAllFarmTeachingsUsingGET_1
2025-02-19 00:37:20 [restartedMain] INFO  s.d.s.w.r.o.CachingOperationNameGenerator -
				Generating unique operation named: getUsingGET_332
2025-02-19 00:37:20 [restartedMain] INFO  s.d.s.w.r.o.CachingOperationNameGenerator -
				Generating unique operation named: listAllUsingGET_277
2025-02-19 00:37:20 [restartedMain] INFO  s.d.s.w.r.o.CachingOperationNameGenerator -
				Generating unique operation named: updateUsingPUT_305
2025-02-19 00:37:20 [restartedMain] INFO  s.d.s.w.r.o.CachingOperationNameGenerator -
				Generating unique operation named: viewFilesUsingGET_37
2025-02-19 00:37:20 [restartedMain] INFO  s.d.s.w.r.o.CachingOperationNameGenerator -
				Generating unique operation named: activateUsingDELETE_113
2025-02-19 00:37:20 [restartedMain] INFO  s.d.s.w.r.o.CachingOperationNameGenerator -
				Generating unique operation named: deactivateUsingDELETE_113
2025-02-19 00:37:20 [restartedMain] INFO  s.d.s.w.r.o.CachingOperationNameGenerator -
				Generating unique operation named: getAllActiveDataUsingGET_1
2025-02-19 00:37:20 [restartedMain] INFO  s.d.s.w.r.o.CachingOperationNameGenerator -
				Generating unique operation named: getAllGraduationDataUsingGET_1
2025-02-19 00:37:20 [restartedMain] INFO  s.d.s.w.r.o.CachingOperationNameGenerator -
				Generating unique operation named: getGraduatioByIdUsingGET_1
2025-02-19 00:37:20 [restartedMain] INFO  s.d.s.w.r.o.CachingOperationNameGenerator -
				Generating unique operation named: saveGraduationUsingPOST_1
2025-02-19 00:37:20 [restartedMain] INFO  s.d.s.w.r.o.CachingOperationNameGenerator -
				Generating unique operation named: updateGraduationUsingPUT_1
2025-02-19 00:37:20 [restartedMain] INFO  s.d.s.w.r.o.CachingOperationNameGenerator -
				Generating unique operation named: activateUsingDELETE_114
2025-02-19 00:37:20 [restartedMain] INFO  s.d.s.w.r.o.CachingOperationNameGenerator -
				Generating unique operation named: deactivateUsingDELETE_114
2025-02-19 00:37:20 [restartedMain] INFO  s.d.s.w.r.o.CachingOperationNameGenerator -
				Generating unique operation named: fetchAllAdministrationEmailIdsDetailUsingGET_19
2025-02-19 00:37:20 [restartedMain] INFO  s.d.s.w.r.o.CachingOperationNameGenerator -
				Generating unique operation named: getUsingGET_333
2025-02-19 00:37:20 [restartedMain] INFO  s.d.s.w.r.o.CachingOperationNameGenerator -
				Generating unique operation named: getAllActiveGrantUsingGET_1
2025-02-19 00:37:20 [restartedMain] INFO  s.d.s.w.r.o.CachingOperationNameGenerator -
				Generating unique operation named: grantsDetailsBasedOnEmpIdUsingGET_1
2025-02-19 00:37:20 [restartedMain] INFO  s.d.s.w.r.o.CachingOperationNameGenerator -
				Generating unique operation named: savGrantUsingPOST_1
2025-02-19 00:37:20 [restartedMain] INFO  s.d.s.w.r.o.CachingOperationNameGenerator -
				Generating unique operation named: updateGrantUsingPUT_1
2025-02-19 00:37:20 [restartedMain] INFO  s.d.s.w.r.o.CachingOperationNameGenerator -
				Generating unique operation named: uploadFileUsingPOST_39
2025-02-19 00:37:20 [restartedMain] INFO  s.d.s.w.r.o.CachingOperationNameGenerator -
				Generating unique operation named: viewFilesUsingGET_38
2025-02-19 00:37:20 [restartedMain] INFO  s.d.s.w.r.o.CachingOperationNameGenerator -
				Generating unique operation named: downloadFileUsingGET_18
2025-02-19 00:37:20 [restartedMain] INFO  s.d.s.w.r.o.CachingOperationNameGenerator -
				Generating unique operation named: get1UsingGET_6
2025-02-19 00:37:20 [restartedMain] INFO  s.d.s.w.r.o.CachingOperationNameGenerator -
				Generating unique operation named: getAllDeatilsUsingGET_5
2025-02-19 00:37:20 [restartedMain] INFO  s.d.s.w.r.o.CachingOperationNameGenerator -
				Generating unique operation named: savehostelwaiverAttachmentsUsingPOST_2
2025-02-19 00:37:20 [restartedMain] INFO  s.d.s.w.r.o.CachingOperationNameGenerator -
				Generating unique operation named: updateHigherEducationAttachmentsUsingPUT_1
2025-02-19 00:37:20 [restartedMain] INFO  s.d.s.w.r.o.CachingOperationNameGenerator -
				Generating unique operation named: uploadFileUsingPOST_40
2025-02-19 00:37:20 [restartedMain] INFO  s.d.s.w.r.o.CachingOperationNameGenerator -
				Generating unique operation named: deleteUsingDELETE_217
2025-02-19 00:37:20 [restartedMain] INFO  s.d.s.w.r.o.CachingOperationNameGenerator -
				Generating unique operation named: getUsingGET_334
2025-02-19 00:37:20 [restartedMain] INFO  s.d.s.w.r.o.CachingOperationNameGenerator -
				Generating unique operation named: getAllHodCommentsUsingGET_1
2025-02-19 00:37:20 [restartedMain] INFO  s.d.s.w.r.o.CachingOperationNameGenerator -
				Generating unique operation named: getallDeatilsUsingGET_1
2025-02-19 00:37:20 [restartedMain] INFO  s.d.s.w.r.o.CachingOperationNameGenerator -
				Generating unique operation named: listAllUsingGET_278
2025-02-19 00:37:20 [restartedMain] INFO  s.d.s.w.r.o.CachingOperationNameGenerator -
				Generating unique operation named: saveHodCommentsUsingPOST_1
2025-02-19 00:37:20 [restartedMain] INFO  s.d.s.w.r.o.CachingOperationNameGenerator -
				Generating unique operation named: updateUsingPUT_306
2025-02-19 00:37:20 [restartedMain] INFO  s.d.s.w.r.o.CachingOperationNameGenerator -
				Generating unique operation named: activateUsingDELETE_115
2025-02-19 00:37:20 [restartedMain] INFO  s.d.s.w.r.o.CachingOperationNameGenerator -
				Generating unique operation named: deactivateUsingDELETE_115
2025-02-19 00:37:20 [restartedMain] INFO  s.d.s.w.r.o.CachingOperationNameGenerator -
				Generating unique operation named: getUsingGET_335
2025-02-19 00:37:20 [restartedMain] INFO  s.d.s.w.r.o.CachingOperationNameGenerator -
				Generating unique operation named: getAllDeptUsingGET_29
2025-02-19 00:37:20 [restartedMain] INFO  s.d.s.w.r.o.CachingOperationNameGenerator -
				Generating unique operation named: getJobprofileDetailsUsingGET_1
2025-02-19 00:37:20 [restartedMain] INFO  s.d.s.w.r.o.CachingOperationNameGenerator -
				Generating unique operation named: listAllUsingGET_279
2025-02-19 00:37:20 [restartedMain] INFO  s.d.s.w.r.o.CachingOperationNameGenerator -
				Generating unique operation named: saveHrStatusHistoryUsingPOST_1
2025-02-19 00:37:20 [restartedMain] INFO  s.d.s.w.r.o.CachingOperationNameGenerator -
				Generating unique operation named: updateHrStatusHistoryUsingPUT_1
2025-02-19 00:37:20 [restartedMain] INFO  s.d.s.w.r.o.CachingOperationNameGenerator -
				Generating unique operation named: activateUsingDELETE_116
2025-02-19 00:37:20 [restartedMain] INFO  s.d.s.w.r.o.CachingOperationNameGenerator -
				Generating unique operation named: checkApproverStatusUsingGET_1
2025-02-19 00:37:20 [restartedMain] INFO  s.d.s.w.r.o.CachingOperationNameGenerator -
				Generating unique operation named: checkIncentiveApproverUsingGET_1
2025-02-19 00:37:20 [restartedMain] INFO  s.d.s.w.r.o.CachingOperationNameGenerator -
				Generating unique operation named: checkIncentiveApproverRemarksUsingGET_1
2025-02-19 00:37:20 [restartedMain] INFO  s.d.s.w.r.o.CachingOperationNameGenerator -
				Generating unique operation named: deactivateUsingDELETE_116
2025-02-19 00:37:20 [restartedMain] INFO  s.d.s.w.r.o.CachingOperationNameGenerator -
				Generating unique operation named: fetchAllIncentiveApproverUsingGET_1
2025-02-19 00:37:20 [restartedMain] INFO  s.d.s.w.r.o.CachingOperationNameGenerator -
				Generating unique operation named: getUsingGET_336
2025-02-19 00:37:20 [restartedMain] INFO  s.d.s.w.r.o.CachingOperationNameGenerator -
				Generating unique operation named: getAllActiveIncentiveApproverUsingGET_1
2025-02-19 00:37:20 [restartedMain] INFO  s.d.s.w.r.o.CachingOperationNameGenerator -
				Generating unique operation named: getApproverDetailsDataUsingGET_1
2025-02-19 00:37:20 [restartedMain] INFO  s.d.s.w.r.o.CachingOperationNameGenerator -
				Generating unique operation named: getApproverDetailsDataForPatentUsingGET_1
2025-02-19 00:37:20 [restartedMain] INFO  s.d.s.w.r.o.CachingOperationNameGenerator -
				Generating unique operation named: incentiveApproverBasedOnEmpIdUsingGET_1
2025-02-19 00:37:20 [restartedMain] INFO  s.d.s.w.r.o.CachingOperationNameGenerator -
				Generating unique operation named: incentiveApproverReportUsingGET_1
2025-02-19 00:37:20 [restartedMain] INFO  s.d.s.w.r.o.CachingOperationNameGenerator -
				Generating unique operation named: incentiveApproverReportByMonthAndYearUsingGET_1
2025-02-19 00:37:20 [restartedMain] INFO  s.d.s.w.r.o.CachingOperationNameGenerator -
				Generating unique operation named: saveIncentiveApproverUsingPOST_1
2025-02-19 00:37:20 [restartedMain] INFO  s.d.s.w.r.o.CachingOperationNameGenerator -
				Generating unique operation named: updateIncentiveApproverUsingPUT_1
2025-02-19 00:37:20 [restartedMain] INFO  s.d.s.w.r.o.CachingOperationNameGenerator -
				Generating unique operation named: deleteUsingDELETE_218
2025-02-19 00:37:20 [restartedMain] INFO  s.d.s.w.r.o.CachingOperationNameGenerator -
				Generating unique operation named: emailForInterviewUsingPOST_1
2025-02-19 00:37:20 [restartedMain] INFO  s.d.s.w.r.o.CachingOperationNameGenerator -
				Generating unique operation named: emailToInterviewersUsingPOST_1
2025-02-19 00:37:20 [restartedMain] INFO  s.d.s.w.r.o.CachingOperationNameGenerator -
				Generating unique operation named: getUsingGET_337
2025-02-19 00:37:20 [restartedMain] INFO  s.d.s.w.r.o.CachingOperationNameGenerator -
				Generating unique operation named: getAllDeatilsUsingGET_6
2025-02-19 00:37:20 [restartedMain] INFO  s.d.s.w.r.o.CachingOperationNameGenerator -
				Generating unique operation named: listAllUsingGET_280
2025-02-19 00:37:20 [restartedMain] INFO  s.d.s.w.r.o.CachingOperationNameGenerator -
				Generating unique operation named: saveInterviewUsingPOST_2
2025-02-19 00:37:20 [restartedMain] INFO  s.d.s.w.r.o.CachingOperationNameGenerator -
				Generating unique operation named: saveInterviewsUsingPOST_1
2025-02-19 00:37:20 [restartedMain] INFO  s.d.s.w.r.o.CachingOperationNameGenerator -
				Generating unique operation named: saveInterviewsssssUsingPOST_1
2025-02-19 00:37:20 [restartedMain] INFO  s.d.s.w.r.o.CachingOperationNameGenerator -
				Generating unique operation named: updateUsingPUT_307
2025-02-19 00:37:20 [restartedMain] INFO  s.d.s.w.r.o.CachingOperationNameGenerator -
				Generating unique operation named: deleteUsingDELETE_219
2025-02-19 00:37:20 [restartedMain] INFO  s.d.s.w.r.o.CachingOperationNameGenerator -
				Generating unique operation named: getUsingGET_338
2025-02-19 00:37:20 [restartedMain] INFO  s.d.s.w.r.o.CachingOperationNameGenerator -
				Generating unique operation named: getUsingGET_339
2025-02-19 00:37:20 [restartedMain] INFO  s.d.s.w.r.o.CachingOperationNameGenerator -
				Generating unique operation named: getAllDeatilsUsingGET_7
2025-02-19 00:37:20 [restartedMain] INFO  s.d.s.w.r.o.CachingOperationNameGenerator -
				Generating unique operation named: getAllEmailDeatilsUsingGET_1
2025-02-19 00:37:20 [restartedMain] INFO  s.d.s.w.r.o.CachingOperationNameGenerator -
				Generating unique operation named: getJobProfileDetailsUsingGET_1
2025-02-19 00:37:20 [restartedMain] INFO  s.d.s.w.r.o.CachingOperationNameGenerator -
				Generating unique operation named: listAllUsingGET_281
2025-02-19 00:37:20 [restartedMain] INFO  s.d.s.w.r.o.CachingOperationNameGenerator -
				Generating unique operation named: listAll1UsingGET_129
2025-02-19 00:37:20 [restartedMain] INFO  s.d.s.w.r.o.CachingOperationNameGenerator -
				Generating unique operation named: saveInterviewUsingPOST_3
2025-02-19 00:37:20 [restartedMain] INFO  s.d.s.w.r.o.CachingOperationNameGenerator -
				Generating unique operation named: setInterviewerCommentsUsingPUT_1
2025-02-19 00:37:20 [restartedMain] INFO  s.d.s.w.r.o.CachingOperationNameGenerator -
				Generating unique operation named: updateUsingPUT_308
2025-02-19 00:37:20 [restartedMain] INFO  s.d.s.w.r.o.CachingOperationNameGenerator -
				Generating unique operation named: uploadFileUsingPOST_41
2025-02-19 00:37:20 [restartedMain] INFO  s.d.s.w.r.o.CachingOperationNameGenerator -
				Generating unique operation named: viewFilesUsingGET_39
2025-02-19 00:37:20 [restartedMain] INFO  s.d.s.w.r.o.CachingOperationNameGenerator -
				Generating unique operation named: checkEmailUsingGET_1
2025-02-19 00:37:20 [restartedMain] INFO  s.d.s.w.r.o.CachingOperationNameGenerator -
				Generating unique operation named: deleteUsingDELETE_220
2025-02-19 00:37:20 [restartedMain] INFO  s.d.s.w.r.o.CachingOperationNameGenerator -
				Generating unique operation named: getUsingGET_340
2025-02-19 00:37:20 [restartedMain] INFO  s.d.s.w.r.o.CachingOperationNameGenerator -
				Generating unique operation named: getAllApplicantDetailsUsingGET_1
2025-02-19 00:37:20 [restartedMain] INFO  s.d.s.w.r.o.CachingOperationNameGenerator -
				Generating unique operation named: getJobProfileByIdUsingGET_1
2025-02-19 00:37:20 [restartedMain] INFO  s.d.s.w.r.o.CachingOperationNameGenerator -
				Generating unique operation named: getNameAndEmailByJobIdUsingGET_1
2025-02-19 00:37:20 [restartedMain] INFO  s.d.s.w.r.o.CachingOperationNameGenerator -
				Generating unique operation named: getReferenceNoUsingGET_1
2025-02-19 00:37:20 [restartedMain] INFO  s.d.s.w.r.o.CachingOperationNameGenerator -
				Generating unique operation named: jobProfileDetailsOnDateUsingGET_1
2025-02-19 00:37:20 [restartedMain] INFO  s.d.s.w.r.o.CachingOperationNameGenerator -
				Generating unique operation named: jobProfileDetailsOnUserIdUsingGET_1
2025-02-19 00:37:20 [restartedMain] INFO  s.d.s.w.r.o.CachingOperationNameGenerator -
				Generating unique operation named: listAllUsingGET_282
2025-02-19 00:37:20 [restartedMain] INFO  s.d.s.w.r.o.CachingOperationNameGenerator -
				Generating unique operation named: listAll1UsingGET_130
2025-02-19 00:37:20 [restartedMain] INFO  s.d.s.w.r.o.CachingOperationNameGenerator -
				Generating unique operation named: saveAcademicYearUsingPOST_10
2025-02-19 00:37:20 [restartedMain] INFO  s.d.s.w.r.o.CachingOperationNameGenerator -
				Generating unique operation named: updateUsingPUT_309
2025-02-19 00:37:20 [restartedMain] INFO  s.d.s.w.r.o.CachingOperationNameGenerator -
				Generating unique operation named: updateJobProfileHrStatusUsingPUT_1
2025-02-19 00:37:20 [restartedMain] INFO  s.d.s.w.r.o.CachingOperationNameGenerator -
				Generating unique operation named: deleteUsingDELETE_221
2025-02-19 00:37:20 [restartedMain] INFO  s.d.s.w.r.o.CachingOperationNameGenerator -
				Generating unique operation named: delete1UsingDELETE_173
2025-02-19 00:37:20 [restartedMain] INFO  s.d.s.w.r.o.CachingOperationNameGenerator -
				Generating unique operation named: getUsingGET_341
2025-02-19 00:37:20 [restartedMain] INFO  s.d.s.w.r.o.CachingOperationNameGenerator -
				Generating unique operation named: jobValidationUsingGET_1
2025-02-19 00:37:20 [restartedMain] INFO  s.d.s.w.r.o.CachingOperationNameGenerator -
				Generating unique operation named: listAllUsingGET_283
2025-02-19 00:37:20 [restartedMain] INFO  s.d.s.w.r.o.CachingOperationNameGenerator -
				Generating unique operation named: listAll1UsingGET_131
2025-02-19 00:37:20 [restartedMain] INFO  s.d.s.w.r.o.CachingOperationNameGenerator -
				Generating unique operation named: saveMenuUsingPOST_2
2025-02-19 00:37:20 [restartedMain] INFO  s.d.s.w.r.o.CachingOperationNameGenerator -
				Generating unique operation named: updateUsingPUT_310
2025-02-19 00:37:20 [restartedMain] INFO  s.d.s.w.r.o.CachingOperationNameGenerator -
				Generating unique operation named: getUsingGET_342
2025-02-19 00:37:20 [restartedMain] INFO  s.d.s.w.r.o.CachingOperationNameGenerator -
				Generating unique operation named: getLanguageBasedOnEmpIdUsingGET_1
2025-02-19 00:37:20 [restartedMain] INFO  s.d.s.w.r.o.CachingOperationNameGenerator -
				Generating unique operation named: listAllUsingGET_284
2025-02-19 00:37:20 [restartedMain] INFO  s.d.s.w.r.o.CachingOperationNameGenerator -
				Generating unique operation named: saveLanguageUsingPOST_1
2025-02-19 00:37:20 [restartedMain] INFO  s.d.s.w.r.o.CachingOperationNameGenerator -
				Generating unique operation named: updateUsingPUT_311
2025-02-19 00:37:20 [restartedMain] INFO  s.d.s.w.r.o.CachingOperationNameGenerator -
				Generating unique operation named: activateUsingDELETE_117
2025-02-19 00:37:20 [restartedMain] INFO  s.d.s.w.r.o.CachingOperationNameGenerator -
				Generating unique operation named: deactivateUsingDELETE_117
2025-02-19 00:37:20 [restartedMain] INFO  s.d.s.w.r.o.CachingOperationNameGenerator -
				Generating unique operation named: fetchAllAdministrationEmailIdsDetailUsingGET_20
2025-02-19 00:37:20 [restartedMain] INFO  s.d.s.w.r.o.CachingOperationNameGenerator -
				Generating unique operation named: getUsingGET_343
2025-02-19 00:37:20 [restartedMain] INFO  s.d.s.w.r.o.CachingOperationNameGenerator -
				Generating unique operation named: getAllActiveMembershipUsingGET_1
2025-02-19 00:37:20 [restartedMain] INFO  s.d.s.w.r.o.CachingOperationNameGenerator -
				Generating unique operation named: membershipDetailsBasedOnEmpIdUsingGET_1
2025-02-19 00:37:20 [restartedMain] INFO  s.d.s.w.r.o.CachingOperationNameGenerator -
				Generating unique operation named: saveMembershipUsingPOST_1
2025-02-19 00:37:20 [restartedMain] INFO  s.d.s.w.r.o.CachingOperationNameGenerator -
				Generating unique operation named: updateMembershipUsingPUT_1
2025-02-19 00:37:20 [restartedMain] INFO  s.d.s.w.r.o.CachingOperationNameGenerator -
				Generating unique operation named: uploadFileUsingPOST_42
2025-02-19 00:37:20 [restartedMain] INFO  s.d.s.w.r.o.CachingOperationNameGenerator -
				Generating unique operation named: viewFilesUsingGET_40
2025-02-19 00:37:20 [restartedMain] INFO  s.d.s.w.r.o.CachingOperationNameGenerator -
				Generating unique operation named: fetchAllResignationDetailsBasedOnUserIdUsingGET_2
2025-02-19 00:37:20 [restartedMain] INFO  s.d.s.w.r.o.CachingOperationNameGenerator -
				Generating unique operation named: getAllNoDueAssignmentDataUsingGET_1
2025-02-19 00:37:20 [restartedMain] INFO  s.d.s.w.r.o.CachingOperationNameGenerator -
				Generating unique operation named: getNoDueAssignmentDataUsingGET_1
2025-02-19 00:37:20 [restartedMain] INFO  s.d.s.w.r.o.CachingOperationNameGenerator -
				Generating unique operation named: saveNoDuesAssignmentUsingPOST_1
2025-02-19 00:37:20 [restartedMain] INFO  s.d.s.w.r.o.CachingOperationNameGenerator -
				Generating unique operation named: updateUsingPUT_312
2025-02-19 00:37:20 [restartedMain] INFO  s.d.s.w.r.o.CachingOperationNameGenerator -
				Generating unique operation named: deleteUsingDELETE_222
2025-02-19 00:37:20 [restartedMain] INFO  s.d.s.w.r.o.CachingOperationNameGenerator -
				Generating unique operation named: emailForOfferUsingPOST_2
2025-02-19 00:37:20 [restartedMain] INFO  s.d.s.w.r.o.CachingOperationNameGenerator -
				Generating unique operation named: emailForStaffUsingPOST_1
2025-02-19 00:37:20 [restartedMain] INFO  s.d.s.w.r.o.CachingOperationNameGenerator -
				Generating unique operation named: fetchAllOfferDetailsByEmployeeIdUsingGET_1
2025-02-19 00:37:20 [restartedMain] INFO  s.d.s.w.r.o.CachingOperationNameGenerator -
				Generating unique operation named: getUsingGET_344
2025-02-19 00:37:20 [restartedMain] INFO  s.d.s.w.r.o.CachingOperationNameGenerator -
				Generating unique operation named: getAllOfferDetailsUsingGET_1
2025-02-19 00:37:20 [restartedMain] INFO  s.d.s.w.r.o.CachingOperationNameGenerator -
				Generating unique operation named: listAll1UsingGET_132
2025-02-19 00:37:20 [restartedMain] INFO  s.d.s.w.r.o.CachingOperationNameGenerator -
				Generating unique operation named: offerDetailsByJobIdUsingGET_1
2025-02-19 00:37:20 [restartedMain] INFO  s.d.s.w.r.o.CachingOperationNameGenerator -
				Generating unique operation named: saveOfferUsingPOST_1
2025-02-19 00:37:20 [restartedMain] INFO  s.d.s.w.r.o.CachingOperationNameGenerator -
				Generating unique operation named: saveOfferLetterUsingPUT_1
2025-02-19 00:37:20 [restartedMain] INFO  s.d.s.w.r.o.CachingOperationNameGenerator -
				Generating unique operation named: updateUsingPUT_313
2025-02-19 00:37:20 [restartedMain] INFO  s.d.s.w.r.o.CachingOperationNameGenerator -
				Generating unique operation named: updateMultipleOfferDetailsUsingPUT_1
2025-02-19 00:37:20 [restartedMain] INFO  s.d.s.w.r.o.CachingOperationNameGenerator -
				Generating unique operation named: updateOfferAfterAcceptingUsingPUT_1
2025-02-19 00:37:20 [restartedMain] INFO  s.d.s.w.r.o.CachingOperationNameGenerator -
				Generating unique operation named: offerHistoryByEmployeeIdUsingGET_1
2025-02-19 00:37:20 [restartedMain] INFO  s.d.s.w.r.o.CachingOperationNameGenerator -
				Generating unique operation named: offerHistoryByJobIdUsingGET_1
2025-02-19 00:37:20 [restartedMain] INFO  s.d.s.w.r.o.CachingOperationNameGenerator -
				Generating unique operation named: saveOfferHistoryUsingPOST_1
2025-02-19 00:37:20 [restartedMain] INFO  s.d.s.w.r.o.CachingOperationNameGenerator -
				Generating unique operation named: activateUsingDELETE_118
2025-02-19 00:37:20 [restartedMain] INFO  s.d.s.w.r.o.CachingOperationNameGenerator -
				Generating unique operation named: deactivateUsingDELETE_118
2025-02-19 00:37:20 [restartedMain] INFO  s.d.s.w.r.o.CachingOperationNameGenerator -
				Generating unique operation named: fetchAllAdministrationEmailIdsDetailUsingGET_21
2025-02-19 00:37:20 [restartedMain] INFO  s.d.s.w.r.o.CachingOperationNameGenerator -
				Generating unique operation named: getUsingGET_345
2025-02-19 00:37:20 [restartedMain] INFO  s.d.s.w.r.o.CachingOperationNameGenerator -
				Generating unique operation named: getAllActivePatentUsingGET_1
2025-02-19 00:37:20 [restartedMain] INFO  s.d.s.w.r.o.CachingOperationNameGenerator -
				Generating unique operation named: patentDetailsBasedOnEmpIdUsingGET_1
2025-02-19 00:37:20 [restartedMain] INFO  s.d.s.w.r.o.CachingOperationNameGenerator -
				Generating unique operation named: savePatentUsingPOST_1
2025-02-19 00:37:20 [restartedMain] INFO  s.d.s.w.r.o.CachingOperationNameGenerator -
				Generating unique operation named: updatePatentUsingPUT_1
2025-02-19 00:37:20 [restartedMain] INFO  s.d.s.w.r.o.CachingOperationNameGenerator -
				Generating unique operation named: uploadFileUsingPOST_43
2025-02-19 00:37:20 [restartedMain] INFO  s.d.s.w.r.o.CachingOperationNameGenerator -
				Generating unique operation named: viewFilesUsingGET_41
2025-02-19 00:37:20 [restartedMain] INFO  s.d.s.w.r.o.CachingOperationNameGenerator -
				Generating unique operation named: getUsingGET_346
2025-02-19 00:37:20 [restartedMain] INFO  s.d.s.w.r.o.CachingOperationNameGenerator -
				Generating unique operation named: getEmployeeNameConcateWithEmployeeCodeUsingGET_1
2025-02-19 00:37:20 [restartedMain] INFO  s.d.s.w.r.o.CachingOperationNameGenerator -
				Generating unique operation named: getPaySlipByEmployeeIdUsingGET_1
2025-02-19 00:37:20 [restartedMain] INFO  s.d.s.w.r.o.CachingOperationNameGenerator -
				Generating unique operation named: listAll1UsingGET_133
2025-02-19 00:37:20 [restartedMain] INFO  s.d.s.w.r.o.CachingOperationNameGenerator -
				Generating unique operation named: savePaySlipLockDateUsingPOST_1
2025-02-19 00:37:20 [restartedMain] INFO  s.d.s.w.r.o.CachingOperationNameGenerator -
				Generating unique operation named: updateUsingPUT_314
2025-02-19 00:37:20 [restartedMain] INFO  s.d.s.w.r.o.CachingOperationNameGenerator -
				Generating unique operation named: updatepaySlipLockDateUsingPUT_1
2025-02-19 00:37:20 [restartedMain] INFO  s.d.s.w.r.o.CachingOperationNameGenerator -
				Generating unique operation named: activatePhdDetailsUsingDELETE_1
2025-02-19 00:37:20 [restartedMain] INFO  s.d.s.w.r.o.CachingOperationNameGenerator -
				Generating unique operation named: deactivatePhdDetailsUsingDELETE_1
2025-02-19 00:37:20 [restartedMain] INFO  s.d.s.w.r.o.CachingOperationNameGenerator -
				Generating unique operation named: getAllPhdDetailsUsingGET_1
2025-02-19 00:37:20 [restartedMain] INFO  s.d.s.w.r.o.CachingOperationNameGenerator -
				Generating unique operation named: getPhdDetailsUsingGET_1
2025-02-19 00:37:20 [restartedMain] INFO  s.d.s.w.r.o.CachingOperationNameGenerator -
				Generating unique operation named: getPhdDetailsByJobIdUsingGET_1
2025-02-19 00:37:20 [restartedMain] INFO  s.d.s.w.r.o.CachingOperationNameGenerator -
				Generating unique operation named: listAllActivePhdDetailsUsingGET_1
2025-02-19 00:37:20 [restartedMain] INFO  s.d.s.w.r.o.CachingOperationNameGenerator -
				Generating unique operation named: savePhdDetailsUsingPOST_1
2025-02-19 00:37:20 [restartedMain] INFO  s.d.s.w.r.o.CachingOperationNameGenerator -
				Generating unique operation named: updatePhdDetailsUsingPUT_1
2025-02-19 00:37:20 [restartedMain] INFO  s.d.s.w.r.o.CachingOperationNameGenerator -
				Generating unique operation named: activateUsingDELETE_119
2025-02-19 00:37:20 [restartedMain] INFO  s.d.s.w.r.o.CachingOperationNameGenerator -
				Generating unique operation named: createProfileResearchUsingPOST_1
2025-02-19 00:37:20 [restartedMain] INFO  s.d.s.w.r.o.CachingOperationNameGenerator -
				Generating unique operation named: deactivateUsingDELETE_119
2025-02-19 00:37:20 [restartedMain] INFO  s.d.s.w.r.o.CachingOperationNameGenerator -
				Generating unique operation named: fetchAllProfileResearchUsingGET_1
2025-02-19 00:37:20 [restartedMain] INFO  s.d.s.w.r.o.CachingOperationNameGenerator -
				Generating unique operation named: fetchAllProfileResearchForEmployeeUsingGET_1
2025-02-19 00:37:20 [restartedMain] INFO  s.d.s.w.r.o.CachingOperationNameGenerator -
				Generating unique operation named: getUsingGET_347
2025-02-19 00:37:20 [restartedMain] INFO  s.d.s.w.r.o.CachingOperationNameGenerator -
				Generating unique operation named: listAllUsingGET_285
2025-02-19 00:37:20 [restartedMain] INFO  s.d.s.w.r.o.CachingOperationNameGenerator -
				Generating unique operation named: profileResearchUploadFileUsingPOST_1
2025-02-19 00:37:20 [restartedMain] INFO  s.d.s.w.r.o.CachingOperationNameGenerator -
				Generating unique operation named: updateUsingPUT_315
2025-02-19 00:37:20 [restartedMain] INFO  s.d.s.w.r.o.CachingOperationNameGenerator -
				Generating unique operation named: viewFilesUsingGET_42
2025-02-19 00:37:20 [restartedMain] INFO  s.d.s.w.r.o.CachingOperationNameGenerator -
				Generating unique operation named: activateUsingDELETE_120
2025-02-19 00:37:20 [restartedMain] INFO  s.d.s.w.r.o.CachingOperationNameGenerator -
				Generating unique operation named: deactivateUsingDELETE_120
2025-02-19 00:37:20 [restartedMain] INFO  s.d.s.w.r.o.CachingOperationNameGenerator -
				Generating unique operation named: fetchAllAdministrationEmailIdsDetailUsingGET_22
2025-02-19 00:37:20 [restartedMain] INFO  s.d.s.w.r.o.CachingOperationNameGenerator -
				Generating unique operation named: getUsingGET_348
2025-02-19 00:37:20 [restartedMain] INFO  s.d.s.w.r.o.CachingOperationNameGenerator -
				Generating unique operation named: getAllActivePublicationUsingGET_1
2025-02-19 00:37:20 [restartedMain] INFO  s.d.s.w.r.o.CachingOperationNameGenerator -
				Generating unique operation named: publicationDetailsBasedOnEmpIdUsingGET_1
2025-02-19 00:37:20 [restartedMain] INFO  s.d.s.w.r.o.CachingOperationNameGenerator -
				Generating unique operation named: savePublicationUsingPOST_3
2025-02-19 00:37:20 [restartedMain] INFO  s.d.s.w.r.o.CachingOperationNameGenerator -
				Generating unique operation named: updatePublicationUsingPUT_1
2025-02-19 00:37:20 [restartedMain] INFO  s.d.s.w.r.o.CachingOperationNameGenerator -
				Generating unique operation named: uploadFileUsingPOST_44
2025-02-19 00:37:20 [restartedMain] INFO  s.d.s.w.r.o.CachingOperationNameGenerator -
				Generating unique operation named: viewFilesUsingGET_43
2025-02-19 00:37:20 [restartedMain] INFO  s.d.s.w.r.o.CachingOperationNameGenerator -
				Generating unique operation named: deleteUsingDELETE_223
2025-02-19 00:37:20 [restartedMain] INFO  s.d.s.w.r.o.CachingOperationNameGenerator -
				Generating unique operation named: delete1UsingDELETE_174
2025-02-19 00:37:20 [restartedMain] INFO  s.d.s.w.r.o.CachingOperationNameGenerator -
				Generating unique operation named: getUsingGET_349
2025-02-19 00:37:20 [restartedMain] INFO  s.d.s.w.r.o.CachingOperationNameGenerator -
				Generating unique operation named: getResignationAttachmentBasedOnEmployeeIdUsingGET_1
2025-02-19 00:37:20 [restartedMain] INFO  s.d.s.w.r.o.CachingOperationNameGenerator -
				Generating unique operation named: uploadFileResignationAttachmentUsingPOST_1
2025-02-19 00:37:20 [restartedMain] INFO  s.d.s.w.r.o.CachingOperationNameGenerator -
				Generating unique operation named: viewFilesUsingGET_44
2025-02-19 00:37:20 [restartedMain] INFO  s.d.s.w.r.o.CachingOperationNameGenerator -
				Generating unique operation named: checkEmpIdIsAlreadyPresentOrNotUsingGET_1
2025-02-19 00:37:20 [restartedMain] INFO  s.d.s.w.r.o.CachingOperationNameGenerator -
				Generating unique operation named: checkNoDuesStatusUsingGET_1
2025-02-19 00:37:20 [restartedMain] INFO  s.d.s.w.r.o.CachingOperationNameGenerator -
				Generating unique operation named: deleteUsingDELETE_224
2025-02-19 00:37:20 [restartedMain] INFO  s.d.s.w.r.o.CachingOperationNameGenerator -
				Generating unique operation named: delete1UsingDELETE_175
2025-02-19 00:37:20 [restartedMain] INFO  s.d.s.w.r.o.CachingOperationNameGenerator -
				Generating unique operation named: fetchAllResignationDetailsBasedOnUserIdUsingGET_3
2025-02-19 00:37:20 [restartedMain] INFO  s.d.s.w.r.o.CachingOperationNameGenerator -
				Generating unique operation named: fetchAllResignationHistoryDetailsUsingGET_1
2025-02-19 00:37:20 [restartedMain] INFO  s.d.s.w.r.o.CachingOperationNameGenerator -
				Generating unique operation named: getUsingGET_350
2025-02-19 00:37:20 [restartedMain] INFO  s.d.s.w.r.o.CachingOperationNameGenerator -
				Generating unique operation named: getAlResignationWithRelievingNoUsingGET_1
2025-02-19 00:37:20 [restartedMain] INFO  s.d.s.w.r.o.CachingOperationNameGenerator -
				Generating unique operation named: getAllResignationDetailsDataUsingGET_1
2025-02-19 00:37:20 [restartedMain] INFO  s.d.s.w.r.o.CachingOperationNameGenerator -
				Generating unique operation named: listAllUsingGET_286
2025-02-19 00:37:20 [restartedMain] INFO  s.d.s.w.r.o.CachingOperationNameGenerator -
				Generating unique operation named: listAll1UsingGET_134
2025-02-19 00:37:20 [restartedMain] INFO  s.d.s.w.r.o.CachingOperationNameGenerator -
				Generating unique operation named: saveResignationUsingPOST_1
2025-02-19 00:37:20 [restartedMain] INFO  s.d.s.w.r.o.CachingOperationNameGenerator -
				Generating unique operation named: updateUsingPUT_316
2025-02-19 00:37:20 [restartedMain] INFO  s.d.s.w.r.o.CachingOperationNameGenerator -
				Generating unique operation named: deleteUsingDELETE_225
2025-02-19 00:37:20 [restartedMain] INFO  s.d.s.w.r.o.CachingOperationNameGenerator -
				Generating unique operation named: delete1UsingDELETE_176
2025-02-19 00:37:20 [restartedMain] INFO  s.d.s.w.r.o.CachingOperationNameGenerator -
				Generating unique operation named: getUsingGET_351
2025-02-19 00:37:20 [restartedMain] INFO  s.d.s.w.r.o.CachingOperationNameGenerator -
				Generating unique operation named: getAllRolesDetailsUsingGET_7
2025-02-19 00:37:20 [restartedMain] INFO  s.d.s.w.r.o.CachingOperationNameGenerator -
				Generating unique operation named: listAllUsingGET_287
2025-02-19 00:37:20 [restartedMain] INFO  s.d.s.w.r.o.CachingOperationNameGenerator -
				Generating unique operation named: saveSlabDetailUsingPOST_4
2025-02-19 00:37:20 [restartedMain] INFO  s.d.s.w.r.o.CachingOperationNameGenerator -
				Generating unique operation named: shiftDetailsBasedOnSchoolIdUsingGET_1
2025-02-19 00:37:20 [restartedMain] INFO  s.d.s.w.r.o.CachingOperationNameGenerator -
				Generating unique operation named: shiftDetailsDataUsingGET_1
2025-02-19 00:37:20 [restartedMain] INFO  s.d.s.w.r.o.CachingOperationNameGenerator -
				Generating unique operation named: updateUsingPUT_317
2025-02-19 00:37:20 [restartedMain] INFO  s.d.s.w.r.o.CachingOperationNameGenerator -
				Generating unique operation named: activateUsingDELETE_121
2025-02-19 00:37:20 [restartedMain] INFO  s.d.s.w.r.o.CachingOperationNameGenerator -
				Generating unique operation named: deactivateUsingDELETE_121
2025-02-19 00:37:20 [restartedMain] INFO  s.d.s.w.r.o.CachingOperationNameGenerator -
				Generating unique operation named: getUsingGET_352
2025-02-19 00:37:20 [restartedMain] INFO  s.d.s.w.r.o.CachingOperationNameGenerator -
				Generating unique operation named: getAllDeptUsingGET_30
2025-02-19 00:37:20 [restartedMain] INFO  s.d.s.w.r.o.CachingOperationNameGenerator -
				Generating unique operation named: getVisaExpiryHistoryDataUsingGET_1
2025-02-19 00:37:20 [restartedMain] INFO  s.d.s.w.r.o.CachingOperationNameGenerator -
				Generating unique operation named: listAllUsingGET_288
2025-02-19 00:37:20 [restartedMain] INFO  s.d.s.w.r.o.CachingOperationNameGenerator -
				Generating unique operation named: saveVisaExpiryHistoryUsingPOST_1
2025-02-19 00:37:20 [restartedMain] INFO  s.d.s.w.r.o.CachingOperationNameGenerator -
				Generating unique operation named: updateUsingPUT_318
2025-02-19 00:37:20 [restartedMain] INFO  s.d.s.w.s.ApiListingReferenceScanner -
				Scanning for api listing references
2025-02-19 00:37:20 [restartedMain] INFO  s.d.s.w.r.o.CachingOperationNameGenerator -
				Generating unique operation named: sendSmsUsingPOST_1
2025-02-19 00:37:20 [restartedMain] INFO  s.d.s.w.r.o.CachingOperationNameGenerator -
				Generating unique operation named: deleteUsingDELETE_226
2025-02-19 00:37:20 [restartedMain] INFO  s.d.s.w.r.o.CachingOperationNameGenerator -
				Generating unique operation named: delete1UsingDELETE_177
2025-02-19 00:37:20 [restartedMain] INFO  s.d.s.w.r.o.CachingOperationNameGenerator -
				Generating unique operation named: getUsingGET_353
2025-02-19 00:37:20 [restartedMain] INFO  s.d.s.w.r.o.CachingOperationNameGenerator -
				Generating unique operation named: listAllUsingGET_289
2025-02-19 00:37:20 [restartedMain] INFO  s.d.s.w.r.o.CachingOperationNameGenerator -
				Generating unique operation named: listAll1UsingGET_135
2025-02-19 00:37:20 [restartedMain] INFO  s.d.s.w.r.o.CachingOperationNameGenerator -
				Generating unique operation named: saveSmsTemplateFormatUsingPOST_1
2025-02-19 00:37:20 [restartedMain] INFO  s.d.s.w.r.o.CachingOperationNameGenerator -
				Generating unique operation named: updateSmsTemplateFormatUsingPUT_1
2025-02-19 00:37:20 [restartedMain] INFO  s.d.s.w.r.o.CachingOperationNameGenerator -
				Generating unique operation named: activateFeedbackWindowUsingPUT_1
2025-02-19 00:37:20 [restartedMain] INFO  s.d.s.w.r.o.CachingOperationNameGenerator -
				Generating unique operation named: activefreezeStudentAttendenceUsingPUT_1
2025-02-19 00:37:20 [restartedMain] INFO  s.d.s.w.r.o.CachingOperationNameGenerator -
				Generating unique operation named: createFeedbackQuestionsForStudentsUsingPOST_1
2025-02-19 00:37:20 [restartedMain] INFO  s.d.s.w.r.o.CachingOperationNameGenerator -
				Generating unique operation named: createFeedbackWindowUsingPOST_1
2025-02-19 00:37:20 [restartedMain] INFO  s.d.s.w.r.o.CachingOperationNameGenerator -
				Generating unique operation named: deactivateFeedbackQuestionsForStudentsUsingDELETE_1
2025-02-19 00:37:20 [restartedMain] INFO  s.d.s.w.r.o.CachingOperationNameGenerator -
				Generating unique operation named: deactivateFeedbackWindowUsingDELETE_1
2025-02-19 00:37:20 [restartedMain] INFO  s.d.s.w.r.o.CachingOperationNameGenerator -
				Generating unique operation named: deactivefreezeStudentAttendenceUsingDELETE_1
2025-02-19 00:37:20 [restartedMain] INFO  s.d.s.w.r.o.CachingOperationNameGenerator -
				Generating unique operation named: employeeFeedbackReportUsingGET_1
2025-02-19 00:37:20 [restartedMain] INFO  s.d.s.w.r.o.CachingOperationNameGenerator -
				Generating unique operation named: feedbackWindowByIdUsingGET_1
2025-02-19 00:37:20 [restartedMain] INFO  s.d.s.w.r.o.CachingOperationNameGenerator -
				Generating unique operation named: feedbackWindowListUsingGET_1
2025-02-19 00:37:20 [restartedMain] INFO  s.d.s.w.r.o.CachingOperationNameGenerator -
				Generating unique operation named: freezeStudentAttendenceUsingPOST_1
2025-02-19 00:37:20 [restartedMain] INFO  s.d.s.w.r.o.CachingOperationNameGenerator -
				Generating unique operation named: freezeStudentAttendenceByIdUsingGET_1
2025-02-19 00:37:20 [restartedMain] INFO  s.d.s.w.r.o.CachingOperationNameGenerator -
				Generating unique operation named: freezeStudentAttendenceListUsingGET_1
2025-02-19 00:37:20 [restartedMain] INFO  s.d.s.w.r.o.CachingOperationNameGenerator -
				Generating unique operation named: getCourseListUsingGET_1
2025-02-19 00:37:20 [restartedMain] INFO  s.d.s.w.r.o.CachingOperationNameGenerator -
				Generating unique operation named: getEmployeeListUsingGET_1
2025-02-19 00:37:20 [restartedMain] INFO  s.d.s.w.r.o.CachingOperationNameGenerator -
				Generating unique operation named: getFeedbackQuestionsForStudentsListUsingGET_1
2025-02-19 00:37:20 [restartedMain] INFO  s.d.s.w.r.o.CachingOperationNameGenerator -
				Generating unique operation named: getFeedbackQuestionsForStudentsListByQuestionIdUsingGET_1
2025-02-19 00:37:20 [restartedMain] INFO  s.d.s.w.r.o.CachingOperationNameGenerator -
				Generating unique operation named: getStudentForFeedbackUsingGET_1
2025-02-19 00:37:20 [restartedMain] INFO  s.d.s.w.r.o.CachingOperationNameGenerator -
				Generating unique operation named: getStudentHaveLessAttendenceUsingPOST_1
2025-02-19 00:37:20 [restartedMain] INFO  s.d.s.w.r.o.CachingOperationNameGenerator -
				Generating unique operation named: manualAttendenceUpdateForStudentUsingPOST_1
2025-02-19 00:37:20 [restartedMain] INFO  s.d.s.w.r.o.CachingOperationNameGenerator -
				Generating unique operation named: saveClassFeedbackAnswersUsingPOST_2
2025-02-19 00:37:20 [restartedMain] INFO  s.d.s.w.r.o.CachingOperationNameGenerator -
				Generating unique operation named: studentFeedbackAnswersUsingPOST_1
2025-02-19 00:37:20 [restartedMain] INFO  s.d.s.w.r.o.CachingOperationNameGenerator -
				Generating unique operation named: updateFeedbackQuestionsForStudentsUsingPOST_1
2025-02-19 00:37:20 [restartedMain] INFO  s.d.s.w.r.o.CachingOperationNameGenerator -
				Generating unique operation named: updateFeedbackWindowUsingPOST_1
2025-02-19 00:37:20 [restartedMain] INFO  s.d.s.w.r.o.CachingOperationNameGenerator -
				Generating unique operation named: updatefreezeStudentAttendenceUsingPOST_1
2025-02-19 00:37:21 [restartedMain] INFO  s.d.s.w.s.ApiListingReferenceScanner -
				Scanning for api listing references
2025-02-19 00:37:21 [restartedMain] INFO  s.d.s.w.r.o.CachingOperationNameGenerator -
				Generating unique operation named: activateUsingDELETE_122
2025-02-19 00:37:21 [restartedMain] INFO  s.d.s.w.r.o.CachingOperationNameGenerator -
				Generating unique operation named: createAddOnFeeUsingPOST_1
2025-02-19 00:37:21 [restartedMain] INFO  s.d.s.w.r.o.CachingOperationNameGenerator -
				Generating unique operation named: deactivateUsingDELETE_122
2025-02-19 00:37:21 [restartedMain] INFO  s.d.s.w.r.o.CachingOperationNameGenerator -
				Generating unique operation named: fetchAllAddOnFeeUsingGET_1
2025-02-19 00:37:21 [restartedMain] INFO  s.d.s.w.r.o.CachingOperationNameGenerator -
				Generating unique operation named: getUsingGET_354
2025-02-19 00:37:21 [restartedMain] INFO  s.d.s.w.r.o.CachingOperationNameGenerator -
				Generating unique operation named: listAllUsingGET_290
2025-02-19 00:37:21 [restartedMain] INFO  s.d.s.w.r.o.CachingOperationNameGenerator -
				Generating unique operation named: updateUsingPUT_319
2025-02-19 00:37:21 [restartedMain] INFO  s.d.s.w.r.o.CachingOperationNameGenerator -
				Generating unique operation named: activateUsingDELETE_123
2025-02-19 00:37:21 [restartedMain] INFO  s.d.s.w.r.o.CachingOperationNameGenerator -
				Generating unique operation named: createAddOnFeeVoucherHeadWiseUsingPOST_1
2025-02-19 00:37:21 [restartedMain] INFO  s.d.s.w.r.o.CachingOperationNameGenerator -
				Generating unique operation named: deactivateUsingDELETE_123
2025-02-19 00:37:21 [restartedMain] INFO  s.d.s.w.r.o.CachingOperationNameGenerator -
				Generating unique operation named: fetchAllAddOnFeeVoucherHeadWiseUsingGET_1
2025-02-19 00:37:21 [restartedMain] INFO  s.d.s.w.r.o.CachingOperationNameGenerator -
				Generating unique operation named: getUsingGET_355
2025-02-19 00:37:21 [restartedMain] INFO  s.d.s.w.r.o.CachingOperationNameGenerator -
				Generating unique operation named: listAllUsingGET_291
2025-02-19 00:37:21 [restartedMain] INFO  s.d.s.w.r.o.CachingOperationNameGenerator -
				Generating unique operation named: updateUsingPUT_320
2025-02-19 00:37:21 [restartedMain] INFO  s.d.s.w.r.o.CachingOperationNameGenerator -
				Generating unique operation named: activateUsingDELETE_124
2025-02-19 00:37:21 [restartedMain] INFO  s.d.s.w.r.o.CachingOperationNameGenerator -
				Generating unique operation named: advancePayScaleDeductionUsingPOST_1
2025-02-19 00:37:21 [restartedMain] INFO  s.d.s.w.r.o.CachingOperationNameGenerator -
				Generating unique operation named: deactivateUsingDELETE_124
2025-02-19 00:37:21 [restartedMain] INFO  s.d.s.w.r.o.CachingOperationNameGenerator -
				Generating unique operation named: fetchTimeTableDetailsByEmployeeIdUsingGET_3
2025-02-19 00:37:21 [restartedMain] INFO  s.d.s.w.r.o.CachingOperationNameGenerator -
				Generating unique operation named: getAllDeptUsingGET_31
2025-02-19 00:37:21 [restartedMain] INFO  s.d.s.w.r.o.CachingOperationNameGenerator -
				Generating unique operation named: updateUsingPUT_321
2025-02-19 00:37:21 [restartedMain] INFO  s.d.s.w.r.o.CachingOperationNameGenerator -
				Generating unique operation named: updateEmiUsingPUT_1
2025-02-19 00:37:21 [restartedMain] INFO  s.d.s.w.r.o.CachingOperationNameGenerator -
				Generating unique operation named: deleteUsingDELETE_227
2025-02-19 00:37:21 [restartedMain] INFO  s.d.s.w.r.o.CachingOperationNameGenerator -
				Generating unique operation named: getUsingGET_356
2025-02-19 00:37:21 [restartedMain] INFO  s.d.s.w.r.o.CachingOperationNameGenerator -
				Generating unique operation named: getAliasNamesUsingGET_1
2025-02-19 00:37:21 [restartedMain] INFO  s.d.s.w.r.o.CachingOperationNameGenerator -
				Generating unique operation named: listAllUsingGET_292
2025-02-19 00:37:21 [restartedMain] INFO  s.d.s.w.r.o.CachingOperationNameGenerator -
				Generating unique operation named: saveAliasNameUsingPOST_7
2025-02-19 00:37:21 [restartedMain] INFO  s.d.s.w.r.o.CachingOperationNameGenerator -
				Generating unique operation named: updateUsingPUT_322
2025-02-19 00:37:21 [restartedMain] INFO  s.d.s.w.r.o.CachingOperationNameGenerator -
				Generating unique operation named: deleteUsingDELETE_228
2025-02-19 00:37:21 [restartedMain] INFO  s.d.s.w.r.o.CachingOperationNameGenerator -
				Generating unique operation named: delete1UsingDELETE_178
2025-02-19 00:37:21 [restartedMain] INFO  s.d.s.w.r.o.CachingOperationNameGenerator -
				Generating unique operation named: fetchAllBanknDetailsUsingGET_2
2025-02-19 00:37:21 [restartedMain] INFO  s.d.s.w.r.o.CachingOperationNameGenerator -
				Generating unique operation named: getUsingGET_357
2025-02-19 00:37:21 [restartedMain] INFO  s.d.s.w.r.o.CachingOperationNameGenerator -
				Generating unique operation named: listAllUsingGET_293
2025-02-19 00:37:21 [restartedMain] INFO  s.d.s.w.r.o.CachingOperationNameGenerator -
				Generating unique operation named: saveBankUsingPOST_2
2025-02-19 00:37:21 [restartedMain] INFO  s.d.s.w.r.o.CachingOperationNameGenerator -
				Generating unique operation named: updateUsingPUT_323
2025-02-19 00:37:21 [restartedMain] INFO  s.d.s.w.r.o.CachingOperationNameGenerator -
				Generating unique operation named: bankDetailsBasedOnSchoolIdUsingGET_1
2025-02-19 00:37:21 [restartedMain] INFO  s.d.s.w.r.o.CachingOperationNameGenerator -
				Generating unique operation named: deleteUsingDELETE_229
2025-02-19 00:37:21 [restartedMain] INFO  s.d.s.w.r.o.CachingOperationNameGenerator -
				Generating unique operation named: delete1UsingDELETE_179
2025-02-19 00:37:21 [restartedMain] INFO  s.d.s.w.r.o.CachingOperationNameGenerator -
				Generating unique operation named: fetchAllBanknDetailsUsingGET_3
2025-02-19 00:37:21 [restartedMain] INFO  s.d.s.w.r.o.CachingOperationNameGenerator -
				Generating unique operation named: getUsingGET_358
2025-02-19 00:37:21 [restartedMain] INFO  s.d.s.w.r.o.CachingOperationNameGenerator -
				Generating unique operation named: getAllbankDetailsDataUsingGET_1
2025-02-19 00:37:21 [restartedMain] INFO  s.d.s.w.r.o.CachingOperationNameGenerator -
				Generating unique operation named: getCreditDebitTotalAmountDayWiseUsingGET_1
2025-02-19 00:37:21 [restartedMain] INFO  s.d.s.w.r.o.CachingOperationNameGenerator -
				Generating unique operation named: getCreditDebitTotalAmountDayWisebyVoucherHeadWiseUsingGET_1
2025-02-19 00:37:21 [restartedMain] INFO  s.d.s.w.r.o.CachingOperationNameGenerator -
				Generating unique operation named: getCreditDebitTotalAmountMonthlyUsingGET_1
2025-02-19 00:37:21 [restartedMain] INFO  s.d.s.w.r.o.CachingOperationNameGenerator -
				Generating unique operation named: getCreditDebitTotalAmountMonthlyVoucherHeadWiseUsingGET_1
2025-02-19 00:37:21 [restartedMain] INFO  s.d.s.w.r.o.CachingOperationNameGenerator -
				Generating unique operation named: getTotalAmountBankWiseUsingGET_1
2025-02-19 00:37:21 [restartedMain] INFO  s.d.s.w.r.o.CachingOperationNameGenerator -
				Generating unique operation named: listAllUsingGET_294
2025-02-19 00:37:21 [restartedMain] INFO  s.d.s.w.r.o.CachingOperationNameGenerator -
				Generating unique operation named: saveBankUsingPOST_3
2025-02-19 00:37:21 [restartedMain] INFO  s.d.s.w.r.o.CachingOperationNameGenerator -
				Generating unique operation named: updateUsingPUT_324
2025-02-19 00:37:21 [restartedMain] INFO  s.d.s.w.r.o.CachingOperationNameGenerator -
				Generating unique operation named: activateUsingDELETE_125
2025-02-19 00:37:21 [restartedMain] INFO  s.d.s.w.r.o.CachingOperationNameGenerator -
				Generating unique operation named: createBankGroupUsingPOST_1
2025-02-19 00:37:21 [restartedMain] INFO  s.d.s.w.r.o.CachingOperationNameGenerator -
				Generating unique operation named: deactivateUsingDELETE_125
2025-02-19 00:37:21 [restartedMain] INFO  s.d.s.w.r.o.CachingOperationNameGenerator -
				Generating unique operation named: getUsingGET_359
2025-02-19 00:37:21 [restartedMain] INFO  s.d.s.w.r.o.CachingOperationNameGenerator -
				Generating unique operation named: getAllDeptUsingGET_32
2025-02-19 00:37:21 [restartedMain] INFO  s.d.s.w.r.o.CachingOperationNameGenerator -
				Generating unique operation named: listAllUsingGET_295
2025-02-19 00:37:21 [restartedMain] INFO  s.d.s.w.r.o.CachingOperationNameGenerator -
				Generating unique operation named: updateBankGroupUsingPUT_1
2025-02-19 00:37:21 [restartedMain] INFO  s.d.s.w.r.o.CachingOperationNameGenerator -
				Generating unique operation named: allBoardReceivedAmountDetailsUsingGET_1
2025-02-19 00:37:21 [restartedMain] INFO  s.d.s.w.r.o.CachingOperationNameGenerator -
				Generating unique operation named: saveBoardReceivedAmountUsingPOST_1
2025-02-19 00:37:21 [restartedMain] INFO  s.d.s.w.r.o.CachingOperationNameGenerator -
				Generating unique operation named: saveUsingPOST_1
2025-02-19 00:37:21 [restartedMain] INFO  s.d.s.w.r.o.CachingOperationNameGenerator -
				Generating unique operation named: updateUsingPUT_325
2025-02-19 00:37:21 [restartedMain] INFO  s.d.s.w.r.o.CachingOperationNameGenerator -
				Generating unique operation named: activateUsingDELETE_126
2025-02-19 00:37:21 [restartedMain] INFO  s.d.s.w.r.o.CachingOperationNameGenerator -
				Generating unique operation named: createBudgetUsingPOST_1
2025-02-19 00:37:21 [restartedMain] INFO  s.d.s.w.r.o.CachingOperationNameGenerator -
				Generating unique operation named: deactivateUsingDELETE_126
2025-02-19 00:37:21 [restartedMain] INFO  s.d.s.w.r.o.CachingOperationNameGenerator -
				Generating unique operation named: getUsingGET_360
2025-02-19 00:37:21 [restartedMain] INFO  s.d.s.w.r.o.CachingOperationNameGenerator -
				Generating unique operation named: getAllBudgetUsingGET_1
2025-02-19 00:37:21 [restartedMain] INFO  s.d.s.w.r.o.CachingOperationNameGenerator -
				Generating unique operation named: getAllBudgetDetailsDataUsingGET_1
2025-02-19 00:37:21 [restartedMain] INFO  s.d.s.w.r.o.CachingOperationNameGenerator -
				Generating unique operation named: getAllDeptUsingGET_33
2025-02-19 00:37:21 [restartedMain] INFO  s.d.s.w.r.o.CachingOperationNameGenerator -
				Generating unique operation named: getDeptDetailsBasedOnSchoolIdUsingGET_1
2025-02-19 00:37:21 [restartedMain] INFO  s.d.s.w.r.o.CachingOperationNameGenerator -
				Generating unique operation named: getVoucherHeadDataBasedOnBudgetUsingGET_1
2025-02-19 00:37:21 [restartedMain] INFO  s.d.s.w.r.o.CachingOperationNameGenerator -
				Generating unique operation named: updateUsingPUT_326
2025-02-19 00:37:21 [restartedMain] INFO  s.d.s.w.r.o.CachingOperationNameGenerator -
				Generating unique operation named: updateBudgetStatusUsingPUT_1
2025-02-19 00:37:21 [restartedMain] INFO  s.d.s.w.r.o.CachingOperationNameGenerator -
				Generating unique operation named: activateFeeReceiptUsingDELETE_2
2025-02-19 00:37:21 [restartedMain] INFO  s.d.s.w.r.o.CachingOperationNameGenerator -
				Generating unique operation named: cancelBulkFeeReceiptUsingPOST_1
2025-02-19 00:37:21 [restartedMain] INFO  s.d.s.w.r.o.CachingOperationNameGenerator -
				Generating unique operation named: deleteUsingDELETE_230
2025-02-19 00:37:21 [restartedMain] INFO  s.d.s.w.r.o.CachingOperationNameGenerator -
				Generating unique operation named: getActiveBullFeeReceiptUsingGET_1
2025-02-19 00:37:21 [restartedMain] INFO  s.d.s.w.r.o.CachingOperationNameGenerator -
				Generating unique operation named: getDataForDisplayingBulkFeeReceiptUsingGET_1
2025-02-19 00:37:21 [restartedMain] INFO  s.d.s.w.r.o.CachingOperationNameGenerator -
				Generating unique operation named: getDataForDisplayingBulkFeeReceiptAndCancelUsingGET_1
2025-02-19 00:37:21 [restartedMain] INFO  s.d.s.w.r.o.CachingOperationNameGenerator -
				Generating unique operation named: getDataForDisplayingBulkFeeReceiptByAuidUsingGET_1
2025-02-19 00:37:21 [restartedMain] INFO  s.d.s.w.r.o.CachingOperationNameGenerator -
				Generating unique operation named: getFeeReceiptByIdUsingGET_2
2025-02-19 00:37:21 [restartedMain] INFO  s.d.s.w.r.o.CachingOperationNameGenerator -
				Generating unique operation named: saveBulkFeeReceiptUsingPOST_1
2025-02-19 00:37:21 [restartedMain] INFO  s.d.s.w.r.o.CachingOperationNameGenerator -
				Generating unique operation named: updateFeeReceiptUsingPUT_2
2025-02-19 00:37:21 [restartedMain] INFO  s.d.s.w.r.o.CachingOperationNameGenerator -
				Generating unique operation named: fetchAllCancelledReceiptsUsingGET_1
2025-02-19 00:37:21 [restartedMain] INFO  s.d.s.w.r.o.CachingOperationNameGenerator -
				Generating unique operation named: CancelledTallyReceiptUsingGET_1
2025-02-19 00:37:21 [restartedMain] INFO  s.d.s.w.r.o.CachingOperationNameGenerator -
				Generating unique operation named: activateUsingDELETE_127
2025-02-19 00:37:21 [restartedMain] INFO  s.d.s.w.r.o.CachingOperationNameGenerator -
				Generating unique operation named: createCmaFeeReceiptUsingPOST_1
2025-02-19 00:37:21 [restartedMain] INFO  s.d.s.w.r.o.CachingOperationNameGenerator -
				Generating unique operation named: createMultipleCmaFeeReceiptUsingPOST_1
2025-02-19 00:37:21 [restartedMain] INFO  s.d.s.w.r.o.CachingOperationNameGenerator -
				Generating unique operation named: deactivateUsingDELETE_127
2025-02-19 00:37:21 [restartedMain] INFO  s.d.s.w.r.o.CachingOperationNameGenerator -
				Generating unique operation named: getUsingGET_361
2025-02-19 00:37:21 [restartedMain] INFO  s.d.s.w.r.o.CachingOperationNameGenerator -
				Generating unique operation named: getAllCmaFeeReceiptUsingGET_1
2025-02-19 00:37:21 [restartedMain] INFO  s.d.s.w.r.o.CachingOperationNameGenerator -
				Generating unique operation named: getAllDeptUsingGET_34
2025-02-19 00:37:21 [restartedMain] INFO  s.d.s.w.r.o.CachingOperationNameGenerator -
				Generating unique operation named: getCmaFeeReceiptByReceiptIdUsingGET_1
2025-02-19 00:37:21 [restartedMain] INFO  s.d.s.w.r.o.CachingOperationNameGenerator -
				Generating unique operation named: getUniformFeeReceiptByReceiptIdUsingGET_1
2025-02-19 00:37:21 [restartedMain] INFO  s.d.s.w.r.o.CachingOperationNameGenerator -
				Generating unique operation named: updateCmaFeeReceiptUsingPUT_1
2025-02-19 00:37:21 [restartedMain] INFO  s.d.s.w.r.o.CachingOperationNameGenerator -
				Generating unique operation named: deleteUsingDELETE_231
2025-02-19 00:37:21 [restartedMain] INFO  s.d.s.w.r.o.CachingOperationNameGenerator -
				Generating unique operation named: delete1UsingDELETE_180
2025-02-19 00:37:21 [restartedMain] INFO  s.d.s.w.r.o.CachingOperationNameGenerator -
				Generating unique operation named: getUsingGET_362
2025-02-19 00:37:21 [restartedMain] INFO  s.d.s.w.r.o.CachingOperationNameGenerator -
				Generating unique operation named: listAllUsingGET_296
2025-02-19 00:37:21 [restartedMain] INFO  s.d.s.w.r.o.CachingOperationNameGenerator -
				Generating unique operation named: listAll1UsingGET_136
2025-02-19 00:37:21 [restartedMain] INFO  s.d.s.w.r.o.CachingOperationNameGenerator -
				Generating unique operation named: saveCurrencyTypeUsingPOST_1
2025-02-19 00:37:21 [restartedMain] INFO  s.d.s.w.r.o.CachingOperationNameGenerator -
				Generating unique operation named: updateUsingPUT_327
2025-02-19 00:37:21 [restartedMain] INFO  s.d.s.w.r.o.CachingOperationNameGenerator -
				Generating unique operation named: delete1UsingDELETE_181
2025-02-19 00:37:21 [restartedMain] INFO  s.d.s.w.r.o.CachingOperationNameGenerator -
				Generating unique operation named: delete2UsingDELETE_6
2025-02-19 00:37:21 [restartedMain] INFO  s.d.s.w.r.o.CachingOperationNameGenerator -
				Generating unique operation named: getActiveDetailsUsingGET_5
2025-02-19 00:37:21 [restartedMain] INFO  s.d.s.w.r.o.CachingOperationNameGenerator -
				Generating unique operation named: getAllDdDetailsUsingGET_2
2025-02-19 00:37:21 [restartedMain] INFO  s.d.s.w.r.o.CachingOperationNameGenerator -
				Generating unique operation named: getDdDetailsbyIdUsingGET_1
2025-02-19 00:37:21 [restartedMain] INFO  s.d.s.w.r.o.CachingOperationNameGenerator -
				Generating unique operation named: saveDdDetailsUsingPOST_1
2025-02-19 00:37:21 [restartedMain] INFO  s.d.s.w.r.o.CachingOperationNameGenerator -
				Generating unique operation named: updateDdDetailsUsingPUT_1
2025-02-19 00:37:21 [restartedMain] INFO  s.d.s.w.r.o.CachingOperationNameGenerator -
				Generating unique operation named: deleteUsingDELETE_232
2025-02-19 00:37:21 [restartedMain] INFO  s.d.s.w.r.o.CachingOperationNameGenerator -
				Generating unique operation named: delete1UsingDELETE_182
2025-02-19 00:37:21 [restartedMain] INFO  s.d.s.w.r.o.CachingOperationNameGenerator -
				Generating unique operation named: dollarToInrConversionUsingPOST_1
2025-02-19 00:37:21 [restartedMain] INFO  s.d.s.w.r.o.CachingOperationNameGenerator -
				Generating unique operation named: getUsingGET_363
2025-02-19 00:37:21 [restartedMain] INFO  s.d.s.w.r.o.CachingOperationNameGenerator -
				Generating unique operation named: listAllUsingGET_297
2025-02-19 00:37:21 [restartedMain] INFO  s.d.s.w.r.o.CachingOperationNameGenerator -
				Generating unique operation named: listAll1UsingGET_137
2025-02-19 00:37:21 [restartedMain] INFO  s.d.s.w.r.o.CachingOperationNameGenerator -
				Generating unique operation named: updateUsingPUT_328
2025-02-19 00:37:21 [restartedMain] INFO  s.d.s.w.r.o.CachingOperationNameGenerator -
				Generating unique operation named: activateUsingDELETE_128
2025-02-19 00:37:21 [restartedMain] INFO  s.d.s.w.r.o.CachingOperationNameGenerator -
				Generating unique operation named: deactivateUsingDELETE_128
2025-02-19 00:37:21 [restartedMain] INFO  s.d.s.w.r.o.CachingOperationNameGenerator -
				Generating unique operation named: deleteDraftPaymentVoucherUsingDELETE_2
2025-02-19 00:37:21 [restartedMain] INFO  s.d.s.w.r.o.CachingOperationNameGenerator -
				Generating unique operation named: getUsingGET_364
2025-02-19 00:37:21 [restartedMain] INFO  s.d.s.w.r.o.CachingOperationNameGenerator -
				Generating unique operation named: getAllJournalVoucherUsingGET_2
2025-02-19 00:37:21 [restartedMain] INFO  s.d.s.w.r.o.CachingOperationNameGenerator -
				Generating unique operation named: getDraftJournalVoucherDataUsingGET_1
2025-02-19 00:37:21 [restartedMain] INFO  s.d.s.w.r.o.CachingOperationNameGenerator -
				Generating unique operation named: getdraftJournalVoucherAttachmentByVoucherNoUsingGET_1
2025-02-19 00:37:21 [restartedMain] INFO  s.d.s.w.r.o.CachingOperationNameGenerator -
				Generating unique operation named: listAllUsingGET_298
2025-02-19 00:37:21 [restartedMain] INFO  s.d.s.w.r.o.CachingOperationNameGenerator -
				Generating unique operation named: saveJournalVoucherUsingPOST_2
2025-02-19 00:37:21 [restartedMain] INFO  s.d.s.w.r.o.CachingOperationNameGenerator -
				Generating unique operation named: updateUsingPUT_329
2025-02-19 00:37:21 [restartedMain] INFO  s.d.s.w.r.o.CachingOperationNameGenerator -
				Generating unique operation named: uploadFileUsingPOST_45
2025-02-19 00:37:21 [restartedMain] INFO  s.d.s.w.r.o.CachingOperationNameGenerator -
				Generating unique operation named: viewFilesUsingGET_45
2025-02-19 00:37:21 [restartedMain] INFO  s.d.s.w.r.o.CachingOperationNameGenerator -
				Generating unique operation named: activateUsingDELETE_129
2025-02-19 00:37:21 [restartedMain] INFO  s.d.s.w.r.o.CachingOperationNameGenerator -
				Generating unique operation named: deactivateUsingDELETE_129
2025-02-19 00:37:21 [restartedMain] INFO  s.d.s.w.r.o.CachingOperationNameGenerator -
				Generating unique operation named: deleteDraftPaymentVoucherUsingDELETE_3
2025-02-19 00:37:21 [restartedMain] INFO  s.d.s.w.r.o.CachingOperationNameGenerator -
				Generating unique operation named: getUsingGET_365
2025-02-19 00:37:21 [restartedMain] INFO  s.d.s.w.r.o.CachingOperationNameGenerator -
				Generating unique operation named: getAllExamDetailsUsingGET_3
2025-02-19 00:37:21 [restartedMain] INFO  s.d.s.w.r.o.CachingOperationNameGenerator -
				Generating unique operation named: getDraftPaymentVoucherDataUsingGET_1
2025-02-19 00:37:21 [restartedMain] INFO  s.d.s.w.r.o.CachingOperationNameGenerator -
				Generating unique operation named: listAllUsingGET_299
2025-02-19 00:37:21 [restartedMain] INFO  s.d.s.w.r.o.CachingOperationNameGenerator -
				Generating unique operation named: saveDraftPaymentVoucherUsingPOST_1
2025-02-19 00:37:21 [restartedMain] INFO  s.d.s.w.r.o.CachingOperationNameGenerator -
				Generating unique operation named: updateUsingPUT_330
2025-02-19 00:37:21 [restartedMain] INFO  s.d.s.w.r.o.CachingOperationNameGenerator -
				Generating unique operation named: uploadFileUsingPOST_46
2025-02-19 00:37:21 [restartedMain] INFO  s.d.s.w.r.o.CachingOperationNameGenerator -
				Generating unique operation named: viewFilesUsingGET_46
2025-02-19 00:37:21 [restartedMain] INFO  s.d.s.w.r.o.CachingOperationNameGenerator -
				Generating unique operation named: activateUsingDELETE_130
2025-02-19 00:37:21 [restartedMain] INFO  s.d.s.w.r.o.CachingOperationNameGenerator -
				Generating unique operation named: deactivateUsingDELETE_130
2025-02-19 00:37:21 [restartedMain] INFO  s.d.s.w.r.o.CachingOperationNameGenerator -
				Generating unique operation named: fetchAllAdministrationEmailIdsDetailUsingGET_23
2025-02-19 00:37:21 [restartedMain] INFO  s.d.s.w.r.o.CachingOperationNameGenerator -
				Generating unique operation named: getUsingGET_366
2025-02-19 00:37:21 [restartedMain] INFO  s.d.s.w.r.o.CachingOperationNameGenerator -
				Generating unique operation named: getAllActiveEnvBillDetailsUsingGET_1
2025-02-19 00:37:21 [restartedMain] INFO  s.d.s.w.r.o.CachingOperationNameGenerator -
				Generating unique operation named: getEnvBillDetailsdataUsingGET_1
2025-02-19 00:37:21 [restartedMain] INFO  s.d.s.w.r.o.CachingOperationNameGenerator -
				Generating unique operation named: saveEnvBillDetailsUsingPOST_1
2025-02-19 00:37:21 [restartedMain] INFO  s.d.s.w.r.o.CachingOperationNameGenerator -
				Generating unique operation named: updateEnvBillDetailsUsingPUT_1
2025-02-19 00:37:21 [restartedMain] INFO  s.d.s.w.r.o.CachingOperationNameGenerator -
				Generating unique operation named: uploadFileUsingPOST_47
2025-02-19 00:37:21 [restartedMain] INFO  s.d.s.w.r.o.CachingOperationNameGenerator -
				Generating unique operation named: viewFilesUsingGET_47
2025-02-19 00:37:21 [restartedMain] INFO  s.d.s.w.r.o.CachingOperationNameGenerator -
				Generating unique operation named: createExamFeeReceiptUsingPOST_1
2025-02-19 00:37:21 [restartedMain] INFO  s.d.s.w.r.o.CachingOperationNameGenerator -
				Generating unique operation named: getExamFeeReceiptUsingGET_1
2025-02-19 00:37:21 [restartedMain] INFO  s.d.s.w.r.o.CachingOperationNameGenerator -
				Generating unique operation named: getExamFeeReceiptForRceiptByFeeRceiptIdUsingGET_1
2025-02-19 00:37:21 [restartedMain] INFO  s.d.s.w.r.o.CachingOperationNameGenerator -
				Generating unique operation named: deleteUsingDELETE_233
2025-02-19 00:37:21 [restartedMain] INFO  s.d.s.w.r.o.CachingOperationNameGenerator -
				Generating unique operation named: delete1UsingDELETE_183
2025-02-19 00:37:21 [restartedMain] INFO  s.d.s.w.r.o.CachingOperationNameGenerator -
				Generating unique operation named: getUsingGET_367
2025-02-19 00:37:21 [restartedMain] INFO  s.d.s.w.r.o.CachingOperationNameGenerator -
				Generating unique operation named: listAllUsingGET_300
2025-02-19 00:37:21 [restartedMain] INFO  s.d.s.w.r.o.CachingOperationNameGenerator -
				Generating unique operation named: listAll1UsingGET_138
2025-02-19 00:37:21 [restartedMain] INFO  s.d.s.w.r.o.CachingOperationNameGenerator -
				Generating unique operation named: saveSubjectTypeUsingPOST_32
2025-02-19 00:37:21 [restartedMain] INFO  s.d.s.w.r.o.CachingOperationNameGenerator -
				Generating unique operation named: updateUsingPUT_331
2025-02-19 00:37:21 [restartedMain] INFO  s.d.s.w.r.o.CachingOperationNameGenerator -
				Generating unique operation named: createFeePaymentWindowUsingPOST_1
2025-02-19 00:37:21 [restartedMain] INFO  s.d.s.w.r.o.CachingOperationNameGenerator -
				Generating unique operation named: feePaymentDetailsForExamFeeByStudetIdUsingGET_1
2025-02-19 00:37:21 [restartedMain] INFO  s.d.s.w.r.o.CachingOperationNameGenerator -
				Generating unique operation named: feePaymentDetailsForPaymentUsingGET_1
2025-02-19 00:37:21 [restartedMain] INFO  s.d.s.w.r.o.CachingOperationNameGenerator -
				Generating unique operation named: getUsingGET_368
2025-02-19 00:37:21 [restartedMain] INFO  s.d.s.w.r.o.CachingOperationNameGenerator -
				Generating unique operation named: getAllDdDetailsUsingGET_3
2025-02-19 00:37:21 [restartedMain] INFO  s.d.s.w.r.o.CachingOperationNameGenerator -
				Generating unique operation named: getFeePaymentWindowBasedOnUserIdUsingGET_1
2025-02-19 00:37:21 [restartedMain] INFO  s.d.s.w.r.o.CachingOperationNameGenerator -
				Generating unique operation named: getvoucherHeadDetailsBasedOnSchoolIdUsingGET_1
2025-02-19 00:37:21 [restartedMain] INFO  s.d.s.w.r.o.CachingOperationNameGenerator -
				Generating unique operation named: updateFeePaymentWindowUsingPUT_1
2025-02-19 00:37:21 [restartedMain] INFO  s.d.s.w.r.o.CachingOperationNameGenerator -
				Generating unique operation named: uploadFileUsingPOST_48
2025-02-19 00:37:21 [restartedMain] INFO  s.d.s.w.r.o.CachingOperationNameGenerator -
				Generating unique operation named: viewFilesUsingGET_48
2025-02-19 00:37:21 [restartedMain] INFO  s.d.s.w.r.o.CachingOperationNameGenerator -
				Generating unique operation named: activateFeeReceiptUsingDELETE_3
2025-02-19 00:37:21 [restartedMain] INFO  s.d.s.w.r.o.CachingOperationNameGenerator -
				Generating unique operation named: cancelFeeReceipt1UsingPOST_1
2025-02-19 00:37:21 [restartedMain] INFO  s.d.s.w.r.o.CachingOperationNameGenerator -
				Generating unique operation named: changeOfCourseFeePaidStatusByStudentIdUsingGET_1
2025-02-19 00:37:21 [restartedMain] INFO  s.d.s.w.r.o.CachingOperationNameGenerator -
				Generating unique operation named: checkDuesOnSemForGeneratingNoDuesUsingGET_1
2025-02-19 00:37:21 [restartedMain] INFO  s.d.s.w.r.o.CachingOperationNameGenerator -
				Generating unique operation named: cmaDueAmountCalculationOnYearWiseForFeeReceiptUsingGET_1
2025-02-19 00:37:21 [restartedMain] INFO  s.d.s.w.r.o.CachingOperationNameGenerator -
				Generating unique operation named: deleteUsingDELETE_234
2025-02-19 00:37:21 [restartedMain] INFO  s.d.s.w.r.o.CachingOperationNameGenerator -
				Generating unique operation named: dueAmountCalculationOnVocherHeadWiseAndYearWiseForFeeReceiptUsingGET_1
2025-02-19 00:37:21 [restartedMain] INFO  s.d.s.w.r.o.CachingOperationNameGenerator -
				Generating unique operation named: feeReceiptByStudenIdUsingGET_1
2025-02-19 00:37:21 [restartedMain] INFO  s.d.s.w.r.o.CachingOperationNameGenerator -
				Generating unique operation named: feeReceiptTransferUsingPUT_1
2025-02-19 00:37:21 [restartedMain] INFO  s.d.s.w.r.o.CachingOperationNameGenerator -
				Generating unique operation named: fetchAllFeeReceiptUsingGET_1
2025-02-19 00:37:21 [restartedMain] INFO  s.d.s.w.r.o.CachingOperationNameGenerator -
				Generating unique operation named: getActiveFeeReceiptUsingGET_1
2025-02-19 00:37:21 [restartedMain] INFO  s.d.s.w.r.o.CachingOperationNameGenerator -
				Generating unique operation named: getAllDataOfFeeReceiptForFormatingUsingGET_1
2025-02-19 00:37:21 [restartedMain] INFO  s.d.s.w.r.o.CachingOperationNameGenerator -
				Generating unique operation named: getAllFeeReceiptUsingGET_2
2025-02-19 00:37:21 [restartedMain] INFO  s.d.s.w.r.o.CachingOperationNameGenerator -
				Generating unique operation named: getDataForDisplayingAndCancelFeeReceiptUsingGET_1
2025-02-19 00:37:21 [restartedMain] INFO  s.d.s.w.r.o.CachingOperationNameGenerator -
				Generating unique operation named: getDataForDisplayingFeeReceiptUsingGET_1
2025-02-19 00:37:21 [restartedMain] INFO  s.d.s.w.r.o.CachingOperationNameGenerator -
				Generating unique operation named: getFeeReceiptByIdUsingGET_3
2025-02-19 00:37:21 [restartedMain] INFO  s.d.s.w.r.o.CachingOperationNameGenerator -
				Generating unique operation named: getFeeReceiptDetailsUsingGET_1
2025-02-19 00:37:21 [restartedMain] INFO  s.d.s.w.r.o.CachingOperationNameGenerator -
				Generating unique operation named: getFeeReceiptDetailsDataUsingGET_1
2025-02-19 00:37:21 [restartedMain] INFO  s.d.s.w.r.o.CachingOperationNameGenerator -
				Generating unique operation named: getFeeReceipyWiseAndUserWiseDataUsingGET_1
2025-02-19 00:37:21 [restartedMain] INFO  s.d.s.w.r.o.CachingOperationNameGenerator -
				Generating unique operation named: hostelBulkFeeReceiptDetailsByFeeReceiptIdUsingGET_1
2025-02-19 00:37:21 [restartedMain] INFO  s.d.s.w.r.o.CachingOperationNameGenerator -
				Generating unique operation named: hostelDueCalculationVocherHeadWiseUsingGET_1
2025-02-19 00:37:21 [restartedMain] INFO  s.d.s.w.r.o.CachingOperationNameGenerator -
				Generating unique operation named: hostelFeeReceiptDetailsByFeeReceiptIdUsingGET_1
2025-02-19 00:37:21 [restartedMain] INFO  s.d.s.w.r.o.CachingOperationNameGenerator -
				Generating unique operation named: saveFeeReceiptUsingPOST_1
2025-02-19 00:37:21 [restartedMain] INFO  s.d.s.w.r.o.CachingOperationNameGenerator -
				Generating unique operation named: uniformAndStationaryDueAmountCalculationOnYearWiseForFeeReceiptUsingGET_1
2025-02-19 00:37:21 [restartedMain] INFO  s.d.s.w.r.o.CachingOperationNameGenerator -
				Generating unique operation named: updateFeeReceiptUsingPUT_3
2025-02-19 00:37:21 [restartedMain] INFO  s.d.s.w.r.o.CachingOperationNameGenerator -
				Generating unique operation named: updationOfBankTransactionHistoryIdUsingPUT_1
2025-02-19 00:37:21 [restartedMain] INFO  s.d.s.w.r.o.CachingOperationNameGenerator -
				Generating unique operation named: FetchFeeTemplateDetailsByFeeTemplateIdUsingGET_1
2025-02-19 00:37:21 [restartedMain] INFO  s.d.s.w.r.o.CachingOperationNameGenerator -
				Generating unique operation named: FetchStudentDetailsByFeeTemplateIdUsingGET_1
2025-02-19 00:37:21 [restartedMain] INFO  s.d.s.w.r.o.CachingOperationNameGenerator -
				Generating unique operation named: copyFeeTemplatesUsingPOST_1
2025-02-19 00:37:21 [restartedMain] INFO  s.d.s.w.r.o.CachingOperationNameGenerator -
				Generating unique operation named: countRecordsUsingGET_5
2025-02-19 00:37:21 [restartedMain] INFO  s.d.s.w.r.o.CachingOperationNameGenerator -
				Generating unique operation named: deleteUsingDELETE_235
2025-02-19 00:37:21 [restartedMain] INFO  s.d.s.w.r.o.CachingOperationNameGenerator -
				Generating unique operation named: delete1UsingDELETE_184
2025-02-19 00:37:21 [restartedMain] INFO  s.d.s.w.r.o.CachingOperationNameGenerator -
				Generating unique operation named: delete2UsingDELETE_7
2025-02-19 00:37:21 [restartedMain] INFO  s.d.s.w.r.o.CachingOperationNameGenerator -
				Generating unique operation named: fetchUsingGET_3
2025-02-19 00:37:21 [restartedMain] INFO  s.d.s.w.r.o.CachingOperationNameGenerator -
				Generating unique operation named: fetch2UsingGET_2
2025-02-19 00:37:21 [restartedMain] INFO  s.d.s.w.r.o.CachingOperationNameGenerator -
				Generating unique operation named: fetch3UsingGET_1
2025-02-19 00:37:21 [restartedMain] INFO  s.d.s.w.r.o.CachingOperationNameGenerator -
				Generating unique operation named: fetch4UsingGET_1
2025-02-19 00:37:21 [restartedMain] INFO  s.d.s.w.r.o.CachingOperationNameGenerator -
				Generating unique operation named: fetchCountOfStudentDetailsByFeeTemplateIdUsingGET_1
2025-02-19 00:37:21 [restartedMain] INFO  s.d.s.w.r.o.CachingOperationNameGenerator -
				Generating unique operation named: getUsingGET_369
2025-02-19 00:37:21 [restartedMain] INFO  s.d.s.w.r.o.CachingOperationNameGenerator -
				Generating unique operation named: getFeeTemplateDetailsDataUsingGET_1
2025-02-19 00:37:21 [restartedMain] INFO  s.d.s.w.r.o.CachingOperationNameGenerator -
				Generating unique operation named: listAllUsingGET_301
2025-02-19 00:37:21 [restartedMain] INFO  s.d.s.w.r.o.CachingOperationNameGenerator -
				Generating unique operation named: listAll1UsingGET_139
2025-02-19 00:37:21 [restartedMain] INFO  s.d.s.w.r.o.CachingOperationNameGenerator -
				Generating unique operation named: listAll2UsingGET_3
2025-02-19 00:37:21 [restartedMain] INFO  s.d.s.w.r.o.CachingOperationNameGenerator -
				Generating unique operation named: listAllAcYearIdUsingGET_1
2025-02-19 00:37:21 [restartedMain] INFO  s.d.s.w.r.o.CachingOperationNameGenerator -
				Generating unique operation named: saveFeeTemplateUsingPOST_2
2025-02-19 00:37:21 [restartedMain] INFO  s.d.s.w.r.o.CachingOperationNameGenerator -
				Generating unique operation named: saveFeeTemplateUsingPOST_3
2025-02-19 00:37:21 [restartedMain] INFO  s.d.s.w.r.o.CachingOperationNameGenerator -
				Generating unique operation named: updateUsingPUT_332
2025-02-19 00:37:21 [restartedMain] INFO  s.d.s.w.r.o.CachingOperationNameGenerator -
				Generating unique operation named: updatesUsingPUT_2
2025-02-19 00:37:21 [restartedMain] INFO  s.d.s.w.r.o.CachingOperationNameGenerator -
				Generating unique operation named: uploadFileUsingPOST_49
2025-02-19 00:37:21 [restartedMain] INFO  s.d.s.w.r.o.CachingOperationNameGenerator -
				Generating unique operation named: viewFilesUsingGET_49
2025-02-19 00:37:21 [restartedMain] INFO  s.d.s.w.r.o.CachingOperationNameGenerator -
				Generating unique operation named: fetch1UsingGET_5
2025-02-19 00:37:21 [restartedMain] INFO  s.d.s.w.r.o.CachingOperationNameGenerator -
				Generating unique operation named: getUsingGET_370
2025-02-19 00:37:21 [restartedMain] INFO  s.d.s.w.r.o.CachingOperationNameGenerator -
				Generating unique operation named: listAllUsingGET_302
2025-02-19 00:37:21 [restartedMain] INFO  s.d.s.w.r.o.CachingOperationNameGenerator -
				Generating unique operation named: activateUsingDELETE_131
2025-02-19 00:37:21 [restartedMain] INFO  s.d.s.w.r.o.CachingOperationNameGenerator -
				Generating unique operation named: deactivateUsingDELETE_131
2025-02-19 00:37:21 [restartedMain] INFO  s.d.s.w.r.o.CachingOperationNameGenerator -
				Generating unique operation named: getUsingGET_371
2025-02-19 00:37:21 [restartedMain] INFO  s.d.s.w.r.o.CachingOperationNameGenerator -
				Generating unique operation named: getFeeTemplateRemarksDetailsUsingGET_1
2025-02-19 00:37:21 [restartedMain] INFO  s.d.s.w.r.o.CachingOperationNameGenerator -
				Generating unique operation named: listAllUsingGET_303
2025-02-19 00:37:21 [restartedMain] INFO  s.d.s.w.r.o.CachingOperationNameGenerator -
				Generating unique operation named: saveFeeTemplateRemarksUsingPOST_1
2025-02-19 00:37:21 [restartedMain] INFO  s.d.s.w.r.o.CachingOperationNameGenerator -
				Generating unique operation named: updateFeeTemplateRemarksUsingPUT_1
2025-02-19 00:37:21 [restartedMain] INFO  s.d.s.w.r.o.CachingOperationNameGenerator -
				Generating unique operation named: deleteUsingDELETE_236
2025-02-19 00:37:21 [restartedMain] INFO  s.d.s.w.r.o.CachingOperationNameGenerator -
				Generating unique operation named: fetch1UsingGET_6
2025-02-19 00:37:21 [restartedMain] INFO  s.d.s.w.r.o.CachingOperationNameGenerator -
				Generating unique operation named: fetch2UsingGET_3
2025-02-19 00:37:21 [restartedMain] INFO  s.d.s.w.r.o.CachingOperationNameGenerator -
				Generating unique operation named: getUsingGET_372
2025-02-19 00:37:21 [restartedMain] INFO  s.d.s.w.r.o.CachingOperationNameGenerator -
				Generating unique operation named: listAllUsingGET_304
2025-02-19 00:37:21 [restartedMain] INFO  s.d.s.w.r.o.CachingOperationNameGenerator -
				Generating unique operation named: saveFeeTemplateSubAmountUsingPOST_2
2025-02-19 00:37:21 [restartedMain] INFO  s.d.s.w.r.o.CachingOperationNameGenerator -
				Generating unique operation named: saveFeeTemplateSubAmountUsingPOST_3
2025-02-19 00:37:21 [restartedMain] INFO  s.d.s.w.r.o.CachingOperationNameGenerator -
				Generating unique operation named: saveFeeTemplateSubAmount2UsingPOST_1
2025-02-19 00:37:21 [restartedMain] INFO  s.d.s.w.r.o.CachingOperationNameGenerator -
				Generating unique operation named: updateUsingPUT_333
2025-02-19 00:37:21 [restartedMain] INFO  s.d.s.w.r.o.CachingOperationNameGenerator -
				Generating unique operation named: updateUsingPUT_334
2025-02-19 00:37:21 [restartedMain] INFO  s.d.s.w.r.o.CachingOperationNameGenerator -
				Generating unique operation named: update1UsingPUT_4
2025-02-19 00:37:21 [restartedMain] INFO  s.d.s.w.r.o.CachingOperationNameGenerator -
				Generating unique operation named: updatesUsingPUT_3
2025-02-19 00:37:21 [restartedMain] INFO  s.d.s.w.r.o.CachingOperationNameGenerator -
				Generating unique operation named: deleteUsingDELETE_237
2025-02-19 00:37:21 [restartedMain] INFO  s.d.s.w.r.o.CachingOperationNameGenerator -
				Generating unique operation named: getUsingGET_373
2025-02-19 00:37:21 [restartedMain] INFO  s.d.s.w.r.o.CachingOperationNameGenerator -
				Generating unique operation named: listAllUsingGET_305
2025-02-19 00:37:21 [restartedMain] INFO  s.d.s.w.r.o.CachingOperationNameGenerator -
				Generating unique operation named: listAll1UsingGET_140
2025-02-19 00:37:21 [restartedMain] INFO  s.d.s.w.r.o.CachingOperationNameGenerator -
				Generating unique operation named: saveFeeTemplateSubAmountHistoryUsingPOST_1
2025-02-19 00:37:21 [restartedMain] INFO  s.d.s.w.r.o.CachingOperationNameGenerator -
				Generating unique operation named: updateUsingPUT_335
2025-02-19 00:37:21 [restartedMain] INFO  s.d.s.w.r.o.CachingOperationNameGenerator -
				Generating unique operation named: getAllHostelDueUsingGET_1
2025-02-19 00:37:21 [restartedMain] INFO  s.d.s.w.r.o.CachingOperationNameGenerator -
				Generating unique operation named: getHostelDueReportByAcademicYearGroupedByBlockUsingGET_1
2025-02-19 00:37:21 [restartedMain] INFO  s.d.s.w.r.o.CachingOperationNameGenerator -
				Generating unique operation named: studentHostelDueUsingGET_1
2025-02-19 00:37:21 [restartedMain] INFO  s.d.s.w.r.o.CachingOperationNameGenerator -
				Generating unique operation named: countOfStudentBasedOnHostelFeeTemplateIdUsingGET_1
2025-02-19 00:37:21 [restartedMain] INFO  s.d.s.w.r.o.CachingOperationNameGenerator -
				Generating unique operation named: deleteUsingDELETE_238
2025-02-19 00:37:21 [restartedMain] INFO  s.d.s.w.r.o.CachingOperationNameGenerator -
				Generating unique operation named: delete1UsingDELETE_185
2025-02-19 00:37:21 [restartedMain] INFO  s.d.s.w.r.o.CachingOperationNameGenerator -
				Generating unique operation named: getUsingGET_374
2025-02-19 00:37:21 [restartedMain] INFO  s.d.s.w.r.o.CachingOperationNameGenerator -
				Generating unique operation named: getHostelFeeTemplateDetailsUsingGET_1
2025-02-19 00:37:21 [restartedMain] INFO  s.d.s.w.r.o.CachingOperationNameGenerator -
				Generating unique operation named: hostelFeeTemplateByAcademicYearAndSchoolUsingGET_1
2025-02-19 00:37:21 [restartedMain] INFO  s.d.s.w.r.o.CachingOperationNameGenerator -
				Generating unique operation named: hostemFeeTemplateIndexUsingGET_1
2025-02-19 00:37:21 [restartedMain] INFO  s.d.s.w.r.o.CachingOperationNameGenerator -
				Generating unique operation named: listAllUsingGET_306
2025-02-19 00:37:21 [restartedMain] INFO  s.d.s.w.r.o.CachingOperationNameGenerator -
				Generating unique operation named: listAll1UsingGET_141
2025-02-19 00:37:21 [restartedMain] INFO  s.d.s.w.r.o.CachingOperationNameGenerator -
				Generating unique operation named: saveSubjectTypeUsingPOST_33
2025-02-19 00:37:21 [restartedMain] INFO  s.d.s.w.r.o.CachingOperationNameGenerator -
				Generating unique operation named: updateUsingPUT_336
2025-02-19 00:37:21 [restartedMain] INFO  s.d.s.w.r.o.CachingOperationNameGenerator -
				Generating unique operation named: fetchAllHostelHeadWiseAmtDetailsUsingGET_2
2025-02-19 00:37:21 [restartedMain] INFO  s.d.s.w.r.o.CachingOperationNameGenerator -
				Generating unique operation named: getHostelFeeTemplateSlotsUsingGET_1
2025-02-19 00:37:21 [restartedMain] INFO  s.d.s.w.r.o.CachingOperationNameGenerator -
				Generating unique operation named: saveAcademicYearUsingPOST_11
2025-02-19 00:37:21 [restartedMain] INFO  s.d.s.w.r.o.CachingOperationNameGenerator -
				Generating unique operation named: fetchAllHostelHeadWiseAmtDetailsUsingGET_3
2025-02-19 00:37:21 [restartedMain] INFO  s.d.s.w.r.o.CachingOperationNameGenerator -
				Generating unique operation named: hostelHeadWiseAmtOnFeeTemplateIdUsingGET_1
2025-02-19 00:37:21 [restartedMain] INFO  s.d.s.w.r.o.CachingOperationNameGenerator -
				Generating unique operation named: saveHostelHeadWiseAmtUsingPOST_1
2025-02-19 00:37:21 [restartedMain] INFO  s.d.s.w.r.o.CachingOperationNameGenerator -
				Generating unique operation named: voucherHeadNewOnHostelStatusUsingGET_1
2025-02-19 00:37:21 [restartedMain] INFO  s.d.s.w.r.o.CachingOperationNameGenerator -
				Generating unique operation named: checkAuidWithTypeIsAlreadyPresentOrNotUsingGET_1
2025-02-19 00:37:21 [restartedMain] INFO  s.d.s.w.r.o.CachingOperationNameGenerator -
				Generating unique operation named: createHostelWaiverUsingPOST_1
2025-02-19 00:37:21 [restartedMain] INFO  s.d.s.w.r.o.CachingOperationNameGenerator -
				Generating unique operation named: deleteUsingDELETE_239
2025-02-19 00:37:21 [restartedMain] INFO  s.d.s.w.r.o.CachingOperationNameGenerator -
				Generating unique operation named: delete1UsingDELETE_186
2025-02-19 00:37:21 [restartedMain] INFO  s.d.s.w.r.o.CachingOperationNameGenerator -
				Generating unique operation named: downloadFileUsingGET_19
2025-02-19 00:37:21 [restartedMain] INFO  s.d.s.w.r.o.CachingOperationNameGenerator -
				Generating unique operation named: getUsingGET_375
2025-02-19 00:37:21 [restartedMain] INFO  s.d.s.w.r.o.CachingOperationNameGenerator -
				Generating unique operation named: get1UsingGET_7
2025-02-19 00:37:21 [restartedMain] INFO  s.d.s.w.r.o.CachingOperationNameGenerator -
				Generating unique operation named: getAllDataOfFeeReceiptForFormating1UsingGET_1
2025-02-19 00:37:21 [restartedMain] INFO  s.d.s.w.r.o.CachingOperationNameGenerator -
				Generating unique operation named: getAllHostelBlocksDetailsUsingGET_2
2025-02-19 00:37:21 [restartedMain] INFO  s.d.s.w.r.o.CachingOperationNameGenerator -
				Generating unique operation named: listAll1UsingGET_142
2025-02-19 00:37:21 [restartedMain] INFO  s.d.s.w.r.o.CachingOperationNameGenerator -
				Generating unique operation named: savehostelwaiverAttachmentsUsingPOST_3
2025-02-19 00:37:21 [restartedMain] INFO  s.d.s.w.r.o.CachingOperationNameGenerator -
				Generating unique operation named: updateUsingPUT_337
2025-02-19 00:37:21 [restartedMain] INFO  s.d.s.w.r.o.CachingOperationNameGenerator -
				Generating unique operation named: uploadFileUsingPOST_50
2025-02-19 00:37:21 [restartedMain] INFO  s.d.s.w.r.o.CachingOperationNameGenerator -
				Generating unique operation named: activateUsingDELETE_132
2025-02-19 00:37:21 [restartedMain] INFO  s.d.s.w.r.o.CachingOperationNameGenerator -
				Generating unique operation named: deactivateUsingDELETE_132
2025-02-19 00:37:21 [restartedMain] INFO  s.d.s.w.r.o.CachingOperationNameGenerator -
				Generating unique operation named: getUsingGET_376
2025-02-19 00:37:21 [restartedMain] INFO  s.d.s.w.r.o.CachingOperationNameGenerator -
				Generating unique operation named: getAllJournalVoucherUsingGET_3
2025-02-19 00:37:21 [restartedMain] INFO  s.d.s.w.r.o.CachingOperationNameGenerator -
				Generating unique operation named: getJournalVoucherByVoucherNumberUsingGET_1
2025-02-19 00:37:21 [restartedMain] INFO  s.d.s.w.r.o.CachingOperationNameGenerator -
				Generating unique operation named: getJournalVoucherDataUsingGET_1
2025-02-19 00:37:21 [restartedMain] INFO  s.d.s.w.r.o.CachingOperationNameGenerator -
				Generating unique operation named: getjournalVoucherAttachmentByVoucherNoUsingGET_1
2025-02-19 00:37:21 [restartedMain] INFO  s.d.s.w.r.o.CachingOperationNameGenerator -
				Generating unique operation named: journalVoucherCreationByMonthAndYearUsingPOST_1
2025-02-19 00:37:21 [restartedMain] INFO  s.d.s.w.r.o.CachingOperationNameGenerator -
				Generating unique operation named: journalVoucherFileDownloadUsingGET_1
2025-02-19 00:37:21 [restartedMain] INFO  s.d.s.w.r.o.CachingOperationNameGenerator -
				Generating unique operation named: listAllUsingGET_307
2025-02-19 00:37:21 [restartedMain] INFO  s.d.s.w.r.o.CachingOperationNameGenerator -
				Generating unique operation named: saveJournalVoucherUsingPOST_3
2025-02-19 00:37:21 [restartedMain] INFO  s.d.s.w.r.o.CachingOperationNameGenerator -
				Generating unique operation named: updateUsingPUT_338
2025-02-19 00:37:21 [restartedMain] INFO  s.d.s.w.r.o.CachingOperationNameGenerator -
				Generating unique operation named: uploadFileUsingPOST_51
2025-02-19 00:37:21 [restartedMain] INFO  s.d.s.w.r.o.CachingOperationNameGenerator -
				Generating unique operation named: CountLedgerByGroupIdUsingGET_1
2025-02-19 00:37:21 [restartedMain] INFO  s.d.s.w.r.o.CachingOperationNameGenerator -
				Generating unique operation named: deleteUsingDELETE_240
2025-02-19 00:37:21 [restartedMain] INFO  s.d.s.w.r.o.CachingOperationNameGenerator -
				Generating unique operation named: delete1UsingDELETE_187
2025-02-19 00:37:21 [restartedMain] INFO  s.d.s.w.r.o.CachingOperationNameGenerator -
				Generating unique operation named: getUsingGET_377
2025-02-19 00:37:21 [restartedMain] INFO  s.d.s.w.r.o.CachingOperationNameGenerator -
				Generating unique operation named: getLedgerByGroupIdUsingGET_1
2025-02-19 00:37:21 [restartedMain] INFO  s.d.s.w.r.o.CachingOperationNameGenerator -
				Generating unique operation named: listAllUsingGET_308
2025-02-19 00:37:21 [restartedMain] INFO  s.d.s.w.r.o.CachingOperationNameGenerator -
				Generating unique operation named: listAll1UsingGET_143
2025-02-19 00:37:21 [restartedMain] INFO  s.d.s.w.r.o.CachingOperationNameGenerator -
				Generating unique operation named: saveLedgerUsingPOST_2
2025-02-19 00:37:21 [restartedMain] INFO  s.d.s.w.r.o.CachingOperationNameGenerator -
				Generating unique operation named: updateUsingPUT_339
2025-02-19 00:37:21 [restartedMain] INFO  s.d.s.w.r.o.CachingOperationNameGenerator -
				Generating unique operation named: feeTemplateDetailsByAcademicYearAndYearSemUsingGET_1
2025-02-19 00:37:21 [restartedMain] INFO  s.d.s.w.r.o.CachingOperationNameGenerator -
				Generating unique operation named: paidBoardReportBasedOnAcademicYearByBoardAndSchoolUsingGET_1
2025-02-19 00:37:21 [restartedMain] INFO  s.d.s.w.r.o.CachingOperationNameGenerator -
				Generating unique operation named: paidBoardReportBasedOnFeeAdmissionCategoryUsingGET_1
2025-02-19 00:37:21 [restartedMain] INFO  s.d.s.w.r.o.CachingOperationNameGenerator -
				Generating unique operation named: paidBoardReportBasedOnSchoolByBoardUsingGET_1
2025-02-19 00:37:21 [restartedMain] INFO  s.d.s.w.r.o.CachingOperationNameGenerator -
				Generating unique operation named: studentDetailsByBoardSchoolAcademicYearUsingGET_1
2025-02-19 00:37:21 [restartedMain] INFO  s.d.s.w.r.o.CachingOperationNameGenerator -
				Generating unique operation named: activateUsingDELETE_133
2025-02-19 00:37:21 [restartedMain] INFO  s.d.s.w.r.o.CachingOperationNameGenerator -
				Generating unique operation named: createPettyCashUsingPOST_1
2025-02-19 00:37:21 [restartedMain] INFO  s.d.s.w.r.o.CachingOperationNameGenerator -
				Generating unique operation named: deactivateUsingDELETE_133
2025-02-19 00:37:21 [restartedMain] INFO  s.d.s.w.r.o.CachingOperationNameGenerator -
				Generating unique operation named: getUsingGET_378
2025-02-19 00:37:21 [restartedMain] INFO  s.d.s.w.r.o.CachingOperationNameGenerator -
				Generating unique operation named: getAllDeptUsingGET_35
2025-02-19 00:37:21 [restartedMain] INFO  s.d.s.w.r.o.CachingOperationNameGenerator -
				Generating unique operation named: getAllPettyCashUsingGET_1
2025-02-19 00:37:21 [restartedMain] INFO  s.d.s.w.r.o.CachingOperationNameGenerator -
				Generating unique operation named: getPettyCashDetailsBasedOnSchoolIdUsingGET_1
2025-02-19 00:37:21 [restartedMain] INFO  s.d.s.w.r.o.CachingOperationNameGenerator -
				Generating unique operation named: updatePettyCashUsingPUT_1
2025-02-19 00:37:21 [restartedMain] INFO  s.d.s.w.r.o.CachingOperationNameGenerator -
				Generating unique operation named: activateRTGSFeeHistoryUsingDELETE_1
2025-02-19 00:37:21 [restartedMain] INFO  s.d.s.w.r.o.CachingOperationNameGenerator -
				Generating unique operation named: allRTGSFeeHistoryDetailsUsingGET_1
2025-02-19 00:37:21 [restartedMain] INFO  s.d.s.w.r.o.CachingOperationNameGenerator -
				Generating unique operation named: deleteUsingDELETE_241
2025-02-19 00:37:21 [restartedMain] INFO  s.d.s.w.r.o.CachingOperationNameGenerator -
				Generating unique operation named: getActiveRTGSFeeHistoryUsingGET_1
2025-02-19 00:37:21 [restartedMain] INFO  s.d.s.w.r.o.CachingOperationNameGenerator -
				Generating unique operation named: getAllFeeReceiptUsingGET_3
2025-02-19 00:37:21 [restartedMain] INFO  s.d.s.w.r.o.CachingOperationNameGenerator -
				Generating unique operation named: getRTGSFeeHistoryByIdUsingGET_1
2025-02-19 00:37:21 [restartedMain] INFO  s.d.s.w.r.o.CachingOperationNameGenerator -
				Generating unique operation named: saveRTGSFeeHistoryUsingPOST_1
2025-02-19 00:37:21 [restartedMain] INFO  s.d.s.w.r.o.CachingOperationNameGenerator -
				Generating unique operation named: updateRTGSFeeHistoryUsingPUT_1
2025-02-19 00:37:21 [restartedMain] INFO  s.d.s.w.r.o.CachingOperationNameGenerator -
				Generating unique operation named: deleteUsingDELETE_242
2025-02-19 00:37:21 [restartedMain] INFO  s.d.s.w.r.o.CachingOperationNameGenerator -
				Generating unique operation named: delete1UsingDELETE_188
2025-02-19 00:37:21 [restartedMain] INFO  s.d.s.w.r.o.CachingOperationNameGenerator -
				Generating unique operation named: getUsingGET_379
2025-02-19 00:37:21 [restartedMain] INFO  s.d.s.w.r.o.CachingOperationNameGenerator -
				Generating unique operation named: listAllUsingGET_309
2025-02-19 00:37:21 [restartedMain] INFO  s.d.s.w.r.o.CachingOperationNameGenerator -
				Generating unique operation named: listAll1UsingGET_144
2025-02-19 00:37:21 [restartedMain] INFO  s.d.s.w.r.o.CachingOperationNameGenerator -
				Generating unique operation named: saveSalaUsingPOST_1
2025-02-19 00:37:21 [restartedMain] INFO  s.d.s.w.r.o.CachingOperationNameGenerator -
				Generating unique operation named: updateUsingPUT_340
2025-02-19 00:37:21 [restartedMain] INFO  s.d.s.w.r.o.CachingOperationNameGenerator -
				Generating unique operation named: checkSalaryStructureIdInOfferUsingGET_1
2025-02-19 00:37:21 [restartedMain] INFO  s.d.s.w.r.o.CachingOperationNameGenerator -
				Generating unique operation named: deleteUsingDELETE_243
2025-02-19 00:37:21 [restartedMain] INFO  s.d.s.w.r.o.CachingOperationNameGenerator -
				Generating unique operation named: delete1UsingDELETE_189
2025-02-19 00:37:21 [restartedMain] INFO  s.d.s.w.r.o.CachingOperationNameGenerator -
				Generating unique operation named: getUsingGET_380
2025-02-19 00:37:21 [restartedMain] INFO  s.d.s.w.r.o.CachingOperationNameGenerator -
				Generating unique operation named: listAllUsingGET_310
2025-02-19 00:37:21 [restartedMain] INFO  s.d.s.w.r.o.CachingOperationNameGenerator -
				Generating unique operation named: listAll1UsingGET_145
2025-02-19 00:37:21 [restartedMain] INFO  s.d.s.w.r.o.CachingOperationNameGenerator -
				Generating unique operation named: saveSalaryStructureUsingPOST_1
2025-02-19 00:37:21 [restartedMain] INFO  s.d.s.w.r.o.CachingOperationNameGenerator -
				Generating unique operation named: updateUsingPUT_341
2025-02-19 00:37:21 [restartedMain] INFO  s.d.s.w.r.o.CachingOperationNameGenerator -
				Generating unique operation named: deleteUsingDELETE_244
2025-02-19 00:37:21 [restartedMain] INFO  s.d.s.w.r.o.CachingOperationNameGenerator -
				Generating unique operation named: delete1UsingDELETE_190
2025-02-19 00:37:21 [restartedMain] INFO  s.d.s.w.r.o.CachingOperationNameGenerator -
				Generating unique operation named: getUsingGET_381
2025-02-19 00:37:21 [restartedMain] INFO  s.d.s.w.r.o.CachingOperationNameGenerator -
				Generating unique operation named: getAllDetailsUsingGET_3
2025-02-19 00:37:21 [restartedMain] INFO  s.d.s.w.r.o.CachingOperationNameGenerator -
				Generating unique operation named: getAllDetailsssssssUsingGET_1
2025-02-19 00:37:21 [restartedMain] INFO  s.d.s.w.r.o.CachingOperationNameGenerator -
				Generating unique operation named: listAllUsingGET_311
2025-02-19 00:37:21 [restartedMain] INFO  s.d.s.w.r.o.CachingOperationNameGenerator -
				Generating unique operation named: listAll1UsingGET_146
2025-02-19 00:37:21 [restartedMain] INFO  s.d.s.w.r.o.CachingOperationNameGenerator -
				Generating unique operation named: saveSalaryStructureDetailUsingPOST_1
2025-02-19 00:37:21 [restartedMain] INFO  s.d.s.w.r.o.CachingOperationNameGenerator -
				Generating unique operation named: updateUsingPUT_342
2025-02-19 00:37:21 [restartedMain] INFO  s.d.s.w.r.o.CachingOperationNameGenerator -
				Generating unique operation named: allSalaryStructureHeadAndVocherHeadDetailsUsingGET_1
2025-02-19 00:37:21 [restartedMain] INFO  s.d.s.w.r.o.CachingOperationNameGenerator -
				Generating unique operation named: categoryNameTypeUsingGET_1
2025-02-19 00:37:21 [restartedMain] INFO  s.d.s.w.r.o.CachingOperationNameGenerator -
				Generating unique operation named: deleteUsingDELETE_245
2025-02-19 00:37:21 [restartedMain] INFO  s.d.s.w.r.o.CachingOperationNameGenerator -
				Generating unique operation named: delete1UsingDELETE_191
2025-02-19 00:37:21 [restartedMain] INFO  s.d.s.w.r.o.CachingOperationNameGenerator -
				Generating unique operation named: getUsingGET_382
2025-02-19 00:37:21 [restartedMain] INFO  s.d.s.w.r.o.CachingOperationNameGenerator -
				Generating unique operation named: getPrintNameUsingGET_1
2025-02-19 00:37:21 [restartedMain] INFO  s.d.s.w.r.o.CachingOperationNameGenerator -
				Generating unique operation named: listAllUsingGET_312
2025-02-19 00:37:21 [restartedMain] INFO  s.d.s.w.r.o.CachingOperationNameGenerator -
				Generating unique operation named: listAll1UsingGET_147
2025-02-19 00:37:21 [restartedMain] INFO  s.d.s.w.r.o.CachingOperationNameGenerator -
				Generating unique operation named: listAll4UsingGET_1
2025-02-19 00:37:21 [restartedMain] INFO  s.d.s.w.r.o.CachingOperationNameGenerator -
				Generating unique operation named: saveSalaryStructureHeadUsingPOST_1
2025-02-19 00:37:21 [restartedMain] INFO  s.d.s.w.r.o.CachingOperationNameGenerator -
				Generating unique operation named: updateUsingPUT_343
2025-02-19 00:37:21 [restartedMain] INFO  s.d.s.w.r.o.CachingOperationNameGenerator -
				Generating unique operation named: deleteUsingDELETE_246
2025-02-19 00:37:21 [restartedMain] INFO  s.d.s.w.r.o.CachingOperationNameGenerator -
				Generating unique operation named: delete1UsingDELETE_192
2025-02-19 00:37:21 [restartedMain] INFO  s.d.s.w.r.o.CachingOperationNameGenerator -
				Generating unique operation named: getUsingGET_383
2025-02-19 00:37:21 [restartedMain] INFO  s.d.s.w.r.o.CachingOperationNameGenerator -
				Generating unique operation named: listAllUsingGET_313
2025-02-19 00:37:21 [restartedMain] INFO  s.d.s.w.r.o.CachingOperationNameGenerator -
				Generating unique operation named: listAll1UsingGET_148
2025-02-19 00:37:21 [restartedMain] INFO  s.d.s.w.r.o.CachingOperationNameGenerator -
				Generating unique operation named: saveSlabDetailUsingPOST_5
2025-02-19 00:37:21 [restartedMain] INFO  s.d.s.w.r.o.CachingOperationNameGenerator -
				Generating unique operation named: updateUsingPUT_344
2025-02-19 00:37:21 [restartedMain] INFO  s.d.s.w.r.o.CachingOperationNameGenerator -
				Generating unique operation named: deleteUsingDELETE_247
2025-02-19 00:37:21 [restartedMain] INFO  s.d.s.w.r.o.CachingOperationNameGenerator -
				Generating unique operation named: delete1UsingDELETE_193
2025-02-19 00:37:21 [restartedMain] INFO  s.d.s.w.r.o.CachingOperationNameGenerator -
				Generating unique operation named: getActiveDetailsUsingGET_6
2025-02-19 00:37:21 [restartedMain] INFO  s.d.s.w.r.o.CachingOperationNameGenerator -
				Generating unique operation named: getAllDetailsUsingGET_4
2025-02-19 00:37:21 [restartedMain] INFO  s.d.s.w.r.o.CachingOperationNameGenerator -
				Generating unique operation named: getDetailByIdUsingGET_3
2025-02-19 00:37:21 [restartedMain] INFO  s.d.s.w.r.o.CachingOperationNameGenerator -
				Generating unique operation named: saveStudentPaymentHistoryUsingPOST_1
2025-02-19 00:37:21 [restartedMain] INFO  s.d.s.w.r.o.CachingOperationNameGenerator -
				Generating unique operation named: updateUsingPUT_345
2025-02-19 00:37:21 [restartedMain] INFO  s.d.s.w.r.o.CachingOperationNameGenerator -
				Generating unique operation named: deleteUsingDELETE_248
2025-02-19 00:37:21 [restartedMain] INFO  s.d.s.w.r.o.CachingOperationNameGenerator -
				Generating unique operation named: delete1UsingDELETE_194
2025-02-19 00:37:21 [restartedMain] INFO  s.d.s.w.r.o.CachingOperationNameGenerator -
				Generating unique operation named: getUsingGET_384
2025-02-19 00:37:21 [restartedMain] INFO  s.d.s.w.r.o.CachingOperationNameGenerator -
				Generating unique operation named: listAllUsingGET_314
2025-02-19 00:37:21 [restartedMain] INFO  s.d.s.w.r.o.CachingOperationNameGenerator -
				Generating unique operation named: listAll1UsingGET_149
2025-02-19 00:37:21 [restartedMain] INFO  s.d.s.w.r.o.CachingOperationNameGenerator -
				Generating unique operation named: saveTallyUsingPOST_1
2025-02-19 00:37:21 [restartedMain] INFO  s.d.s.w.r.o.CachingOperationNameGenerator -
				Generating unique operation named: updateUsingPUT_346
2025-02-19 00:37:21 [restartedMain] INFO  s.d.s.w.r.o.CachingOperationNameGenerator -
				Generating unique operation named: delete1UsingDELETE_195
2025-02-19 00:37:21 [restartedMain] INFO  s.d.s.w.r.o.CachingOperationNameGenerator -
				Generating unique operation named: delete2UsingDELETE_8
2025-02-19 00:37:21 [restartedMain] INFO  s.d.s.w.r.o.CachingOperationNameGenerator -
				Generating unique operation named: getActiveTallyReceiptUsingGET_1
2025-02-19 00:37:21 [restartedMain] INFO  s.d.s.w.r.o.CachingOperationNameGenerator -
				Generating unique operation named: getAllTallyReceiptUsingGET_1
2025-02-19 00:37:21 [restartedMain] INFO  s.d.s.w.r.o.CachingOperationNameGenerator -
				Generating unique operation named: getTallyReceiptByIdUsingGET_1
2025-02-19 00:37:21 [restartedMain] INFO  s.d.s.w.r.o.CachingOperationNameGenerator -
				Generating unique operation named: saveTallyReceiptUsingPOST_1
2025-02-19 00:37:21 [restartedMain] INFO  s.d.s.w.r.o.CachingOperationNameGenerator -
				Generating unique operation named: updateTallyReceiptUsingPUT_1
2025-02-19 00:37:21 [restartedMain] INFO  s.d.s.w.r.o.CachingOperationNameGenerator -
				Generating unique operation named: deleteUsingDELETE_249
2025-02-19 00:37:21 [restartedMain] INFO  s.d.s.w.r.o.CachingOperationNameGenerator -
				Generating unique operation named: getUsingGET_385
2025-02-19 00:37:21 [restartedMain] INFO  s.d.s.w.r.o.CachingOperationNameGenerator -
				Generating unique operation named: getDetailsUsingGET_4
2025-02-19 00:37:21 [restartedMain] INFO  s.d.s.w.r.o.CachingOperationNameGenerator -
				Generating unique operation named: listAllUsingGET_315
2025-02-19 00:37:21 [restartedMain] INFO  s.d.s.w.r.o.CachingOperationNameGenerator -
				Generating unique operation named: saveTemplateUsingPOST_1
2025-02-19 00:37:21 [restartedMain] INFO  s.d.s.w.r.o.CachingOperationNameGenerator -
				Generating unique operation named: updateUsingPUT_347
2025-02-19 00:37:21 [restartedMain] INFO  s.d.s.w.r.o.CachingOperationNameGenerator -
				Generating unique operation named: deleteUsingDELETE_250
2025-02-19 00:37:21 [restartedMain] INFO  s.d.s.w.r.o.CachingOperationNameGenerator -
				Generating unique operation named: getUsingGET_386
2025-02-19 00:37:21 [restartedMain] INFO  s.d.s.w.r.o.CachingOperationNameGenerator -
				Generating unique operation named: listAllUsingGET_316
2025-02-19 00:37:21 [restartedMain] INFO  s.d.s.w.r.o.CachingOperationNameGenerator -
				Generating unique operation named: saveTemplateTypeUsingPOST_1
2025-02-19 00:37:21 [restartedMain] INFO  s.d.s.w.r.o.CachingOperationNameGenerator -
				Generating unique operation named: updateUsingPUT_348
2025-02-19 00:37:21 [restartedMain] INFO  s.d.s.w.r.o.CachingOperationNameGenerator -
				Generating unique operation named: activateUsingDELETE_134
2025-02-19 00:37:21 [restartedMain] INFO  s.d.s.w.r.o.CachingOperationNameGenerator -
				Generating unique operation named: createUniformFeePaidUsingPOST_1
2025-02-19 00:37:21 [restartedMain] INFO  s.d.s.w.r.o.CachingOperationNameGenerator -
				Generating unique operation named: deactivateUsingDELETE_134
2025-02-19 00:37:21 [restartedMain] INFO  s.d.s.w.r.o.CachingOperationNameGenerator -
				Generating unique operation named: fetchAllUniformFeePaidUsingGET_1
2025-02-19 00:37:21 [restartedMain] INFO  s.d.s.w.r.o.CachingOperationNameGenerator -
				Generating unique operation named: getUsingGET_387
2025-02-19 00:37:21 [restartedMain] INFO  s.d.s.w.r.o.CachingOperationNameGenerator -
				Generating unique operation named: listAllUsingGET_317
2025-02-19 00:37:21 [restartedMain] INFO  s.d.s.w.r.o.CachingOperationNameGenerator -
				Generating unique operation named: updateUsingPUT_349
2025-02-19 00:37:21 [restartedMain] INFO  s.d.s.w.r.o.CachingOperationNameGenerator -
				Generating unique operation named: activateUsingDELETE_135
2025-02-19 00:37:21 [restartedMain] INFO  s.d.s.w.r.o.CachingOperationNameGenerator -
				Generating unique operation named: createMultipleUniformReceiptUsingPOST_1
2025-02-19 00:37:21 [restartedMain] INFO  s.d.s.w.r.o.CachingOperationNameGenerator -
				Generating unique operation named: createUniformReceiptUsingPOST_1
2025-02-19 00:37:21 [restartedMain] INFO  s.d.s.w.r.o.CachingOperationNameGenerator -
				Generating unique operation named: deactivateUsingDELETE_135
2025-02-19 00:37:21 [restartedMain] INFO  s.d.s.w.r.o.CachingOperationNameGenerator -
				Generating unique operation named: fetchAllUniformReceiptUsingGET_1
2025-02-19 00:37:21 [restartedMain] INFO  s.d.s.w.r.o.CachingOperationNameGenerator -
				Generating unique operation named: getUsingGET_388
2025-02-19 00:37:21 [restartedMain] INFO  s.d.s.w.r.o.CachingOperationNameGenerator -
				Generating unique operation named: listAllUsingGET_318
2025-02-19 00:37:21 [restartedMain] INFO  s.d.s.w.r.o.CachingOperationNameGenerator -
				Generating unique operation named: updateUsingPUT_350
2025-02-19 00:37:21 [restartedMain] INFO  s.d.s.w.r.o.CachingOperationNameGenerator -
				Generating unique operation named: FetchVoucherHeadBasedOnTypeUsingGET_1
2025-02-19 00:37:21 [restartedMain] INFO  s.d.s.w.r.o.CachingOperationNameGenerator -
				Generating unique operation named: deleteUsingDELETE_251
2025-02-19 00:37:21 [restartedMain] INFO  s.d.s.w.r.o.CachingOperationNameGenerator -
				Generating unique operation named: delete1UsingDELETE_196
2025-02-19 00:37:21 [restartedMain] INFO  s.d.s.w.r.o.CachingOperationNameGenerator -
				Generating unique operation named: fetchHostelDetailsBySchoolHostelUsingGET_1
2025-02-19 00:37:21 [restartedMain] INFO  s.d.s.w.r.o.CachingOperationNameGenerator -
				Generating unique operation named: findByVouHeadSchoolIdUsingGET_2
2025-02-19 00:37:21 [restartedMain] INFO  s.d.s.w.r.o.CachingOperationNameGenerator -
				Generating unique operation named: findByVouHeadSchoolIdUsingGET_3
2025-02-19 00:37:21 [restartedMain] INFO  s.d.s.w.r.o.CachingOperationNameGenerator -
				Generating unique operation named: getUsingGET_389
2025-02-19 00:37:21 [restartedMain] INFO  s.d.s.w.r.o.CachingOperationNameGenerator -
				Generating unique operation named: getAllJournalTypeExceptInflowUsingGET_1
2025-02-19 00:37:21 [restartedMain] INFO  s.d.s.w.r.o.CachingOperationNameGenerator -
				Generating unique operation named: getDataForDisplayingLedgerAmountUsingGET_1
2025-02-19 00:37:21 [restartedMain] INFO  s.d.s.w.r.o.CachingOperationNameGenerator -
				Generating unique operation named: getInFlowVoucherHeadUsingGET_1
2025-02-19 00:37:21 [restartedMain] INFO  s.d.s.w.r.o.CachingOperationNameGenerator -
				Generating unique operation named: getSchoolByVHeadUsingGET_1
2025-02-19 00:37:21 [restartedMain] INFO  s.d.s.w.r.o.CachingOperationNameGenerator -
				Generating unique operation named: getVoucherBySchoolIdUsingGET_1
2025-02-19 00:37:21 [restartedMain] INFO  s.d.s.w.r.o.CachingOperationNameGenerator -
				Generating unique operation named: listAllUsingGET_319
2025-02-19 00:37:21 [restartedMain] INFO  s.d.s.w.r.o.CachingOperationNameGenerator -
				Generating unique operation named: listAll1UsingGET_150
2025-02-19 00:37:21 [restartedMain] INFO  s.d.s.w.r.o.CachingOperationNameGenerator -
				Generating unique operation named: saveVoucherHeadUsingPOST_2
2025-02-19 00:37:21 [restartedMain] INFO  s.d.s.w.r.o.CachingOperationNameGenerator -
				Generating unique operation named: saveVoucherHeadUsingPOST_3
2025-02-19 00:37:21 [restartedMain] INFO  s.d.s.w.r.o.CachingOperationNameGenerator -
				Generating unique operation named: updateUsingPUT_351
2025-02-19 00:37:21 [restartedMain] INFO  s.d.s.w.r.o.CachingOperationNameGenerator -
				Generating unique operation named: updateUsingPUT_352
2025-02-19 00:37:21 [restartedMain] INFO  s.d.s.w.r.o.CachingOperationNameGenerator -
				Generating unique operation named: VoucherHeadNewDetailsOnIsSalariesUsingGET_1
2025-02-19 00:37:21 [restartedMain] INFO  s.d.s.w.r.o.CachingOperationNameGenerator -
				Generating unique operation named: deleteUsingDELETE_252
2025-02-19 00:37:21 [restartedMain] INFO  s.d.s.w.r.o.CachingOperationNameGenerator -
				Generating unique operation named: delete1UsingDELETE_197
2025-02-19 00:37:21 [restartedMain] INFO  s.d.s.w.r.o.CachingOperationNameGenerator -
				Generating unique operation named: fetchUnassignedSchoolDetailsUsingGET_2
2025-02-19 00:37:21 [restartedMain] INFO  s.d.s.w.r.o.CachingOperationNameGenerator -
				Generating unique operation named: fetchVoucherHeadIdsUsingGET_1
2025-02-19 00:37:21 [restartedMain] INFO  s.d.s.w.r.o.CachingOperationNameGenerator -
				Generating unique operation named: fetchVoucherHeadNewDetailsBasedOnCashOrBankUsingGET_1
2025-02-19 00:37:21 [restartedMain] INFO  s.d.s.w.r.o.CachingOperationNameGenerator -
				Generating unique operation named: getUsingGET_390
2025-02-19 00:37:21 [restartedMain] INFO  s.d.s.w.r.o.CachingOperationNameGenerator -
				Generating unique operation named: getVoucherHeadNewDataUsingGET_1
2025-02-19 00:37:21 [restartedMain] INFO  s.d.s.w.r.o.CachingOperationNameGenerator -
				Generating unique operation named: listAllUsingGET_320
2025-02-19 00:37:21 [restartedMain] INFO  s.d.s.w.r.o.CachingOperationNameGenerator -
				Generating unique operation named: listAll1UsingGET_151
2025-02-19 00:37:21 [restartedMain] INFO  s.d.s.w.r.o.CachingOperationNameGenerator -
				Generating unique operation named: saveVoucherHeadNewUsingPOST_1
2025-02-19 00:37:21 [restartedMain] INFO  s.d.s.w.r.o.CachingOperationNameGenerator -
				Generating unique operation named: updateUsingPUT_353
2025-02-19 00:37:21 [restartedMain] INFO  s.d.s.w.r.o.CachingOperationNameGenerator -
				Generating unique operation named: voucherHeadDetailsOnHostelStatusUsingGET_1
2025-02-19 00:37:21 [restartedMain] INFO  s.d.s.w.s.ApiListingReferenceScanner -
				Scanning for api listing references
2025-02-19 00:37:21 [restartedMain] INFO  s.d.s.w.r.o.CachingOperationNameGenerator -
				Generating unique operation named: UnassignedBlocksWithWardenUsingGET_1
2025-02-19 00:37:21 [restartedMain] INFO  s.d.s.w.r.o.CachingOperationNameGenerator -
				Generating unique operation named: UnassignedFloorsWithWardenUsingGET_1
2025-02-19 00:37:21 [restartedMain] INFO  s.d.s.w.r.o.CachingOperationNameGenerator -
				Generating unique operation named: deleteUsingDELETE_253
2025-02-19 00:37:21 [restartedMain] INFO  s.d.s.w.r.o.CachingOperationNameGenerator -
				Generating unique operation named: delete1UsingDELETE_198
2025-02-19 00:37:21 [restartedMain] INFO  s.d.s.w.r.o.CachingOperationNameGenerator -
				Generating unique operation named: fetchDoctorUnassignedBlocksUsingGET_1
2025-02-19 00:37:21 [restartedMain] INFO  s.d.s.w.r.o.CachingOperationNameGenerator -
				Generating unique operation named: fetchUnassignedUsersUsingGET_1
2025-02-19 00:37:21 [restartedMain] INFO  s.d.s.w.r.o.CachingOperationNameGenerator -
				Generating unique operation named: fetchWardensUsingGET_1
2025-02-19 00:37:21 [restartedMain] INFO  s.d.s.w.r.o.CachingOperationNameGenerator -
				Generating unique operation named: floorsAssignedToWardenUsingGET_1
2025-02-19 00:37:21 [restartedMain] INFO  s.d.s.w.r.o.CachingOperationNameGenerator -
				Generating unique operation named: getUsingGET_391
2025-02-19 00:37:21 [restartedMain] INFO  s.d.s.w.r.o.CachingOperationNameGenerator -
				Generating unique operation named: listAllUsingGET_321
2025-02-19 00:37:21 [restartedMain] INFO  s.d.s.w.r.o.CachingOperationNameGenerator -
				Generating unique operation named: listAll1UsingGET_152
2025-02-19 00:37:21 [restartedMain] INFO  s.d.s.w.r.o.CachingOperationNameGenerator -
				Generating unique operation named: saveDoctorWardenUsingPOST_1
2025-02-19 00:37:21 [restartedMain] INFO  s.d.s.w.r.o.CachingOperationNameGenerator -
				Generating unique operation named: updateUsingPUT_354
2025-02-19 00:37:21 [restartedMain] INFO  s.d.s.w.r.o.CachingOperationNameGenerator -
				Generating unique operation named: activateHostelBedAssignmentUsingDELETE_1
2025-02-19 00:37:21 [restartedMain] INFO  s.d.s.w.r.o.CachingOperationNameGenerator -
				Generating unique operation named: cancelhostelBedAssignmentDetailsUsingGET_1
2025-02-19 00:37:21 [restartedMain] INFO  s.d.s.w.r.o.CachingOperationNameGenerator -
				Generating unique operation named: deactiveHostelBedAssignmentUsingDELETE_1
2025-02-19 00:37:21 [restartedMain] INFO  s.d.s.w.r.o.CachingOperationNameGenerator -
				Generating unique operation named: downloadFileUsingGET_20
2025-02-19 00:37:21 [restartedMain] INFO  s.d.s.w.r.o.CachingOperationNameGenerator -
				Generating unique operation named: fetchAllHostelBedAssignmentUsingGET_2
2025-02-19 00:37:21 [restartedMain] INFO  s.d.s.w.r.o.CachingOperationNameGenerator -
				Generating unique operation named: getHostelDetailsForLedgerUsingGET_1
2025-02-19 00:37:21 [restartedMain] INFO  s.d.s.w.r.o.CachingOperationNameGenerator -
				Generating unique operation named: getStudentDetailDataBasedOnBlockUsingGET_1
2025-02-19 00:37:21 [restartedMain] INFO  s.d.s.w.r.o.CachingOperationNameGenerator -
				Generating unique operation named: hostelBedAssignmentUsingGET_1
2025-02-19 00:37:21 [restartedMain] INFO  s.d.s.w.r.o.CachingOperationNameGenerator -
				Generating unique operation named: hostelBedAssignmentUsingPOST_1
2025-02-19 00:37:21 [restartedMain] INFO  s.d.s.w.r.o.CachingOperationNameGenerator -
				Generating unique operation named: hostelBedAssignmentByAcYearAndhostelBlockUsingGET_1
2025-02-19 00:37:21 [restartedMain] INFO  s.d.s.w.r.o.CachingOperationNameGenerator -
				Generating unique operation named: hostelBedAssignmentByAcYearIdAndStudentIdUsingGET_1
2025-02-19 00:37:21 [restartedMain] INFO  s.d.s.w.r.o.CachingOperationNameGenerator -
				Generating unique operation named: hostelBedAssignmentForBedChangeHistoryUsingGET_1
2025-02-19 00:37:21 [restartedMain] INFO  s.d.s.w.r.o.CachingOperationNameGenerator -
				Generating unique operation named: isHostelBedAssignedByAcademicYearAndStudentIdUsingGET_1
2025-02-19 00:37:21 [restartedMain] INFO  s.d.s.w.r.o.CachingOperationNameGenerator -
				Generating unique operation named: updateHostelBedAssignmentUsingPUT_1
2025-02-19 00:37:21 [restartedMain] INFO  s.d.s.w.r.o.CachingOperationNameGenerator -
				Generating unique operation named: updateHostelIdCardUsingPUT_1
2025-02-19 00:37:21 [restartedMain] INFO  s.d.s.w.r.o.CachingOperationNameGenerator -
				Generating unique operation named: uploadFileUsingPOST_52
2025-02-19 00:37:21 [restartedMain] INFO  s.d.s.w.r.o.CachingOperationNameGenerator -
				Generating unique operation named: approvalOfBedChangeUsingPUT_1
2025-02-19 00:37:21 [restartedMain] INFO  s.d.s.w.r.o.CachingOperationNameGenerator -
				Generating unique operation named: fetchAllHostelBedAssignmentUsingGET_3
2025-02-19 00:37:21 [restartedMain] INFO  s.d.s.w.r.o.CachingOperationNameGenerator -
				Generating unique operation named: hostelBedChangeUsingPOST_1
2025-02-19 00:37:21 [restartedMain] INFO  s.d.s.w.r.o.CachingOperationNameGenerator -
				Generating unique operation named: deleteUsingDELETE_254
2025-02-19 00:37:21 [restartedMain] INFO  s.d.s.w.r.o.CachingOperationNameGenerator -
				Generating unique operation named: delete1UsingDELETE_199
2025-02-19 00:37:21 [restartedMain] INFO  s.d.s.w.r.o.CachingOperationNameGenerator -
				Generating unique operation named: getUsingGET_392
2025-02-19 00:37:21 [restartedMain] INFO  s.d.s.w.r.o.CachingOperationNameGenerator -
				Generating unique operation named: getAllBedsDetailsUsingGET_1
2025-02-19 00:37:21 [restartedMain] INFO  s.d.s.w.r.o.CachingOperationNameGenerator -
				Generating unique operation named: getCountOfFloorsRoomsBedsUsingGET_1
2025-02-19 00:37:21 [restartedMain] INFO  s.d.s.w.r.o.CachingOperationNameGenerator -
				Generating unique operation named: getHosteBedDetailsUsingGET_1
2025-02-19 00:37:21 [restartedMain] INFO  s.d.s.w.r.o.CachingOperationNameGenerator -
				Generating unique operation named: hostelBedsByHostelBlockAndFloorUsingGET_1
2025-02-19 00:37:21 [restartedMain] INFO  s.d.s.w.r.o.CachingOperationNameGenerator -
				Generating unique operation named: hostelBedsByHostelBlockIdUsingGET_1
2025-02-19 00:37:21 [restartedMain] INFO  s.d.s.w.r.o.CachingOperationNameGenerator -
				Generating unique operation named: listAllUsingGET_322
2025-02-19 00:37:21 [restartedMain] INFO  s.d.s.w.r.o.CachingOperationNameGenerator -
				Generating unique operation named: listAll1UsingGET_153
2025-02-19 00:37:21 [restartedMain] INFO  s.d.s.w.r.o.CachingOperationNameGenerator -
				Generating unique operation named: saveSubjectTypeUsingPOST_34
2025-02-19 00:37:21 [restartedMain] INFO  s.d.s.w.r.o.CachingOperationNameGenerator -
				Generating unique operation named: unassignedBedDetailsUsingGET_1
2025-02-19 00:37:21 [restartedMain] INFO  s.d.s.w.r.o.CachingOperationNameGenerator -
				Generating unique operation named: updateUsingPUT_355
2025-02-19 00:37:21 [restartedMain] INFO  s.d.s.w.r.o.CachingOperationNameGenerator -
				Generating unique operation named: deleteUsingDELETE_255
2025-02-19 00:37:21 [restartedMain] INFO  s.d.s.w.r.o.CachingOperationNameGenerator -
				Generating unique operation named: delete1UsingDELETE_200
2025-02-19 00:37:21 [restartedMain] INFO  s.d.s.w.r.o.CachingOperationNameGenerator -
				Generating unique operation named: getUsingGET_393
2025-02-19 00:37:21 [restartedMain] INFO  s.d.s.w.r.o.CachingOperationNameGenerator -
				Generating unique operation named: getAllDoctorWardenDetailsUsingGET_1
2025-02-19 00:37:21 [restartedMain] INFO  s.d.s.w.r.o.CachingOperationNameGenerator -
				Generating unique operation named: getAllHostelBlocksDetailsUsingGET_3
2025-02-19 00:37:21 [restartedMain] INFO  s.d.s.w.r.o.CachingOperationNameGenerator -
				Generating unique operation named: getDetailsOfFloorsAndRoomsForGridViewUsingGET_1
2025-02-19 00:37:21 [restartedMain] INFO  s.d.s.w.r.o.CachingOperationNameGenerator -
				Generating unique operation named: getHostelBlockDetailsByHostelFeeTemplateUsingGET_1
2025-02-19 00:37:21 [restartedMain] INFO  s.d.s.w.r.o.CachingOperationNameGenerator -
				Generating unique operation named: getHostelFloorDetailsUsingGET_1
2025-02-19 00:37:21 [restartedMain] INFO  s.d.s.w.r.o.CachingOperationNameGenerator -
				Generating unique operation named: listAllUsingGET_323
2025-02-19 00:37:21 [restartedMain] INFO  s.d.s.w.r.o.CachingOperationNameGenerator -
				Generating unique operation named: saveSubjectTypeUsingPOST_35
2025-02-19 00:37:21 [restartedMain] INFO  s.d.s.w.r.o.CachingOperationNameGenerator -
				Generating unique operation named: updateUsingPUT_356
2025-02-19 00:37:21 [restartedMain] INFO  s.d.s.w.r.o.CachingOperationNameGenerator -
				Generating unique operation named: deleteUsingDELETE_256
2025-02-19 00:37:21 [restartedMain] INFO  s.d.s.w.r.o.CachingOperationNameGenerator -
				Generating unique operation named: delete1UsingDELETE_201
2025-02-19 00:37:21 [restartedMain] INFO  s.d.s.w.r.o.CachingOperationNameGenerator -
				Generating unique operation named: fetchhostelFloorIndexUsingGET_1
2025-02-19 00:37:21 [restartedMain] INFO  s.d.s.w.r.o.CachingOperationNameGenerator -
				Generating unique operation named: getUsingGET_394
2025-02-19 00:37:21 [restartedMain] INFO  s.d.s.w.r.o.CachingOperationNameGenerator -
				Generating unique operation named: getFloorByBlockidUsingGET_1
2025-02-19 00:37:21 [restartedMain] INFO  s.d.s.w.r.o.CachingOperationNameGenerator -
				Generating unique operation named: listAllUsingGET_324
2025-02-19 00:37:21 [restartedMain] INFO  s.d.s.w.r.o.CachingOperationNameGenerator -
				Generating unique operation named: listAll1UsingGET_154
2025-02-19 00:37:21 [restartedMain] INFO  s.d.s.w.r.o.CachingOperationNameGenerator -
				Generating unique operation named: saveSubjectTypeUsingPOST_36
2025-02-19 00:37:21 [restartedMain] INFO  s.d.s.w.r.o.CachingOperationNameGenerator -
				Generating unique operation named: updateUsingPUT_357
2025-02-19 00:37:21 [restartedMain] INFO  s.d.s.w.r.o.CachingOperationNameGenerator -
				Generating unique operation named: updateWardenId1UsingPUT_1
2025-02-19 00:37:21 [restartedMain] INFO  s.d.s.w.r.o.CachingOperationNameGenerator -
				Generating unique operation named: hostelRoomAssignmentUsingPOST_1
2025-02-19 00:37:21 [restartedMain] INFO  s.d.s.w.r.o.CachingOperationNameGenerator -
				Generating unique operation named: deleteUsingDELETE_257
2025-02-19 00:37:21 [restartedMain] INFO  s.d.s.w.r.o.CachingOperationNameGenerator -
				Generating unique operation named: delete1UsingDELETE_202
2025-02-19 00:37:21 [restartedMain] INFO  s.d.s.w.r.o.CachingOperationNameGenerator -
				Generating unique operation named: getUsingGET_395
2025-02-19 00:37:21 [restartedMain] INFO  s.d.s.w.r.o.CachingOperationNameGenerator -
				Generating unique operation named: listAllUsingGET_325
2025-02-19 00:37:21 [restartedMain] INFO  s.d.s.w.r.o.CachingOperationNameGenerator -
				Generating unique operation named: listAll1UsingGET_155
2025-02-19 00:37:21 [restartedMain] INFO  s.d.s.w.r.o.CachingOperationNameGenerator -
				Generating unique operation named: saveSubjectTypeUsingPOST_37
2025-02-19 00:37:21 [restartedMain] INFO  s.d.s.w.r.o.CachingOperationNameGenerator -
				Generating unique operation named: updateUsingPUT_358
2025-02-19 00:37:21 [restartedMain] INFO  s.d.s.w.r.o.CachingOperationNameGenerator -
				Generating unique operation named: allHostelOnBlockAndFloorUsingGET_1
2025-02-19 00:37:21 [restartedMain] INFO  s.d.s.w.r.o.CachingOperationNameGenerator -
				Generating unique operation named: deleteUsingDELETE_258
2025-02-19 00:37:21 [restartedMain] INFO  s.d.s.w.r.o.CachingOperationNameGenerator -
				Generating unique operation named: delete1UsingDELETE_203
2025-02-19 00:37:21 [restartedMain] INFO  s.d.s.w.r.o.CachingOperationNameGenerator -
				Generating unique operation named: fetchAllDetailsUsingGET_1
2025-02-19 00:37:21 [restartedMain] INFO  s.d.s.w.r.o.CachingOperationNameGenerator -
				Generating unique operation named: fetchAllUnassignedRoomUsingGET_1
2025-02-19 00:37:21 [restartedMain] INFO  s.d.s.w.r.o.CachingOperationNameGenerator -
				Generating unique operation named: getUsingGET_396
2025-02-19 00:37:21 [restartedMain] INFO  s.d.s.w.r.o.CachingOperationNameGenerator -
				Generating unique operation named: getAllHostelBedDetailsUsingGET_1
2025-02-19 00:37:21 [restartedMain] INFO  s.d.s.w.r.o.CachingOperationNameGenerator -
				Generating unique operation named: listAllUsingGET_326
2025-02-19 00:37:21 [restartedMain] INFO  s.d.s.w.r.o.CachingOperationNameGenerator -
				Generating unique operation named: listAll1UsingGET_156
2025-02-19 00:37:21 [restartedMain] INFO  s.d.s.w.r.o.CachingOperationNameGenerator -
				Generating unique operation named: saveHostelRoomsUsingPOST_1
2025-02-19 00:37:21 [restartedMain] INFO  s.d.s.w.r.o.CachingOperationNameGenerator -
				Generating unique operation named: updateUsingPUT_359
2025-02-19 00:37:21 [restartedMain] INFO  s.d.s.w.r.o.CachingOperationNameGenerator -
				Generating unique operation named: saveHostelRoomsHistoryUsingPOST_1
2025-02-19 00:37:21 [restartedMain] INFO  s.d.s.w.r.o.CachingOperationNameGenerator -
				Generating unique operation named: deleteUsingDELETE_259
2025-02-19 00:37:21 [restartedMain] INFO  s.d.s.w.r.o.CachingOperationNameGenerator -
				Generating unique operation named: delete1UsingDELETE_204
2025-02-19 00:37:21 [restartedMain] INFO  s.d.s.w.r.o.CachingOperationNameGenerator -
				Generating unique operation named: getUsingGET_397
2025-02-19 00:37:21 [restartedMain] INFO  s.d.s.w.r.o.CachingOperationNameGenerator -
				Generating unique operation named: listAllUsingGET_327
2025-02-19 00:37:21 [restartedMain] INFO  s.d.s.w.r.o.CachingOperationNameGenerator -
				Generating unique operation named: listAll1UsingGET_157
2025-02-19 00:37:21 [restartedMain] INFO  s.d.s.w.r.o.CachingOperationNameGenerator -
				Generating unique operation named: saveSubjectTypeUsingPOST_38
2025-02-19 00:37:21 [restartedMain] INFO  s.d.s.w.r.o.CachingOperationNameGenerator -
				Generating unique operation named: updateUsingPUT_360
2025-02-19 00:37:21 [restartedMain] INFO  s.d.s.w.r.o.CachingOperationNameGenerator -
				Generating unique operation named: deleteUsingDELETE_260
2025-02-19 00:37:21 [restartedMain] INFO  s.d.s.w.r.o.CachingOperationNameGenerator -
				Generating unique operation named: delete1UsingDELETE_205
2025-02-19 00:37:21 [restartedMain] INFO  s.d.s.w.r.o.CachingOperationNameGenerator -
				Generating unique operation named: getUsingGET_398
2025-02-19 00:37:21 [restartedMain] INFO  s.d.s.w.r.o.CachingOperationNameGenerator -
				Generating unique operation named: getAllHostelWardenDetailsUsingGET_1
2025-02-19 00:37:21 [restartedMain] INFO  s.d.s.w.r.o.CachingOperationNameGenerator -
				Generating unique operation named: listAllUsingGET_328
2025-02-19 00:37:21 [restartedMain] INFO  s.d.s.w.r.o.CachingOperationNameGenerator -
				Generating unique operation named: saveSubjectTypeUsingPOST_39
2025-02-19 00:37:21 [restartedMain] INFO  s.d.s.w.r.o.CachingOperationNameGenerator -
				Generating unique operation named: updateUsingPUT_361
2025-02-19 00:37:21 [restartedMain] INFO  s.d.s.w.r.o.CachingOperationNameGenerator -
				Generating unique operation named: deleteUsingDELETE_261
2025-02-19 00:37:21 [restartedMain] INFO  s.d.s.w.r.o.CachingOperationNameGenerator -
				Generating unique operation named: delete1UsingDELETE_206
2025-02-19 00:37:21 [restartedMain] INFO  s.d.s.w.r.o.CachingOperationNameGenerator -
				Generating unique operation named: getUsingGET_399
2025-02-19 00:37:21 [restartedMain] INFO  s.d.s.w.r.o.CachingOperationNameGenerator -
				Generating unique operation named: getAllHostelStandardAccessoriesUsingGET_1
2025-02-19 00:37:21 [restartedMain] INFO  s.d.s.w.r.o.CachingOperationNameGenerator -
				Generating unique operation named: listAllUsingGET_329
2025-02-19 00:37:21 [restartedMain] INFO  s.d.s.w.r.o.CachingOperationNameGenerator -
				Generating unique operation named: saveSubjectTypeUsingPOST_40
2025-02-19 00:37:21 [restartedMain] INFO  s.d.s.w.r.o.CachingOperationNameGenerator -
				Generating unique operation named: updateUsingPUT_362
2025-02-19 00:37:21 [restartedMain] INFO  s.d.s.w.s.ApiListingReferenceScanner -
				Scanning for api listing references
2025-02-19 00:37:21 [restartedMain] INFO  s.d.s.w.r.o.CachingOperationNameGenerator -
				Generating unique operation named: activateUsingDELETE_136
2025-02-19 00:37:21 [restartedMain] INFO  s.d.s.w.r.o.CachingOperationNameGenerator -
				Generating unique operation named: deactivateUsingDELETE_136
2025-02-19 00:37:21 [restartedMain] INFO  s.d.s.w.r.o.CachingOperationNameGenerator -
				Generating unique operation named: getUsingGET_400
2025-02-19 00:37:21 [restartedMain] INFO  s.d.s.w.r.o.CachingOperationNameGenerator -
				Generating unique operation named: getAllLeaveApplyUsingGET_1
2025-02-19 00:37:21 [restartedMain] INFO  s.d.s.w.r.o.CachingOperationNameGenerator -
				Generating unique operation named: listAllUsingGET_330
2025-02-19 00:37:21 [restartedMain] INFO  s.d.s.w.r.o.CachingOperationNameGenerator -
				Generating unique operation named: saveDocumentsUsingPOST_1
2025-02-19 00:37:21 [restartedMain] INFO  s.d.s.w.r.o.CachingOperationNameGenerator -
				Generating unique operation named: updateUsingPUT_363
2025-02-19 00:37:21 [restartedMain] INFO  s.d.s.w.r.o.CachingOperationNameGenerator -
				Generating unique operation named: uploadFileUsingPOST_53
2025-02-19 00:37:21 [restartedMain] INFO  s.d.s.w.r.o.CachingOperationNameGenerator -
				Generating unique operation named: viewFilesUsingGET_50
2025-02-19 00:37:21 [restartedMain] INFO  s.d.s.w.r.o.CachingOperationNameGenerator -
				Generating unique operation named: deleteUsingDELETE_262
2025-02-19 00:37:21 [restartedMain] INFO  s.d.s.w.r.o.CachingOperationNameGenerator -
				Generating unique operation named: delete1UsingDELETE_207
2025-02-19 00:37:21 [restartedMain] INFO  s.d.s.w.r.o.CachingOperationNameGenerator -
				Generating unique operation named: getUsingGET_401
2025-02-19 00:37:21 [restartedMain] INFO  s.d.s.w.r.o.CachingOperationNameGenerator -
				Generating unique operation named: getAvailableBlockAndRoomsUsingGET_1
2025-02-19 00:37:21 [restartedMain] INFO  s.d.s.w.r.o.CachingOperationNameGenerator -
				Generating unique operation named: listAllUsingGET_331
2025-02-19 00:37:21 [restartedMain] INFO  s.d.s.w.r.o.CachingOperationNameGenerator -
				Generating unique operation named: listAll1UsingGET_158
2025-02-19 00:37:21 [restartedMain] INFO  s.d.s.w.r.o.CachingOperationNameGenerator -
				Generating unique operation named: saveEventBlockedRoomsUsingPOST_1
2025-02-19 00:37:21 [restartedMain] INFO  s.d.s.w.r.o.CachingOperationNameGenerator -
				Generating unique operation named: updateUsingPUT_364
2025-02-19 00:37:21 [restartedMain] INFO  s.d.s.w.r.o.CachingOperationNameGenerator -
				Generating unique operation named: deleteUsingDELETE_263
2025-02-19 00:37:21 [restartedMain] INFO  s.d.s.w.r.o.CachingOperationNameGenerator -
				Generating unique operation named: delete1UsingDELETE_208
2025-02-19 00:37:21 [restartedMain] INFO  s.d.s.w.r.o.CachingOperationNameGenerator -
				Generating unique operation named: fetchAllEventCreationDetailsUsingGET_1
2025-02-19 00:37:21 [restartedMain] INFO  s.d.s.w.r.o.CachingOperationNameGenerator -
				Generating unique operation named: fetchAllEventCreationForApproverUsingGET_1
2025-02-19 00:37:21 [restartedMain] INFO  s.d.s.w.r.o.CachingOperationNameGenerator -
				Generating unique operation named: fetchEventDetailsOnSchoolIdUsingGET_1
2025-02-19 00:37:21 [restartedMain] INFO  s.d.s.w.r.o.CachingOperationNameGenerator -
				Generating unique operation named: getUsingGET_402
2025-02-19 00:37:21 [restartedMain] INFO  s.d.s.w.r.o.CachingOperationNameGenerator -
				Generating unique operation named: getEventReportDetailsUsingGET_1
2025-02-19 00:37:21 [restartedMain] INFO  s.d.s.w.r.o.CachingOperationNameGenerator -
				Generating unique operation named: listAllUsingGET_332
2025-02-19 00:37:21 [restartedMain] INFO  s.d.s.w.r.o.CachingOperationNameGenerator -
				Generating unique operation named: saveEventCreationUsingPOST_1
2025-02-19 00:37:21 [restartedMain] INFO  s.d.s.w.r.o.CachingOperationNameGenerator -
				Generating unique operation named: updateUsingPUT_365
2025-02-19 00:37:21 [restartedMain] INFO  s.d.s.w.r.o.CachingOperationNameGenerator -
				Generating unique operation named: updateEventCreationUsingPUT_1
2025-02-19 00:37:21 [restartedMain] INFO  s.d.s.w.r.o.CachingOperationNameGenerator -
				Generating unique operation named: downloadImageFileUsingGET_5
2025-02-19 00:37:21 [restartedMain] INFO  s.d.s.w.r.o.CachingOperationNameGenerator -
				Generating unique operation named: eventImageAttachmentsDetailsUsingGET_1
2025-02-19 00:37:21 [restartedMain] INFO  s.d.s.w.r.o.CachingOperationNameGenerator -
				Generating unique operation named: uploadFileUsingPOST_54
2025-02-19 00:37:21 [restartedMain] INFO  s.d.s.w.r.o.CachingOperationNameGenerator -
				Generating unique operation named: deleteUsingDELETE_264
2025-02-19 00:37:21 [restartedMain] INFO  s.d.s.w.r.o.CachingOperationNameGenerator -
				Generating unique operation named: delete1UsingDELETE_209
2025-02-19 00:37:21 [restartedMain] INFO  s.d.s.w.r.o.CachingOperationNameGenerator -
				Generating unique operation named: fetchAllAdministrationEmailIdsDetailUsingGET_24
2025-02-19 00:37:21 [restartedMain] INFO  s.d.s.w.r.o.CachingOperationNameGenerator -
				Generating unique operation named: fetchAllNotificationsForIndexBasedOnUserUsingGET_1
2025-02-19 00:37:21 [restartedMain] INFO  s.d.s.w.r.o.CachingOperationNameGenerator -
				Generating unique operation named: getUsingGET_403
2025-02-19 00:37:21 [restartedMain] INFO  s.d.s.w.r.o.CachingOperationNameGenerator -
				Generating unique operation named: getCountOfNotificationUsingGET_1
2025-02-19 00:37:21 [restartedMain] INFO  s.d.s.w.r.o.CachingOperationNameGenerator -
				Generating unique operation named: getDepartmentWithSchoolsUsingGET_1
2025-02-19 00:37:21 [restartedMain] INFO  s.d.s.w.r.o.CachingOperationNameGenerator -
				Generating unique operation named: getLatestFiveNotificationsUsingGET_1
2025-02-19 00:37:21 [restartedMain] INFO  s.d.s.w.r.o.CachingOperationNameGenerator -
				Generating unique operation named: getNotificationDataBasedOnDeptUsingGET_1
2025-02-19 00:37:21 [restartedMain] INFO  s.d.s.w.r.o.CachingOperationNameGenerator -
				Generating unique operation named: getNotificationDataOfTodayUsingGET_1
2025-02-19 00:37:21 [restartedMain] INFO  s.d.s.w.r.o.CachingOperationNameGenerator -
				Generating unique operation named: listAllUsingGET_333
2025-02-19 00:37:21 [restartedMain] INFO  s.d.s.w.r.o.CachingOperationNameGenerator -
				Generating unique operation named: listAll1UsingGET_159
2025-02-19 00:37:21 [restartedMain] INFO  s.d.s.w.r.o.CachingOperationNameGenerator -
				Generating unique operation named: saveNotificationUsingPOST_1
2025-02-19 00:37:21 [restartedMain] INFO  s.d.s.w.r.o.CachingOperationNameGenerator -
				Generating unique operation named: updateNotificationUsingPUT_1
2025-02-19 00:37:21 [restartedMain] INFO  s.d.s.w.r.o.CachingOperationNameGenerator -
				Generating unique operation named: uploadFileUsingPOST_55
2025-02-19 00:37:21 [restartedMain] INFO  s.d.s.w.r.o.CachingOperationNameGenerator -
				Generating unique operation named: viewFilesUsingGET_51
2025-02-19 00:37:21 [restartedMain] INFO  s.d.s.w.r.o.CachingOperationNameGenerator -
				Generating unique operation named: deleteUsingDELETE_265
2025-02-19 00:37:21 [restartedMain] INFO  s.d.s.w.r.o.CachingOperationNameGenerator -
				Generating unique operation named: delete1UsingDELETE_210
2025-02-19 00:37:21 [restartedMain] INFO  s.d.s.w.r.o.CachingOperationNameGenerator -
				Generating unique operation named: getUsingGET_404
2025-02-19 00:37:21 [restartedMain] INFO  s.d.s.w.r.o.CachingOperationNameGenerator -
				Generating unique operation named: listAllUsingGET_334
2025-02-19 00:37:22 [restartedMain] INFO  s.d.s.w.r.o.CachingOperationNameGenerator -
				Generating unique operation named: listAll1UsingGET_160
2025-02-19 00:37:22 [restartedMain] INFO  s.d.s.w.r.o.CachingOperationNameGenerator -
				Generating unique operation named: saveOrganizationUsingPOST_1
2025-02-19 00:37:22 [restartedMain] INFO  s.d.s.w.r.o.CachingOperationNameGenerator -
				Generating unique operation named: schoolValidationUsingGET_2
2025-02-19 00:37:22 [restartedMain] INFO  s.d.s.w.r.o.CachingOperationNameGenerator -
				Generating unique operation named: updateUsingPUT_366
2025-02-19 00:37:22 [restartedMain] INFO  s.d.s.w.r.o.CachingOperationNameGenerator -
				Generating unique operation named: activateUsingDELETE_137
2025-02-19 00:37:22 [restartedMain] INFO  s.d.s.w.r.o.CachingOperationNameGenerator -
				Generating unique operation named: deactivateUsingDELETE_137
2025-02-19 00:37:22 [restartedMain] INFO  s.d.s.w.r.o.CachingOperationNameGenerator -
				Generating unique operation named: getUsingGET_405
2025-02-19 00:37:22 [restartedMain] INFO  s.d.s.w.r.o.CachingOperationNameGenerator -
				Generating unique operation named: getAllSchoolsDataUsingGET_1
2025-02-19 00:37:22 [restartedMain] INFO  s.d.s.w.r.o.CachingOperationNameGenerator -
				Generating unique operation named: getSchoolDetailsUsingGET_1
2025-02-19 00:37:22 [restartedMain] INFO  s.d.s.w.r.o.CachingOperationNameGenerator -
				Generating unique operation named: getschoolCountUsingGET_1
2025-02-19 00:37:22 [restartedMain] INFO  s.d.s.w.r.o.CachingOperationNameGenerator -
				Generating unique operation named: listAllUsingGET_335
2025-02-19 00:37:22 [restartedMain] INFO  s.d.s.w.r.o.CachingOperationNameGenerator -
				Generating unique operation named: listAll13UsingGET_1
2025-02-19 00:37:22 [restartedMain] INFO  s.d.s.w.r.o.CachingOperationNameGenerator -
				Generating unique operation named: listAll15UsingGET_1
2025-02-19 00:37:22 [restartedMain] INFO  s.d.s.w.r.o.CachingOperationNameGenerator -
				Generating unique operation named: listAll16UsingGET_1
2025-02-19 00:37:22 [restartedMain] INFO  s.d.s.w.r.o.CachingOperationNameGenerator -
				Generating unique operation named: listAll3UsingGET_1
2025-02-19 00:37:22 [restartedMain] INFO  s.d.s.w.r.o.CachingOperationNameGenerator -
				Generating unique operation named: saveSchoolUsingPOST_1
2025-02-19 00:37:22 [restartedMain] INFO  s.d.s.w.r.o.CachingOperationNameGenerator -
				Generating unique operation named: schoolValidationUsingGET_3
2025-02-19 00:37:22 [restartedMain] INFO  s.d.s.w.r.o.CachingOperationNameGenerator -
				Generating unique operation named: updateUsingPUT_367
2025-02-19 00:37:22 [restartedMain] INFO  s.d.s.w.s.ApiListingReferenceScanner -
				Scanning for api listing references
2025-02-19 00:37:22 [restartedMain] INFO  s.d.s.w.r.o.CachingOperationNameGenerator -
				Generating unique operation named: activeListUsingGET_1
2025-02-19 00:37:22 [restartedMain] INFO  s.d.s.w.r.o.CachingOperationNameGenerator -
				Generating unique operation named: createUsingPOST_1
2025-02-19 00:37:22 [restartedMain] INFO  s.d.s.w.r.o.CachingOperationNameGenerator -
				Generating unique operation named: deleteUsingDELETE_266
2025-02-19 00:37:22 [restartedMain] INFO  s.d.s.w.r.o.CachingOperationNameGenerator -
				Generating unique operation named: delete1UsingDELETE_211
2025-02-19 00:37:22 [restartedMain] INFO  s.d.s.w.r.o.CachingOperationNameGenerator -
				Generating unique operation named: getUsingGET_406
2025-02-19 00:37:22 [restartedMain] INFO  s.d.s.w.r.o.CachingOperationNameGenerator -
				Generating unique operation named: getAllRolesDetailsUsingGET_8
2025-02-19 00:37:22 [restartedMain] INFO  s.d.s.w.r.o.CachingOperationNameGenerator -
				Generating unique operation named: getItemNameConcatWithdescriptionAndMakeUsingGET_1
2025-02-19 00:37:22 [restartedMain] INFO  s.d.s.w.r.o.CachingOperationNameGenerator -
				Generating unique operation named: updateUsingPUT_368
2025-02-19 00:37:22 [restartedMain] INFO  s.d.s.w.r.o.CachingOperationNameGenerator -
				Generating unique operation named: activateItemAssignmentUsingDELETE_2
2025-02-19 00:37:22 [restartedMain] INFO  s.d.s.w.r.o.CachingOperationNameGenerator -
				Generating unique operation named: deactivateItemAssignmentUsingDELETE_2
2025-02-19 00:37:22 [restartedMain] INFO  s.d.s.w.r.o.CachingOperationNameGenerator -
				Generating unique operation named: getUsingGET_407
2025-02-19 00:37:22 [restartedMain] INFO  s.d.s.w.r.o.CachingOperationNameGenerator -
				Generating unique operation named: getAllItemCreationDetailsUsingGET_3
2025-02-19 00:37:22 [restartedMain] INFO  s.d.s.w.r.o.CachingOperationNameGenerator -
				Generating unique operation named: listAllActiveItemAssignmentUsingGET_1
2025-02-19 00:37:22 [restartedMain] INFO  s.d.s.w.r.o.CachingOperationNameGenerator -
				Generating unique operation named: saveItemAssignmentUsingPOST_1
2025-02-19 00:37:22 [restartedMain] INFO  s.d.s.w.r.o.CachingOperationNameGenerator -
				Generating unique operation named: updateItemCreationUsingPUT_2
2025-02-19 00:37:22 [restartedMain] INFO  s.d.s.w.r.o.CachingOperationNameGenerator -
				Generating unique operation named: allActiveitemsDetailsUsingGET_1
2025-02-19 00:37:22 [restartedMain] INFO  s.d.s.w.r.o.CachingOperationNameGenerator -
				Generating unique operation named: deleteUsingDELETE_267
2025-02-19 00:37:22 [restartedMain] INFO  s.d.s.w.r.o.CachingOperationNameGenerator -
				Generating unique operation named: delete1UsingDELETE_212
2025-02-19 00:37:22 [restartedMain] INFO  s.d.s.w.r.o.CachingOperationNameGenerator -
				Generating unique operation named: getUsingGET_408
2025-02-19 00:37:22 [restartedMain] INFO  s.d.s.w.r.o.CachingOperationNameGenerator -
				Generating unique operation named: getAllItemCreationDetailsUsingGET_4
2025-02-19 00:37:22 [restartedMain] INFO  s.d.s.w.r.o.CachingOperationNameGenerator -
				Generating unique operation named: listAll1UsingGET_161
2025-02-19 00:37:22 [restartedMain] INFO  s.d.s.w.r.o.CachingOperationNameGenerator -
				Generating unique operation named: saveItemsCreationUsingPOST_1
2025-02-19 00:37:22 [restartedMain] INFO  s.d.s.w.r.o.CachingOperationNameGenerator -
				Generating unique operation named: updateItemCreationUsingPUT_3
2025-02-19 00:37:22 [restartedMain] INFO  s.d.s.w.r.o.CachingOperationNameGenerator -
				Generating unique operation named: activateUsingDELETE_138
2025-02-19 00:37:22 [restartedMain] INFO  s.d.s.w.r.o.CachingOperationNameGenerator -
				Generating unique operation named: deactivateUsingDELETE_138
2025-02-19 00:37:22 [restartedMain] INFO  s.d.s.w.r.o.CachingOperationNameGenerator -
				Generating unique operation named: fetchAllStoreIndentRequestBasedOnUserIdUsingGET_1
2025-02-19 00:37:22 [restartedMain] INFO  s.d.s.w.r.o.CachingOperationNameGenerator -
				Generating unique operation named: getUsingGET_409
2025-02-19 00:37:22 [restartedMain] INFO  s.d.s.w.r.o.CachingOperationNameGenerator -
				Generating unique operation named: getAllExamDetailsUsingGET_4
2025-02-19 00:37:22 [restartedMain] INFO  s.d.s.w.r.o.CachingOperationNameGenerator -
				Generating unique operation named: getApprovedDataUsingGET_1
2025-02-19 00:37:22 [restartedMain] INFO  s.d.s.w.r.o.CachingOperationNameGenerator -
				Generating unique operation named: getApprovedStoreIndentRequestByIndentTicketUsingGET_1
2025-02-19 00:37:22 [restartedMain] INFO  s.d.s.w.r.o.CachingOperationNameGenerator -
				Generating unique operation named: getApproveddataUsingGET_1
2025-02-19 00:37:22 [restartedMain] INFO  s.d.s.w.r.o.CachingOperationNameGenerator -
				Generating unique operation named: getDataForDisplayingUsingGET_2
2025-02-19 00:37:22 [restartedMain] INFO  s.d.s.w.r.o.CachingOperationNameGenerator -
				Generating unique operation named: getDataForDisplayingUsingGET_3
2025-02-19 00:37:22 [restartedMain] INFO  s.d.s.w.r.o.CachingOperationNameGenerator -
				Generating unique operation named: getDataForDisplaying2UsingGET_1
2025-02-19 00:37:22 [restartedMain] INFO  s.d.s.w.r.o.CachingOperationNameGenerator -
				Generating unique operation named: getEmpNameConcatWithDateUsingGET_1
2025-02-19 00:37:22 [restartedMain] INFO  s.d.s.w.r.o.CachingOperationNameGenerator -
				Generating unique operation named: getItemApproverDataBasedOnIndentTicketUsingGET_1
2025-02-19 00:37:22 [restartedMain] INFO  s.d.s.w.r.o.CachingOperationNameGenerator -
				Generating unique operation named: getItemApproverdataUsingGET_2
2025-02-19 00:37:22 [restartedMain] INFO  s.d.s.w.r.o.CachingOperationNameGenerator -
				Generating unique operation named: getItemApproverdataBasedOnUserIdUsingGET_1
2025-02-19 00:37:22 [restartedMain] INFO  s.d.s.w.r.o.CachingOperationNameGenerator -
				Generating unique operation named: getStoreIndentdetailsByStoreIndentIdUsingGET_1
2025-02-19 00:37:22 [restartedMain] INFO  s.d.s.w.r.o.CachingOperationNameGenerator -
				Generating unique operation named: listAllUsingGET_336
2025-02-19 00:37:22 [restartedMain] INFO  s.d.s.w.r.o.CachingOperationNameGenerator -
				Generating unique operation named: saveStoreIndentRequestUsingPOST_2
2025-02-19 00:37:22 [restartedMain] INFO  s.d.s.w.r.o.CachingOperationNameGenerator -
				Generating unique operation named: storeIndentRequestApprovedDataUsingGET_1
2025-02-19 00:37:22 [restartedMain] INFO  s.d.s.w.r.o.CachingOperationNameGenerator -
				Generating unique operation named: updateUsingPUT_369
2025-02-19 00:37:22 [restartedMain] INFO  s.d.s.w.r.o.CachingOperationNameGenerator -
				Generating unique operation named: updateAvailableItemInStoreUsingPUT_1
2025-02-19 00:37:22 [restartedMain] INFO  s.d.s.w.r.o.CachingOperationNameGenerator -
				Generating unique operation named: updateReceiveStatusUsingPUT_1
2025-02-19 00:37:22 [restartedMain] INFO  s.d.s.w.r.o.CachingOperationNameGenerator -
				Generating unique operation named: uploadFileUsingPOST_56
2025-02-19 00:37:22 [restartedMain] INFO  s.d.s.w.r.o.CachingOperationNameGenerator -
				Generating unique operation named: viewFilesUsingGET_52
2025-02-19 00:37:22 [restartedMain] INFO  s.d.s.w.r.o.CachingOperationNameGenerator -
				Generating unique operation named: getItemApproverdataUsingGET_3
2025-02-19 00:37:22 [restartedMain] INFO  s.d.s.w.r.o.CachingOperationNameGenerator -
				Generating unique operation named: saveStoreIndentRequestUsingPOST_3
2025-02-19 00:37:22 [restartedMain] INFO  s.d.s.w.r.o.CachingOperationNameGenerator -
				Generating unique operation named: activateItemAssignmentUsingDELETE_3
2025-02-19 00:37:22 [restartedMain] INFO  s.d.s.w.r.o.CachingOperationNameGenerator -
				Generating unique operation named: deactivateItemAssignmentUsingDELETE_3
2025-02-19 00:37:22 [restartedMain] INFO  s.d.s.w.r.o.CachingOperationNameGenerator -
				Generating unique operation named: getUsingGET_410
2025-02-19 00:37:22 [restartedMain] INFO  s.d.s.w.r.o.CachingOperationNameGenerator -
				Generating unique operation named: getAllItemCreationDetailsUsingGET_5
2025-02-19 00:37:22 [restartedMain] INFO  s.d.s.w.r.o.CachingOperationNameGenerator -
				Generating unique operation named: getEmpNameConcatWithCodeUsingGET_1
2025-02-19 00:37:22 [restartedMain] INFO  s.d.s.w.r.o.CachingOperationNameGenerator -
				Generating unique operation named: listAllActiveStorePurchaseUsingGET_1
2025-02-19 00:37:22 [restartedMain] INFO  s.d.s.w.r.o.CachingOperationNameGenerator -
				Generating unique operation named: savestorePurchaseUsingPOST_1
2025-02-19 00:37:22 [restartedMain] INFO  s.d.s.w.r.o.CachingOperationNameGenerator -
				Generating unique operation named: updateStorePurchaseUsingPUT_1
2025-02-19 00:37:22 [restartedMain] INFO  s.d.s.w.r.o.CachingOperationNameGenerator -
				Generating unique operation named: allStoresStockDetailsUsingGET_1
2025-02-19 00:37:22 [restartedMain] INFO  s.d.s.w.r.o.CachingOperationNameGenerator -
				Generating unique operation named: createStoresStockUsingPOST_1
2025-02-19 00:37:22 [restartedMain] INFO  s.d.s.w.r.o.CachingOperationNameGenerator -
				Generating unique operation named: deleteUsingDELETE_268
2025-02-19 00:37:22 [restartedMain] INFO  s.d.s.w.r.o.CachingOperationNameGenerator -
				Generating unique operation named: delete1UsingDELETE_213
2025-02-19 00:37:22 [restartedMain] INFO  s.d.s.w.r.o.CachingOperationNameGenerator -
				Generating unique operation named: getUsingGET_411
2025-02-19 00:37:22 [restartedMain] INFO  s.d.s.w.r.o.CachingOperationNameGenerator -
				Generating unique operation named: getActiveDetailsUsingGET_7
2025-02-19 00:37:22 [restartedMain] INFO  s.d.s.w.r.o.CachingOperationNameGenerator -
				Generating unique operation named: getAllDetailsUsingGET_5
2025-02-19 00:37:22 [restartedMain] INFO  s.d.s.w.r.o.CachingOperationNameGenerator -
				Generating unique operation named: updateUsingPUT_370
2025-02-19 00:37:22 [restartedMain] INFO  s.d.s.w.r.o.CachingOperationNameGenerator -
				Generating unique operation named: downloadFileUsingGET_21
2025-02-19 00:37:22 [restartedMain] INFO  s.d.s.w.r.o.CachingOperationNameGenerator -
				Generating unique operation named: getUsingGET_412
2025-02-19 00:37:22 [restartedMain] INFO  s.d.s.w.r.o.CachingOperationNameGenerator -
				Generating unique operation named: saveVendorAttachmentsUsingPOST_1
2025-02-19 00:37:22 [restartedMain] INFO  s.d.s.w.r.o.CachingOperationNameGenerator -
				Generating unique operation named: uploadFileUsingPOST_57
2025-02-19 00:37:22 [restartedMain] INFO  s.d.s.w.r.o.CachingOperationNameGenerator -
				Generating unique operation named: vendorAttachmentDetailsUsingGET_1
2025-02-19 00:37:22 [restartedMain] INFO  s.d.s.w.r.o.CachingOperationNameGenerator -
				Generating unique operation named: deleteUsingDELETE_269
2025-02-19 00:37:22 [restartedMain] INFO  s.d.s.w.r.o.CachingOperationNameGenerator -
				Generating unique operation named: delete1UsingDELETE_214
2025-02-19 00:37:22 [restartedMain] INFO  s.d.s.w.r.o.CachingOperationNameGenerator -
				Generating unique operation named: getActiveVendorDetailsUsingGET_2
2025-02-19 00:37:22 [restartedMain] INFO  s.d.s.w.r.o.CachingOperationNameGenerator -
				Generating unique operation named: getAllVendorDetailsUsingGET_2
2025-02-19 00:37:22 [restartedMain] INFO  s.d.s.w.r.o.CachingOperationNameGenerator -
				Generating unique operation named: getVendorDetailsByIdUsingGET_1
2025-02-19 00:37:22 [restartedMain] INFO  s.d.s.w.r.o.CachingOperationNameGenerator -
				Generating unique operation named: getVoucherHeadNewDataFromVendorUsingGET_1
2025-02-19 00:37:22 [restartedMain] INFO  s.d.s.w.r.o.CachingOperationNameGenerator -
				Generating unique operation named: saveVendorUsingPOST_1
2025-02-19 00:37:22 [restartedMain] INFO  s.d.s.w.r.o.CachingOperationNameGenerator -
				Generating unique operation named: updateUsingPUT_371
2025-02-19 00:37:22 [restartedMain] INFO  s.d.s.w.r.o.CachingOperationNameGenerator -
				Generating unique operation named: getActiveVendorDetailsUsingGET_3
2025-02-19 00:37:22 [restartedMain] INFO  s.d.s.w.r.o.CachingOperationNameGenerator -
				Generating unique operation named: getAllVendorDetailsUsingGET_3
2025-02-19 00:37:22 [restartedMain] INFO  s.d.s.w.r.o.CachingOperationNameGenerator -
				Generating unique operation named: saveVendorHistoryUsingPOST_1
2025-02-19 00:37:22 [restartedMain] INFO  s.d.s.w.r.o.CachingOperationNameGenerator -
				Generating unique operation named: ListAll1UsingGET_1
2025-02-19 00:37:22 [restartedMain] INFO  s.d.s.w.r.o.CachingOperationNameGenerator -
				Generating unique operation named: deleteUsingDELETE_270
2025-02-19 00:37:22 [restartedMain] INFO  s.d.s.w.r.o.CachingOperationNameGenerator -
				Generating unique operation named: delete1UsingDELETE_215
2025-02-19 00:37:22 [restartedMain] INFO  s.d.s.w.r.o.CachingOperationNameGenerator -
				Generating unique operation named: getUsingGET_413
2025-02-19 00:37:22 [restartedMain] INFO  s.d.s.w.r.o.CachingOperationNameGenerator -
				Generating unique operation named: getAllVendorOpeningbalanceUsingGET_1
2025-02-19 00:37:22 [restartedMain] INFO  s.d.s.w.r.o.CachingOperationNameGenerator -
				Generating unique operation named: getVendorOpeningBalanceByVoucherHeadIdUsingGET_1
2025-02-19 00:37:22 [restartedMain] INFO  s.d.s.w.r.o.CachingOperationNameGenerator -
				Generating unique operation named: saveVendorOpeningBalanceUsingPOST_1
2025-02-19 00:37:22 [restartedMain] INFO  s.d.s.w.r.o.CachingOperationNameGenerator -
				Generating unique operation named: updateUsingPUT_372
2025-02-19 00:37:22 [restartedMain] INFO  s.d.s.w.r.o.CachingOperationNameGenerator -
				Generating unique operation named: updateUsingPUT_373
2025-02-19 00:37:22 [restartedMain] INFO  s.d.s.w.s.ApiListingReferenceScanner -
				Scanning for api listing references
2025-02-19 00:37:22 [restartedMain] INFO  s.d.s.w.r.o.CachingOperationNameGenerator -
				Generating unique operation named: deleteUsingDELETE_271
2025-02-19 00:37:22 [restartedMain] INFO  s.d.s.w.r.o.CachingOperationNameGenerator -
				Generating unique operation named: delete1UsingDELETE_216
2025-02-19 00:37:22 [restartedMain] INFO  s.d.s.w.r.o.CachingOperationNameGenerator -
				Generating unique operation named: getUsingGET_414
2025-02-19 00:37:22 [restartedMain] INFO  s.d.s.w.r.o.CachingOperationNameGenerator -
				Generating unique operation named: getAllActiveProctorsUsingGET_1
2025-02-19 00:37:22 [restartedMain] INFO  s.d.s.w.r.o.CachingOperationNameGenerator -
				Generating unique operation named: getAllProctorHeadDetailsUsingGET_3
2025-02-19 00:37:22 [restartedMain] INFO  s.d.s.w.r.o.CachingOperationNameGenerator -
				Generating unique operation named: listAllUsingGET_337
2025-02-19 00:37:22 [restartedMain] INFO  s.d.s.w.r.o.CachingOperationNameGenerator -
				Generating unique operation named: saveProctorHeadUsingPOST_1
2025-02-19 00:37:22 [restartedMain] INFO  s.d.s.w.r.o.CachingOperationNameGenerator -
				Generating unique operation named: updateUsingPUT_374
2025-02-19 00:37:22 [restartedMain] INFO  s.d.s.w.r.o.CachingOperationNameGenerator -
				Generating unique operation named: fetch1UsingGET_7
2025-02-19 00:37:22 [restartedMain] INFO  s.d.s.w.r.o.CachingOperationNameGenerator -
				Generating unique operation named: listAllUsingGET_338
2025-02-19 00:37:22 [restartedMain] INFO  s.d.s.w.r.o.CachingOperationNameGenerator -
				Generating unique operation named: saveProctorHeadHistoryUsingPOST_1
2025-02-19 00:37:22 [restartedMain] INFO  s.d.s.w.r.o.CachingOperationNameGenerator -
				Generating unique operation named: saveProctorHeadHistory1UsingPOST_1
2025-02-19 00:37:22 [restartedMain] INFO  s.d.s.w.r.o.CachingOperationNameGenerator -
				Generating unique operation named: deleteUsingDELETE_272
2025-02-19 00:37:22 [restartedMain] INFO  s.d.s.w.r.o.CachingOperationNameGenerator -
				Generating unique operation named: delete1UsingDELETE_217
2025-02-19 00:37:22 [restartedMain] INFO  s.d.s.w.r.o.CachingOperationNameGenerator -
				Generating unique operation named: getUsingGET_415
2025-02-19 00:37:22 [restartedMain] INFO  s.d.s.w.r.o.CachingOperationNameGenerator -
				Generating unique operation named: getAllListUsingGET_1
2025-02-19 00:37:22 [restartedMain] INFO  s.d.s.w.r.o.CachingOperationNameGenerator -
				Generating unique operation named: getAllProctorHeadDetailsUsingGET_4
2025-02-19 00:37:22 [restartedMain] INFO  s.d.s.w.r.o.CachingOperationNameGenerator -
				Generating unique operation named: getCountOfStudentBasedOnUserIdUsingGET_1
2025-02-19 00:37:22 [restartedMain] INFO  s.d.s.w.r.o.CachingOperationNameGenerator -
				Generating unique operation named: getProctorStatusAssignedStudentDetailsListUsingGET_1
2025-02-19 00:37:22 [restartedMain] INFO  s.d.s.w.r.o.CachingOperationNameGenerator -
				Generating unique operation named: getProctorStatusAssignedStudentDetailsListByUserIdUsingGET_1
2025-02-19 00:37:22 [restartedMain] INFO  s.d.s.w.r.o.CachingOperationNameGenerator -
				Generating unique operation named: getProctorStatusAssignedStudentsByUserIdUsingGET_1
2025-02-19 00:37:22 [restartedMain] INFO  s.d.s.w.r.o.CachingOperationNameGenerator -
				Generating unique operation named: listAllUsingGET_339
2025-02-19 00:37:22 [restartedMain] INFO  s.d.s.w.r.o.CachingOperationNameGenerator -
				Generating unique operation named: saveProctorStudentAssignmentUsingPOST_2
2025-02-19 00:37:22 [restartedMain] INFO  s.d.s.w.r.o.CachingOperationNameGenerator -
				Generating unique operation named: updateUsingPUT_375
2025-02-19 00:37:22 [restartedMain] INFO  s.d.s.w.r.o.CachingOperationNameGenerator -
				Generating unique operation named: getAllProctorHeadDetailsUsingGET_5
2025-02-19 00:37:22 [restartedMain] INFO  s.d.s.w.r.o.CachingOperationNameGenerator -
				Generating unique operation named: proctorStudentAssignmentHistoryDetailByUserIdUsingGET_1
2025-02-19 00:37:22 [restartedMain] INFO  s.d.s.w.r.o.CachingOperationNameGenerator -
				Generating unique operation named: saveProctorStudentAssignmentUsingPOST_3
2025-02-19 00:37:22 [restartedMain] INFO  s.d.s.w.r.o.CachingOperationNameGenerator -
				Generating unique operation named: deleteUsingDELETE_273
2025-02-19 00:37:22 [restartedMain] INFO  s.d.s.w.r.o.CachingOperationNameGenerator -
				Generating unique operation named: delete1UsingDELETE_218
2025-02-19 00:37:22 [restartedMain] INFO  s.d.s.w.r.o.CachingOperationNameGenerator -
				Generating unique operation named: fetchAllProctorStudentMeetingUsingGET_1
2025-02-19 00:37:22 [restartedMain] INFO  s.d.s.w.r.o.CachingOperationNameGenerator -
				Generating unique operation named: fetchAllProctorStudentMeetingBasedOnUserIdUsingGET_1
2025-02-19 00:37:22 [restartedMain] INFO  s.d.s.w.r.o.CachingOperationNameGenerator -
				Generating unique operation named: getUsingGET_416
2025-02-19 00:37:22 [restartedMain] INFO  s.d.s.w.r.o.CachingOperationNameGenerator -
				Generating unique operation named: getAllMailHistoryBasedOnMentorUsingGET_1
2025-02-19 00:37:22 [restartedMain] INFO  s.d.s.w.r.o.CachingOperationNameGenerator -
				Generating unique operation named: saveProctorStudentMeetingUsingPOST_1
2025-02-19 00:37:22 [restartedMain] INFO  s.d.s.w.r.o.CachingOperationNameGenerator -
				Generating unique operation named: sendEmailMessageForMeetingUsingPOST_1
2025-02-19 00:37:22 [restartedMain] INFO  s.d.s.w.r.o.CachingOperationNameGenerator -
				Generating unique operation named: updateProctorStudentMeetingUsingPUT_1
2025-02-19 00:37:22 [restartedMain] INFO  s.d.s.w.s.ApiListingReferenceScanner -
				Scanning for api listing references
2025-02-19 00:37:22 [restartedMain] INFO  s.d.s.w.s.ApiListingReferenceScanner -
				Scanning for api listing references
2025-02-19 00:37:22 [restartedMain] INFO  s.d.s.w.r.o.CachingOperationNameGenerator -
				Generating unique operation named: activateUsingDELETE_139
2025-02-19 00:37:22 [restartedMain] INFO  s.d.s.w.r.o.CachingOperationNameGenerator -
				Generating unique operation named: checkAuidWithFeeTypeIsAlreadyPresentOrNotUsingGET_1
2025-02-19 00:37:22 [restartedMain] INFO  s.d.s.w.r.o.CachingOperationNameGenerator -
				Generating unique operation named: createAcerpAmountUsingPOST_1
2025-02-19 00:37:22 [restartedMain] INFO  s.d.s.w.r.o.CachingOperationNameGenerator -
				Generating unique operation named: deactivateUsingDELETE_139
2025-02-19 00:37:22 [restartedMain] INFO  s.d.s.w.r.o.CachingOperationNameGenerator -
				Generating unique operation named: fetchAllAcerpAmountUsingGET_1
2025-02-19 00:37:22 [restartedMain] INFO  s.d.s.w.r.o.CachingOperationNameGenerator -
				Generating unique operation named: getUsingGET_417
2025-02-19 00:37:22 [restartedMain] INFO  s.d.s.w.r.o.CachingOperationNameGenerator -
				Generating unique operation named: getAcerpAmountByAuidUsingGET_1
2025-02-19 00:37:22 [restartedMain] INFO  s.d.s.w.r.o.CachingOperationNameGenerator -
				Generating unique operation named: listAllUsingGET_340
2025-02-19 00:37:22 [restartedMain] INFO  s.d.s.w.r.o.CachingOperationNameGenerator -
				Generating unique operation named: updateUsingPUT_376
2025-02-19 00:37:22 [restartedMain] INFO  s.d.s.w.r.o.CachingOperationNameGenerator -
				Generating unique operation named: updateAcerpAmountByacerpAmountIdUsingPUT_1
2025-02-19 00:37:22 [restartedMain] INFO  s.d.s.w.r.o.CachingOperationNameGenerator -
				Generating unique operation named: uploadFileUsingPOST_58
2025-02-19 00:37:22 [restartedMain] INFO  s.d.s.w.r.o.CachingOperationNameGenerator -
				Generating unique operation named: viewFilesUsingGET_53
2025-02-19 00:37:22 [restartedMain] INFO  s.d.s.w.r.o.CachingOperationNameGenerator -
				Generating unique operation named: deleteUsingDELETE_274
2025-02-19 00:37:22 [restartedMain] INFO  s.d.s.w.r.o.CachingOperationNameGenerator -
				Generating unique operation named: getUsingGET_418
2025-02-19 00:37:22 [restartedMain] INFO  s.d.s.w.r.o.CachingOperationNameGenerator -
				Generating unique operation named: getApplicationDetailsUsingGET_1
2025-02-19 00:37:22 [restartedMain] INFO  s.d.s.w.r.o.CachingOperationNameGenerator -
				Generating unique operation named: listAllUsingGET_341
2025-02-19 00:37:22 [restartedMain] INFO  s.d.s.w.r.o.CachingOperationNameGenerator -
				Generating unique operation named: saveApplicantDetailsUsingPOST_1
2025-02-19 00:37:22 [restartedMain] INFO  s.d.s.w.r.o.CachingOperationNameGenerator -
				Generating unique operation named: updateUsingPUT_377
2025-02-19 00:37:22 [restartedMain] INFO  s.d.s.w.r.o.CachingOperationNameGenerator -
				Generating unique operation named: getUsingGET_419
2025-02-19 00:37:22 [restartedMain] INFO  s.d.s.w.r.o.CachingOperationNameGenerator -
				Generating unique operation named: getAllActiveApplicantPaidDetailsUsingGET_1
2025-02-19 00:37:22 [restartedMain] INFO  s.d.s.w.r.o.CachingOperationNameGenerator -
				Generating unique operation named: getApplicantPaidDetailsBasedOnIdUsingGET_1
2025-02-19 00:37:22 [restartedMain] INFO  s.d.s.w.r.o.CachingOperationNameGenerator -
				Generating unique operation named: saveApplicantPaidDetailsUsingPOST_1
2025-02-19 00:37:22 [restartedMain] INFO  s.d.s.w.r.o.CachingOperationNameGenerator -
				Generating unique operation named: updateApplicantPaidDetailsUsingPUT_1
2025-02-19 00:37:22 [restartedMain] INFO  s.d.s.w.r.o.CachingOperationNameGenerator -
				Generating unique operation named: activateUsingDELETE_140
2025-02-19 00:37:22 [restartedMain] INFO  s.d.s.w.r.o.CachingOperationNameGenerator -
				Generating unique operation named: bankImportSettlementUsingPOST_1
2025-02-19 00:37:22 [restartedMain] INFO  s.d.s.w.r.o.CachingOperationNameGenerator -
				Generating unique operation named: bankImportSettlementTriggerUsingPOST_1
2025-02-19 00:37:22 [restartedMain] INFO  s.d.s.w.r.o.CachingOperationNameGenerator -
				Generating unique operation named: bankImportTransactionUsingGET_1
2025-02-19 00:37:22 [restartedMain] INFO  s.d.s.w.r.o.CachingOperationNameGenerator -
				Generating unique operation named: bankImportTransactionDetailsOnAmountUsingGET_1
2025-02-19 00:37:22 [restartedMain] INFO  s.d.s.w.r.o.CachingOperationNameGenerator -
				Generating unique operation named: bankImportTransactionWithVoucherNameUsingGET_1
2025-02-19 00:37:22 [restartedMain] INFO  s.d.s.w.r.o.CachingOperationNameGenerator -
				Generating unique operation named: deactivateUsingDELETE_140
2025-02-19 00:37:22 [restartedMain] INFO  s.d.s.w.r.o.CachingOperationNameGenerator -
				Generating unique operation named: deleteBankImportTransactionUsingDELETE_1
2025-02-19 00:37:22 [restartedMain] INFO  s.d.s.w.r.o.CachingOperationNameGenerator -
				Generating unique operation named: fetchAllInactivebankImportTransactionDetailUsingGET_1
2025-02-19 00:37:22 [restartedMain] INFO  s.d.s.w.r.o.CachingOperationNameGenerator -
				Generating unique operation named: fetchAllbankImportTransactionDetailsForClearedHistoryUsingGET_1
2025-02-19 00:37:22 [restartedMain] INFO  s.d.s.w.r.o.CachingOperationNameGenerator -
				Generating unique operation named: getUsingGET_420
2025-02-19 00:37:22 [restartedMain] INFO  s.d.s.w.r.o.CachingOperationNameGenerator -
				Generating unique operation named: getAllBankImportTransactionUsingGET_5
2025-02-19 00:37:22 [restartedMain] INFO  s.d.s.w.r.o.CachingOperationNameGenerator -
				Generating unique operation named: listAllUsingGET_342
2025-02-19 00:37:22 [restartedMain] INFO  s.d.s.w.r.o.CachingOperationNameGenerator -
				Generating unique operation named: postDataFromFileUsingPOST_3
2025-02-19 00:37:22 [restartedMain] INFO  s.d.s.w.r.o.CachingOperationNameGenerator -
				Generating unique operation named: saveBankImportTransactionUsingPOST_1
2025-02-19 00:37:22 [restartedMain] INFO  s.d.s.w.r.o.CachingOperationNameGenerator -
				Generating unique operation named: saveBankImportTransaction1UsingPOST_1
2025-02-19 00:37:22 [restartedMain] INFO  s.d.s.w.r.o.CachingOperationNameGenerator -
				Generating unique operation named: updateUsingPUT_378
2025-02-19 00:37:22 [restartedMain] INFO  s.d.s.w.r.o.CachingOperationNameGenerator -
				Generating unique operation named: updateBankDetailsDataUsingPUT_1
2025-02-19 00:37:22 [restartedMain] INFO  s.d.s.w.r.o.CachingOperationNameGenerator -
				Generating unique operation named: deleteUsingDELETE_275
2025-02-19 00:37:22 [restartedMain] INFO  s.d.s.w.r.o.CachingOperationNameGenerator -
				Generating unique operation named: delete1UsingDELETE_219
2025-02-19 00:37:22 [restartedMain] INFO  s.d.s.w.r.o.CachingOperationNameGenerator -
				Generating unique operation named: getUsingGET_421
2025-02-19 00:37:22 [restartedMain] INFO  s.d.s.w.r.o.CachingOperationNameGenerator -
				Generating unique operation named: listAllUsingGET_343
2025-02-19 00:37:22 [restartedMain] INFO  s.d.s.w.r.o.CachingOperationNameGenerator -
				Generating unique operation named: listAll1UsingGET_162
2025-02-19 00:37:22 [restartedMain] INFO  s.d.s.w.r.o.CachingOperationNameGenerator -
				Generating unique operation named: saveBoardUsingPOST_1
2025-02-19 00:37:22 [restartedMain] INFO  s.d.s.w.r.o.CachingOperationNameGenerator -
				Generating unique operation named: updateUsingPUT_379
2025-02-19 00:37:22 [restartedMain] INFO  s.d.s.w.r.o.CachingOperationNameGenerator -
				Generating unique operation named: deleteUsingDELETE_276
2025-02-19 00:37:22 [restartedMain] INFO  s.d.s.w.r.o.CachingOperationNameGenerator -
				Generating unique operation named: delete1UsingDELETE_220
2025-02-19 00:37:22 [restartedMain] INFO  s.d.s.w.r.o.CachingOperationNameGenerator -
				Generating unique operation named: getUsingGET_422
2025-02-19 00:37:22 [restartedMain] INFO  s.d.s.w.r.o.CachingOperationNameGenerator -
				Generating unique operation named: getBoardBySchoolUsingGET_1
2025-02-19 00:37:22 [restartedMain] INFO  s.d.s.w.r.o.CachingOperationNameGenerator -
				Generating unique operation named: getBoardSchoolUsingGET_1
2025-02-19 00:37:22 [restartedMain] INFO  s.d.s.w.r.o.CachingOperationNameGenerator -
				Generating unique operation named: listAllUsingGET_344
2025-02-19 00:37:22 [restartedMain] INFO  s.d.s.w.r.o.CachingOperationNameGenerator -
				Generating unique operation named: listAll1UsingGET_163
2025-02-19 00:37:22 [restartedMain] INFO  s.d.s.w.r.o.CachingOperationNameGenerator -
				Generating unique operation named: saveAcademicYearUsingPOST_12
2025-02-19 00:37:22 [restartedMain] INFO  s.d.s.w.r.o.CachingOperationNameGenerator -
				Generating unique operation named: updateUsingPUT_380
2025-02-19 00:37:22 [restartedMain] INFO  s.d.s.w.r.o.CachingOperationNameGenerator -
				Generating unique operation named: getUsingGET_423
2025-02-19 00:37:22 [restartedMain] INFO  s.d.s.w.r.o.CachingOperationNameGenerator -
				Generating unique operation named: listAllUsingGET_345
2025-02-19 00:37:22 [restartedMain] INFO  s.d.s.w.r.o.CachingOperationNameGenerator -
				Generating unique operation named: listAllUsingGET_346
2025-02-19 00:37:22 [restartedMain] INFO  s.d.s.w.r.o.CachingOperationNameGenerator -
				Generating unique operation named: listAll1UsingGET_164
2025-02-19 00:37:22 [restartedMain] INFO  s.d.s.w.r.o.CachingOperationNameGenerator -
				Generating unique operation named: saveCandidateCounsellorSwappingUsingPOST_1
2025-02-19 00:37:22 [restartedMain] INFO  s.d.s.w.r.o.CachingOperationNameGenerator -
				Generating unique operation named: deleteUsingDELETE_277
2025-02-19 00:37:22 [restartedMain] INFO  s.d.s.w.r.o.CachingOperationNameGenerator -
				Generating unique operation named: delete1UsingDELETE_221
2025-02-19 00:37:22 [restartedMain] INFO  s.d.s.w.r.o.CachingOperationNameGenerator -
				Generating unique operation named: fetchAllCandidateFollowUpUsingGET_1
2025-02-19 00:37:22 [restartedMain] INFO  s.d.s.w.r.o.CachingOperationNameGenerator -
				Generating unique operation named: fetchCandidateFollowUpDataUsingGET_1
2025-02-19 00:37:22 [restartedMain] INFO  s.d.s.w.r.o.CachingOperationNameGenerator -
				Generating unique operation named: getUsingGET_424
2025-02-19 00:37:22 [restartedMain] INFO  s.d.s.w.r.o.CachingOperationNameGenerator -
				Generating unique operation named: getDataUsingGET_1
2025-02-19 00:37:22 [restartedMain] INFO  s.d.s.w.r.o.CachingOperationNameGenerator -
				Generating unique operation named: listAllUsingGET_347
2025-02-19 00:37:22 [restartedMain] INFO  s.d.s.w.r.o.CachingOperationNameGenerator -
				Generating unique operation named: saveCandidateFollowUpUsingPOST_1
2025-02-19 00:37:22 [restartedMain] INFO  s.d.s.w.r.o.CachingOperationNameGenerator -
				Generating unique operation named: updateUsingPUT_381
2025-02-19 00:37:22 [restartedMain] INFO  s.d.s.w.r.o.CachingOperationNameGenerator -
				Generating unique operation named: fetchAllCandidateResultsUsingGET_1
2025-02-19 00:37:22 [restartedMain] INFO  s.d.s.w.r.o.CachingOperationNameGenerator -
				Generating unique operation named: getAllDataOfCandidateResultUsingGET_1
2025-02-19 00:37:22 [restartedMain] INFO  s.d.s.w.r.o.CachingOperationNameGenerator -
				Generating unique operation named: getCandidateResultsUsingPOST_1
2025-02-19 00:37:22 [restartedMain] INFO  s.d.s.w.r.o.CachingOperationNameGenerator -
				Generating unique operation named: getCountOfResultUsingGET_1
2025-02-19 00:37:22 [restartedMain] INFO  s.d.s.w.r.o.CachingOperationNameGenerator -
				Generating unique operation named: candidatePhotoAttachmentDetailsUsingGET_1
2025-02-19 00:37:22 [restartedMain] INFO  s.d.s.w.r.o.CachingOperationNameGenerator -
				Generating unique operation named: downloadFileUsingGET_22
2025-02-19 00:37:22 [restartedMain] INFO  s.d.s.w.r.o.CachingOperationNameGenerator -
				Generating unique operation named: getUsingGET_425
2025-02-19 00:37:22 [restartedMain] INFO  s.d.s.w.r.o.CachingOperationNameGenerator -
				Generating unique operation named: imageDownloadOfCandidateAttachmentUsingGET_1
2025-02-19 00:37:22 [restartedMain] INFO  s.d.s.w.r.o.CachingOperationNameGenerator -
				Generating unique operation named: uploadCandidateAttachmentUsingPOST_5
2025-02-19 00:37:22 [restartedMain] INFO  s.d.s.w.r.o.CachingOperationNameGenerator -
				Generating unique operation named: uploadCandidateAttachmentFromStudentProfileUsingPOST_1
2025-02-19 00:37:22 [restartedMain] INFO  s.d.s.w.r.o.CachingOperationNameGenerator -
				Generating unique operation named: Candidate_WalkinForLsqUsingPOST_1
2025-02-19 00:37:22 [restartedMain] INFO  s.d.s.w.r.o.CachingOperationNameGenerator -
				Generating unique operation named: callLeadSquaredApiForUpdateAuidUsingGET_1
2025-02-19 00:37:22 [restartedMain] INFO  s.d.s.w.r.o.CachingOperationNameGenerator -
				Generating unique operation named: candidateWalkinForLsqApplicationStatusUsingPOST_1
2025-02-19 00:37:22 [restartedMain] INFO  s.d.s.w.r.o.CachingOperationNameGenerator -
				Generating unique operation named: deleteUsingDELETE_278
2025-02-19 00:37:22 [restartedMain] INFO  s.d.s.w.r.o.CachingOperationNameGenerator -
				Generating unique operation named: delete1UsingDELETE_222
2025-02-19 00:37:22 [restartedMain] INFO  s.d.s.w.r.o.CachingOperationNameGenerator -
				Generating unique operation named: emailForOfferUsingPOST_3
2025-02-19 00:37:22 [restartedMain] INFO  s.d.s.w.r.o.CachingOperationNameGenerator -
				Generating unique operation named: fetchNonIndianDataFromCandidateWalkinUsingGET_1
2025-02-19 00:37:22 [restartedMain] INFO  s.d.s.w.r.o.CachingOperationNameGenerator -
				Generating unique operation named: getUsingGET_426
2025-02-19 00:37:22 [restartedMain] INFO  s.d.s.w.r.o.CachingOperationNameGenerator -
				Generating unique operation named: getAllCandidateWalkinDataUsingGET_1
2025-02-19 00:37:22 [restartedMain] INFO  s.d.s.w.r.o.CachingOperationNameGenerator -
				Generating unique operation named: getAllCandidateWalkinData1UsingGET_1
2025-02-19 00:37:22 [restartedMain] INFO  s.d.s.w.r.o.CachingOperationNameGenerator -
				Generating unique operation named: getCandidateWalkinDataLsqUsingGET_1
2025-02-19 00:37:22 [restartedMain] INFO  s.d.s.w.r.o.CachingOperationNameGenerator -
				Generating unique operation named: listAllUsingGET_348
2025-02-19 00:37:22 [restartedMain] INFO  s.d.s.w.r.o.CachingOperationNameGenerator -
				Generating unique operation named: listAll1UsingGET_165
2025-02-19 00:37:22 [restartedMain] INFO  s.d.s.w.r.o.CachingOperationNameGenerator -
				Generating unique operation named: listAll2UsingGET_4
2025-02-19 00:37:22 [restartedMain] INFO  s.d.s.w.r.o.CachingOperationNameGenerator -
				Generating unique operation named: listAll6UsingGET_1
2025-02-19 00:37:22 [restartedMain] INFO  s.d.s.w.r.o.CachingOperationNameGenerator -
				Generating unique operation named: saveCandidateWalkinUsingPOST_2
2025-02-19 00:37:22 [restartedMain] INFO  s.d.s.w.r.o.CachingOperationNameGenerator -
				Generating unique operation named: saveCandidateWalkinUsingPOST_3
2025-02-19 00:37:22 [restartedMain] INFO  s.d.s.w.r.o.CachingOperationNameGenerator -
				Generating unique operation named: updateUsingPUT_382
2025-02-19 00:37:22 [restartedMain] INFO  s.d.s.w.r.o.CachingOperationNameGenerator -
				Generating unique operation named: updateUsingPUT_383
2025-02-19 00:37:22 [restartedMain] INFO  s.d.s.w.r.o.CachingOperationNameGenerator -
				Generating unique operation named: updateCandidate_WalkinForLsqUsingPUT_1
2025-02-19 00:37:22 [restartedMain] INFO  s.d.s.w.r.o.CachingOperationNameGenerator -
				Generating unique operation named: updateLeadStatusUsingPUT_1
2025-02-19 00:37:22 [restartedMain] INFO  s.d.s.w.r.o.CachingOperationNameGenerator -
				Generating unique operation named: deleteUsingDELETE_279
2025-02-19 00:37:22 [restartedMain] INFO  s.d.s.w.r.o.CachingOperationNameGenerator -
				Generating unique operation named: delete1UsingDELETE_223
2025-02-19 00:37:22 [restartedMain] INFO  s.d.s.w.r.o.CachingOperationNameGenerator -
				Generating unique operation named: getUsingGET_427
2025-02-19 00:37:22 [restartedMain] INFO  s.d.s.w.r.o.CachingOperationNameGenerator -
				Generating unique operation named: getAllCandidateWalkinDumpDataUsingGET_1
2025-02-19 00:37:22 [restartedMain] INFO  s.d.s.w.r.o.CachingOperationNameGenerator -
				Generating unique operation named: listAllUsingGET_349
2025-02-19 00:37:22 [restartedMain] INFO  s.d.s.w.r.o.CachingOperationNameGenerator -
				Generating unique operation named: saveCandidateWalkinDumpUsingPOST_1
2025-02-19 00:37:22 [restartedMain] INFO  s.d.s.w.r.o.CachingOperationNameGenerator -
				Generating unique operation named: updateUsingPUT_384
2025-02-19 00:37:22 [restartedMain] INFO  s.d.s.w.r.o.CachingOperationNameGenerator -
				Generating unique operation named: approveChangeOfCourseProgramRequestUsingPUT_1
2025-02-19 00:37:22 [restartedMain] INFO  s.d.s.w.r.o.CachingOperationNameGenerator -
				Generating unique operation named: changeOfCourseProgramUsingPOST_1
2025-02-19 00:37:22 [restartedMain] INFO  s.d.s.w.r.o.CachingOperationNameGenerator -
				Generating unique operation named: changeOfCourseProgramAttachmentDetailUsingGET_1
2025-02-19 00:37:22 [restartedMain] INFO  s.d.s.w.r.o.CachingOperationNameGenerator -
				Generating unique operation named: downloadFileUsingGET_23
2025-02-19 00:37:22 [restartedMain] INFO  s.d.s.w.r.o.CachingOperationNameGenerator -
				Generating unique operation named: initiatedChangeOfCourseProgramStudentDetailsUsingGET_1
2025-02-19 00:37:22 [restartedMain] INFO  s.d.s.w.r.o.CachingOperationNameGenerator -
				Generating unique operation named: uploadFileUsingPOST_59
2025-02-19 00:37:22 [restartedMain] INFO  s.d.s.w.r.o.CachingOperationNameGenerator -
				Generating unique operation named: activateUsingDELETE_141
2025-02-19 00:37:22 [restartedMain] INFO  s.d.s.w.r.o.CachingOperationNameGenerator -
				Generating unique operation named: deactivateUsingDELETE_141
2025-02-19 00:37:22 [restartedMain] INFO  s.d.s.w.r.o.CachingOperationNameGenerator -
				Generating unique operation named: getClassFeedbackAnswersUsingGET_1
2025-02-19 00:37:22 [restartedMain] INFO  s.d.s.w.r.o.CachingOperationNameGenerator -
				Generating unique operation named: listAllUsingGET_350
2025-02-19 00:37:22 [restartedMain] INFO  s.d.s.w.r.o.CachingOperationNameGenerator -
				Generating unique operation named: saveClassFeedbackAnswersUsingPOST_3
2025-02-19 00:37:22 [restartedMain] INFO  s.d.s.w.r.o.CachingOperationNameGenerator -
				Generating unique operation named: updateClassFeedbackAnswersUsingPUT_1
2025-02-19 00:37:22 [restartedMain] INFO  s.d.s.w.r.o.CachingOperationNameGenerator -
				Generating unique operation named: activateUsingDELETE_142
2025-02-19 00:37:22 [restartedMain] INFO  s.d.s.w.r.o.CachingOperationNameGenerator -
				Generating unique operation named: deactivateUsingDELETE_142
2025-02-19 00:37:22 [restartedMain] INFO  s.d.s.w.r.o.CachingOperationNameGenerator -
				Generating unique operation named: getUsingGET_428
2025-02-19 00:37:22 [restartedMain] INFO  s.d.s.w.r.o.CachingOperationNameGenerator -
				Generating unique operation named: getAllClassFeedbackQuestionsUsingGET_1
2025-02-19 00:37:22 [restartedMain] INFO  s.d.s.w.r.o.CachingOperationNameGenerator -
				Generating unique operation named: getClassFeedbackQuestionsUsingGET_1
2025-02-19 00:37:22 [restartedMain] INFO  s.d.s.w.r.o.CachingOperationNameGenerator -
				Generating unique operation named: listAllUsingGET_351
2025-02-19 00:37:22 [restartedMain] INFO  s.d.s.w.r.o.CachingOperationNameGenerator -
				Generating unique operation named: save_clsfeedbackqueUsingPOST_1
2025-02-19 00:37:22 [restartedMain] INFO  s.d.s.w.r.o.CachingOperationNameGenerator -
				Generating unique operation named: updateUsingPUT_385
2025-02-19 00:37:22 [restartedMain] INFO  s.d.s.w.r.o.CachingOperationNameGenerator -
				Generating unique operation named: getClickPaymentStatusUsingGET_1
2025-02-19 00:37:22 [restartedMain] INFO  s.d.s.w.r.o.CachingOperationNameGenerator -
				Generating unique operation named: saveResponseOfCompleteClickPaymentUsingPOST_1
2025-02-19 00:37:22 [restartedMain] INFO  s.d.s.w.r.o.CachingOperationNameGenerator -
				Generating unique operation named: saveResponseOfPrepareClickPaymentUsingPOST_1
2025-02-19 00:37:22 [restartedMain] INFO  s.d.s.w.r.o.CachingOperationNameGenerator -
				Generating unique operation named: startingOfPaymentUsingPOST_2
2025-02-19 00:37:22 [restartedMain] INFO  s.d.s.w.r.o.CachingOperationNameGenerator -
				Generating unique operation named: activateUsingDELETE_143
2025-02-19 00:37:22 [restartedMain] INFO  s.d.s.w.r.o.CachingOperationNameGenerator -
				Generating unique operation named: deactivateUsingDELETE_143
2025-02-19 00:37:22 [restartedMain] INFO  s.d.s.w.r.o.CachingOperationNameGenerator -
				Generating unique operation named: getUsingGET_429
2025-02-19 00:37:22 [restartedMain] INFO  s.d.s.w.r.o.CachingOperationNameGenerator -
				Generating unique operation named: getAllExamDetailsUsingGET_5
2025-02-19 00:37:22 [restartedMain] INFO  s.d.s.w.r.o.CachingOperationNameGenerator -
				Generating unique operation named: getExamCenterWithDateUsingGET_1
2025-02-19 00:37:22 [restartedMain] INFO  s.d.s.w.r.o.CachingOperationNameGenerator -
				Generating unique operation named: getExamDetailsForHallTicketGenerationUsingGET_1
2025-02-19 00:37:22 [restartedMain] INFO  s.d.s.w.r.o.CachingOperationNameGenerator -
				Generating unique operation named: listAllUsingGET_352
2025-02-19 00:37:22 [restartedMain] INFO  s.d.s.w.r.o.CachingOperationNameGenerator -
				Generating unique operation named: saveExamDetailsUsingPOST_1
2025-02-19 00:37:22 [restartedMain] INFO  s.d.s.w.r.o.CachingOperationNameGenerator -
				Generating unique operation named: updateUsingPUT_386
2025-02-19 00:37:22 [restartedMain] INFO  s.d.s.w.r.o.CachingOperationNameGenerator -
				Generating unique operation named: activateUsingDELETE_144
2025-02-19 00:37:22 [restartedMain] INFO  s.d.s.w.r.o.CachingOperationNameGenerator -
				Generating unique operation named: deactivateUsingDELETE_144
2025-02-19 00:37:22 [restartedMain] INFO  s.d.s.w.r.o.CachingOperationNameGenerator -
				Generating unique operation named: getUsingGET_430
2025-02-19 00:37:22 [restartedMain] INFO  s.d.s.w.r.o.CachingOperationNameGenerator -
				Generating unique operation named: getAdmitCardDetailUsingGET_1
2025-02-19 00:37:22 [restartedMain] INFO  s.d.s.w.r.o.CachingOperationNameGenerator -
				Generating unique operation named: getAllExamHallTicketUsingGET_1
2025-02-19 00:37:22 [restartedMain] INFO  s.d.s.w.r.o.CachingOperationNameGenerator -
				Generating unique operation named: getCandidateNameConcatWithApplicationNumberUsingGET_1
2025-02-19 00:37:22 [restartedMain] INFO  s.d.s.w.r.o.CachingOperationNameGenerator -
				Generating unique operation named: listAllUsingGET_353
2025-02-19 00:37:22 [restartedMain] INFO  s.d.s.w.r.o.CachingOperationNameGenerator -
				Generating unique operation named: saveExamHallTicketUsingPOST_1
2025-02-19 00:37:22 [restartedMain] INFO  s.d.s.w.r.o.CachingOperationNameGenerator -
				Generating unique operation named: updateUsingPUT_387
2025-02-19 00:37:22 [restartedMain] INFO  s.d.s.w.r.o.CachingOperationNameGenerator -
				Generating unique operation named: activateUsingDELETE_145
2025-02-19 00:37:22 [restartedMain] INFO  s.d.s.w.r.o.CachingOperationNameGenerator -
				Generating unique operation named: deactivateUsingDELETE_145
2025-02-19 00:37:22 [restartedMain] INFO  s.d.s.w.r.o.CachingOperationNameGenerator -
				Generating unique operation named: fetchAllExternalMarksAssignmentUsingGET_1
2025-02-19 00:37:22 [restartedMain] INFO  s.d.s.w.r.o.CachingOperationNameGenerator -
				Generating unique operation named: getUsingGET_431
2025-02-19 00:37:22 [restartedMain] INFO  s.d.s.w.r.o.CachingOperationNameGenerator -
				Generating unique operation named: getAllActiveExternalMarksAssignmentUsingGET_1
2025-02-19 00:37:22 [restartedMain] INFO  s.d.s.w.r.o.CachingOperationNameGenerator -
				Generating unique operation named: saveExternalMarksAssignmentUsingPOST_1
2025-02-19 00:37:22 [restartedMain] INFO  s.d.s.w.r.o.CachingOperationNameGenerator -
				Generating unique operation named: updateExternalMarksAssignmentUsingPUT_1
2025-02-19 00:37:22 [restartedMain] INFO  s.d.s.w.r.o.CachingOperationNameGenerator -
				Generating unique operation named: activateUsingDELETE_146
2025-02-19 00:37:22 [restartedMain] INFO  s.d.s.w.r.o.CachingOperationNameGenerator -
				Generating unique operation named: courseConcateWithNameUsingGET_1
2025-02-19 00:37:22 [restartedMain] INFO  s.d.s.w.r.o.CachingOperationNameGenerator -
				Generating unique operation named: deactivateUsingDELETE_146
2025-02-19 00:37:22 [restartedMain] INFO  s.d.s.w.r.o.CachingOperationNameGenerator -
				Generating unique operation named: fetchAllAdministrationEmailIdsDetailUsingGET_25
2025-02-19 00:37:22 [restartedMain] INFO  s.d.s.w.r.o.CachingOperationNameGenerator -
				Generating unique operation named: getUsingGET_432
2025-02-19 00:37:22 [restartedMain] INFO  s.d.s.w.r.o.CachingOperationNameGenerator -
				Generating unique operation named: getAllActiveExternalMarksUsingGET_1
2025-02-19 00:37:22 [restartedMain] INFO  s.d.s.w.r.o.CachingOperationNameGenerator -
				Generating unique operation named: saveExternalMarksUsingPOST_1
2025-02-19 00:37:22 [restartedMain] INFO  s.d.s.w.r.o.CachingOperationNameGenerator -
				Generating unique operation named: updateExternalMarksUsingPUT_1
2025-02-19 00:37:22 [restartedMain] INFO  s.d.s.w.r.o.CachingOperationNameGenerator -
				Generating unique operation named: deleteUsingDELETE_280
2025-02-19 00:37:22 [restartedMain] INFO  s.d.s.w.r.o.CachingOperationNameGenerator -
				Generating unique operation named: delete1UsingDELETE_224
2025-02-19 00:37:22 [restartedMain] INFO  s.d.s.w.r.o.CachingOperationNameGenerator -
				Generating unique operation named: getUsingGET_433
2025-02-19 00:37:22 [restartedMain] INFO  s.d.s.w.r.o.CachingOperationNameGenerator -
				Generating unique operation named: listAllUsingGET_354
2025-02-19 00:37:22 [restartedMain] INFO  s.d.s.w.r.o.CachingOperationNameGenerator -
				Generating unique operation named: listAll1UsingGET_166
2025-02-19 00:37:22 [restartedMain] INFO  s.d.s.w.r.o.CachingOperationNameGenerator -
				Generating unique operation named: saveFeeAdmissionCategoryUsingPOST_1
2025-02-19 00:37:22 [restartedMain] INFO  s.d.s.w.r.o.CachingOperationNameGenerator -
				Generating unique operation named: updateUsingPUT_388
2025-02-19 00:37:22 [restartedMain] INFO  s.d.s.w.r.o.CachingOperationNameGenerator -
				Generating unique operation named: concateFeeAdmissionSubCategoryDetailUsingGET_1
2025-02-19 00:37:22 [restartedMain] INFO  s.d.s.w.r.o.CachingOperationNameGenerator -
				Generating unique operation named: deleteUsingDELETE_281
2025-02-19 00:37:22 [restartedMain] INFO  s.d.s.w.r.o.CachingOperationNameGenerator -
				Generating unique operation named: delete1UsingDELETE_225
2025-02-19 00:37:22 [restartedMain] INFO  s.d.s.w.r.o.CachingOperationNameGenerator -
				Generating unique operation named: getUsingGET_434
2025-02-19 00:37:22 [restartedMain] INFO  s.d.s.w.r.o.CachingOperationNameGenerator -
				Generating unique operation named: getFeeAdmissionByFeeAdmissionCategoryIdUsingGET_1
2025-02-19 00:37:22 [restartedMain] INFO  s.d.s.w.r.o.CachingOperationNameGenerator -
				Generating unique operation named: getFeeAdmissionSubCategoryUsingGET_1
2025-02-19 00:37:22 [restartedMain] INFO  s.d.s.w.r.o.CachingOperationNameGenerator -
				Generating unique operation named: listAllUsingGET_355
2025-02-19 00:37:22 [restartedMain] INFO  s.d.s.w.r.o.CachingOperationNameGenerator -
				Generating unique operation named: listAll1UsingGET_167
2025-02-19 00:37:22 [restartedMain] INFO  s.d.s.w.r.o.CachingOperationNameGenerator -
				Generating unique operation named: saveFeeAdmissionSubCategoryUsingPOST_1
2025-02-19 00:37:22 [restartedMain] INFO  s.d.s.w.r.o.CachingOperationNameGenerator -
				Generating unique operation named: updateUsingPUT_389
2025-02-19 00:37:22 [restartedMain] INFO  s.d.s.w.r.o.CachingOperationNameGenerator -
				Generating unique operation named: FeeHeadAmountRestrictionDetailByfeeHeadAmountRestrictionIdUsingGET_1
2025-02-19 00:37:22 [restartedMain] INFO  s.d.s.w.r.o.CachingOperationNameGenerator -
				Generating unique operation named: activateFeeHeadAmountRestrictionDetailUsingDELETE_1
2025-02-19 00:37:22 [restartedMain] INFO  s.d.s.w.r.o.CachingOperationNameGenerator -
				Generating unique operation named: deactivateFeeHeadAmountRestrictionDetailUsingDELETE_1
2025-02-19 00:37:22 [restartedMain] INFO  s.d.s.w.r.o.CachingOperationNameGenerator -
				Generating unique operation named: downloadFileUsingGET_24
2025-02-19 00:37:22 [restartedMain] INFO  s.d.s.w.r.o.CachingOperationNameGenerator -
				Generating unique operation named: feeHeadAmountRestrictionDetailsForPaymentUsingGET_1
2025-02-19 00:37:22 [restartedMain] INFO  s.d.s.w.r.o.CachingOperationNameGenerator -
				Generating unique operation named: feeHeadAmountRestrictionPaidDetailsUsingGET_1
2025-02-19 00:37:22 [restartedMain] INFO  s.d.s.w.r.o.CachingOperationNameGenerator -
				Generating unique operation named: fetchAllFeeHeadAmountRestrictionDetailsUsingGET_1
2025-02-19 00:37:22 [restartedMain] INFO  s.d.s.w.r.o.CachingOperationNameGenerator -
				Generating unique operation named: getActiveFeeHeadAmountRestrictionUsingGET_1
2025-02-19 00:37:22 [restartedMain] INFO  s.d.s.w.r.o.CachingOperationNameGenerator -
				Generating unique operation named: saveFeeHeadAmountRestrictionUsingPOST_1
2025-02-19 00:37:22 [restartedMain] INFO  s.d.s.w.r.o.CachingOperationNameGenerator -
				Generating unique operation named: updateFeeHeadAmountRestrictionDetailByfeeHeadAmountRestrictionIdUsingPUT_1
2025-02-19 00:37:22 [restartedMain] INFO  s.d.s.w.r.o.CachingOperationNameGenerator -
				Generating unique operation named: uploadFileUsingPOST_60
2025-02-19 00:37:22 [restartedMain] INFO  s.d.s.w.r.o.CachingOperationNameGenerator -
				Generating unique operation named: activateUsingDELETE_147
2025-02-19 00:37:22 [restartedMain] INFO  s.d.s.w.r.o.CachingOperationNameGenerator -
				Generating unique operation named: deactivateUsingDELETE_147
2025-02-19 00:37:22 [restartedMain] INFO  s.d.s.w.r.o.CachingOperationNameGenerator -
				Generating unique operation named: downloadFileUsingGET_25
2025-02-19 00:37:22 [restartedMain] INFO  s.d.s.w.r.o.CachingOperationNameGenerator -
				Generating unique operation named: getUsingGET_435
2025-02-19 00:37:22 [restartedMain] INFO  s.d.s.w.r.o.CachingOperationNameGenerator -
				Generating unique operation named: getAllRolesDetailsUsingGET_9
2025-02-19 00:37:22 [restartedMain] INFO  s.d.s.w.r.o.CachingOperationNameGenerator -
				Generating unique operation named: listAllUsingGET_356
2025-02-19 00:37:22 [restartedMain] INFO  s.d.s.w.r.o.CachingOperationNameGenerator -
				Generating unique operation named: saveForeignRegionalRegistrationOfficesDetailsUsingPOST_1
2025-02-19 00:37:22 [restartedMain] INFO  s.d.s.w.r.o.CachingOperationNameGenerator -
				Generating unique operation named: updateForeignRegionalRegistrationOfficesDetailsUsingPUT_1
2025-02-19 00:37:22 [restartedMain] INFO  s.d.s.w.r.o.CachingOperationNameGenerator -
				Generating unique operation named: uploadFileUsingPOST_61
2025-02-19 00:37:22 [restartedMain] INFO  s.d.s.w.r.o.CachingOperationNameGenerator -
				Generating unique operation named: deleteUsingDELETE_282
2025-02-19 00:37:22 [restartedMain] INFO  s.d.s.w.r.o.CachingOperationNameGenerator -
				Generating unique operation named: delete1UsingDELETE_226
2025-02-19 00:37:22 [restartedMain] INFO  s.d.s.w.r.o.CachingOperationNameGenerator -
				Generating unique operation named: getUsingGET_436
2025-02-19 00:37:22 [restartedMain] INFO  s.d.s.w.r.o.CachingOperationNameGenerator -
				Generating unique operation named: getActiveLeadAssignmentUsingGET_1
2025-02-19 00:37:22 [restartedMain] INFO  s.d.s.w.r.o.CachingOperationNameGenerator -
				Generating unique operation named: getLeadsAssignedToUserUsingGET_1
2025-02-19 00:37:22 [restartedMain] INFO  s.d.s.w.r.o.CachingOperationNameGenerator -
				Generating unique operation named: listAll1UsingGET_168
2025-02-19 00:37:22 [restartedMain] INFO  s.d.s.w.r.o.CachingOperationNameGenerator -
				Generating unique operation named: saveLeadAssignmentUsingPOST_1
2025-02-19 00:37:22 [restartedMain] INFO  s.d.s.w.r.o.CachingOperationNameGenerator -
				Generating unique operation named: updateUsingPUT_390
2025-02-19 00:37:22 [restartedMain] INFO  s.d.s.w.r.o.CachingOperationNameGenerator -
				Generating unique operation named: updateMultipleLeadAssignmentUsingPUT_1
2025-02-19 00:37:22 [restartedMain] INFO  s.d.s.w.r.o.CachingOperationNameGenerator -
				Generating unique operation named: deleteUsingDELETE_283
2025-02-19 00:37:22 [restartedMain] INFO  s.d.s.w.r.o.CachingOperationNameGenerator -
				Generating unique operation named: delete1UsingDELETE_227
2025-02-19 00:37:22 [restartedMain] INFO  s.d.s.w.r.o.CachingOperationNameGenerator -
				Generating unique operation named: getUsingGET_437
2025-02-19 00:37:22 [restartedMain] INFO  s.d.s.w.r.o.CachingOperationNameGenerator -
				Generating unique operation named: getAllPassedOutStatusDetailsUsingGET_1
2025-02-19 00:37:22 [restartedMain] INFO  s.d.s.w.r.o.CachingOperationNameGenerator -
				Generating unique operation named: listAllUsingGET_357
2025-02-19 00:37:22 [restartedMain] INFO  s.d.s.w.r.o.CachingOperationNameGenerator -
				Generating unique operation named: savePassedOutStatusUsingPOST_1
2025-02-19 00:37:22 [restartedMain] INFO  s.d.s.w.r.o.CachingOperationNameGenerator -
				Generating unique operation named: updateUsingPUT_391
2025-02-19 00:37:22 [restartedMain] INFO  s.d.s.w.r.o.CachingOperationNameGenerator -
				Generating unique operation named: getPaymentStatusUsingGET_1
2025-02-19 00:37:22 [restartedMain] INFO  s.d.s.w.r.o.CachingOperationNameGenerator -
				Generating unique operation named: saveResponseOFPaymeUsingPOST_1
2025-02-19 00:37:22 [restartedMain] INFO  s.d.s.w.r.o.CachingOperationNameGenerator -
				Generating unique operation named: startingOfPaymentUsingPOST_3
2025-02-19 00:37:22 [restartedMain] INFO  s.d.s.w.r.o.CachingOperationNameGenerator -
				Generating unique operation named: deleteUsingDELETE_284
2025-02-19 00:37:22 [restartedMain] INFO  s.d.s.w.r.o.CachingOperationNameGenerator -
				Generating unique operation named: getUsingGET_438
2025-02-19 00:37:22 [restartedMain] INFO  s.d.s.w.r.o.CachingOperationNameGenerator -
				Generating unique operation named: listAllUsingGET_358
2025-02-19 00:37:22 [restartedMain] INFO  s.d.s.w.r.o.CachingOperationNameGenerator -
				Generating unique operation named: savePGApplicableUsingPOST_1
2025-02-19 00:37:22 [restartedMain] INFO  s.d.s.w.r.o.CachingOperationNameGenerator -
				Generating unique operation named: updateUsingPUT_392
2025-02-19 00:37:22 [restartedMain] INFO  s.d.s.w.r.o.CachingOperationNameGenerator -
				Generating unique operation named: activatePreAdmissionProcessUsingDELETE_1
2025-02-19 00:37:22 [restartedMain] INFO  s.d.s.w.r.o.CachingOperationNameGenerator -
				Generating unique operation named: deactivatePreAdmissionProcessUsingDELETE_1
2025-02-19 00:37:22 [restartedMain] INFO  s.d.s.w.r.o.CachingOperationNameGenerator -
				Generating unique operation named: deleteUsingDELETE_285
2025-02-19 00:37:22 [restartedMain] INFO  s.d.s.w.r.o.CachingOperationNameGenerator -
				Generating unique operation named: findAllDetailUsingGET_1
2025-02-19 00:37:22 [restartedMain] INFO  s.d.s.w.r.o.CachingOperationNameGenerator -
				Generating unique operation named: findAllDetailsPreAdmission1UsingGET_1
2025-02-19 00:37:22 [restartedMain] INFO  s.d.s.w.r.o.CachingOperationNameGenerator -
				Generating unique operation named: findCandidateIdUsingGET_1
2025-02-19 00:37:22 [restartedMain] INFO  s.d.s.w.r.o.CachingOperationNameGenerator -
				Generating unique operation named: getUsingGET_439
2025-02-19 00:37:22 [restartedMain] INFO  s.d.s.w.r.o.CachingOperationNameGenerator -
				Generating unique operation named: getFeeDetailsUsingGET_1
2025-02-19 00:37:22 [restartedMain] INFO  s.d.s.w.r.o.CachingOperationNameGenerator -
				Generating unique operation named: listAllUsingGET_359
2025-02-19 00:37:22 [restartedMain] INFO  s.d.s.w.r.o.CachingOperationNameGenerator -
				Generating unique operation named: listAll2UsingGET_5
2025-02-19 00:37:22 [restartedMain] INFO  s.d.s.w.r.o.CachingOperationNameGenerator -
				Generating unique operation named: savePreAdmissionProcessUsingPOST_1
2025-02-19 00:37:22 [restartedMain] INFO  s.d.s.w.r.o.CachingOperationNameGenerator -
				Generating unique operation named: savePreAdmissionProcess1UsingPOST_1
2025-02-19 00:37:22 [restartedMain] INFO  s.d.s.w.r.o.CachingOperationNameGenerator -
				Generating unique operation named: updateUsingPUT_393
2025-02-19 00:37:22 [restartedMain] INFO  s.d.s.w.r.o.CachingOperationNameGenerator -
				Generating unique operation named: activateUsingDELETE_148
2025-02-19 00:37:22 [restartedMain] INFO  s.d.s.w.r.o.CachingOperationNameGenerator -
				Generating unique operation named: checkDuesUsingPOST_1
2025-02-19 00:37:22 [restartedMain] INFO  s.d.s.w.r.o.CachingOperationNameGenerator -
				Generating unique operation named: createReadmissionUsingPOST_1
2025-02-19 00:37:22 [restartedMain] INFO  s.d.s.w.r.o.CachingOperationNameGenerator -
				Generating unique operation named: deactivateUsingDELETE_148
2025-02-19 00:37:22 [restartedMain] INFO  s.d.s.w.r.o.CachingOperationNameGenerator -
				Generating unique operation named: fetchAllReadmissionUsingGET_1
2025-02-19 00:37:22 [restartedMain] INFO  s.d.s.w.r.o.CachingOperationNameGenerator -
				Generating unique operation named: getUsingGET_440
2025-02-19 00:37:22 [restartedMain] INFO  s.d.s.w.r.o.CachingOperationNameGenerator -
				Generating unique operation named: listAllUsingGET_360
2025-02-19 00:37:22 [restartedMain] INFO  s.d.s.w.r.o.CachingOperationNameGenerator -
				Generating unique operation named: updateUsingPUT_394
2025-02-19 00:37:22 [restartedMain] INFO  s.d.s.w.r.o.CachingOperationNameGenerator -
				Generating unique operation named: deleteUsingDELETE_286
2025-02-19 00:37:22 [restartedMain] INFO  s.d.s.w.r.o.CachingOperationNameGenerator -
				Generating unique operation named: delete1UsingDELETE_228
2025-02-19 00:37:22 [restartedMain] INFO  s.d.s.w.r.o.CachingOperationNameGenerator -
				Generating unique operation named: getUsingGET_441
2025-02-19 00:37:22 [restartedMain] INFO  s.d.s.w.r.o.CachingOperationNameGenerator -
				Generating unique operation named: listAllUsingGET_361
2025-02-19 00:37:22 [restartedMain] INFO  s.d.s.w.r.o.CachingOperationNameGenerator -
				Generating unique operation named: listAll1UsingGET_169
2025-02-19 00:37:22 [restartedMain] INFO  s.d.s.w.r.o.CachingOperationNameGenerator -
				Generating unique operation named: saveSlabDetailUsingPOST_6
2025-02-19 00:37:22 [restartedMain] INFO  s.d.s.w.r.o.CachingOperationNameGenerator -
				Generating unique operation named: updateUsingPUT_395
2025-02-19 00:37:22 [restartedMain] INFO  s.d.s.w.r.o.CachingOperationNameGenerator -
				Generating unique operation named: allNotReportedStudentDetailsUsingGET_1
2025-02-19 00:37:22 [restartedMain] INFO  s.d.s.w.r.o.CachingOperationNameGenerator -
				Generating unique operation named: deleteUsingDELETE_287
2025-02-19 00:37:22 [restartedMain] INFO  s.d.s.w.r.o.CachingOperationNameGenerator -
				Generating unique operation named: fetchAllStudentDetailsWithNoStatusUsingGET_1
2025-02-19 00:37:22 [restartedMain] INFO  s.d.s.w.r.o.CachingOperationNameGenerator -
				Generating unique operation named: fetchAllStudentDetailssWithEligibleStatusUsingGET_1
2025-02-19 00:37:22 [restartedMain] INFO  s.d.s.w.r.o.CachingOperationNameGenerator -
				Generating unique operation named: fetchAllStudentDetailssWithNoStatusAndNotEligibleStatusUsingGET_1
2025-02-19 00:37:22 [restartedMain] INFO  s.d.s.w.r.o.CachingOperationNameGenerator -
				Generating unique operation named: getUsingGET_442
2025-02-19 00:37:22 [restartedMain] INFO  s.d.s.w.r.o.CachingOperationNameGenerator -
				Generating unique operation named: listAllUsingGET_362
2025-02-19 00:37:22 [restartedMain] INFO  s.d.s.w.r.o.CachingOperationNameGenerator -
				Generating unique operation named: reportingStudentByStudentIdUsingGET_1
2025-02-19 00:37:22 [restartedMain] INFO  s.d.s.w.r.o.CachingOperationNameGenerator -
				Generating unique operation named: saveReportingStudentsUsingPOST_1
2025-02-19 00:37:22 [restartedMain] INFO  s.d.s.w.r.o.CachingOperationNameGenerator -
				Generating unique operation named: updateUsingPUT_396
2025-02-19 00:37:22 [restartedMain] INFO  s.d.s.w.r.o.CachingOperationNameGenerator -
				Generating unique operation named: updationOfStudentReportingYearAndUsnUsingPUT_1
2025-02-19 00:37:22 [restartedMain] INFO  s.d.s.w.r.o.CachingOperationNameGenerator -
				Generating unique operation named: activateScholarshipapprovalstatusUsingDELETE_1
2025-02-19 00:37:22 [restartedMain] INFO  s.d.s.w.r.o.CachingOperationNameGenerator -
				Generating unique operation named: deactivatescholarshipapprovalstatusUsingDELETE_1
2025-02-19 00:37:22 [restartedMain] INFO  s.d.s.w.r.o.CachingOperationNameGenerator -
				Generating unique operation named: deleteUsingDELETE_288
2025-02-19 00:37:22 [restartedMain] INFO  s.d.s.w.r.o.CachingOperationNameGenerator -
				Generating unique operation named: getUsingGET_443
2025-02-19 00:37:22 [restartedMain] INFO  s.d.s.w.r.o.CachingOperationNameGenerator -
				Generating unique operation named: getDataForTestimonialsUsingGET_1
2025-02-19 00:37:22 [restartedMain] INFO  s.d.s.w.r.o.CachingOperationNameGenerator -
				Generating unique operation named: getIsApprovedDataForIndexUsingGET_1
2025-02-19 00:37:22 [restartedMain] INFO  s.d.s.w.r.o.CachingOperationNameGenerator -
				Generating unique operation named: getIsVerifiedDataForIndexUsingGET_1
2025-02-19 00:37:22 [restartedMain] INFO  s.d.s.w.r.o.CachingOperationNameGenerator -
				Generating unique operation named: getYearWiseDataByStudentIdUsingGET_1
2025-02-19 00:37:22 [restartedMain] INFO  s.d.s.w.r.o.CachingOperationNameGenerator -
				Generating unique operation named: listAllUsingGET_363
2025-02-19 00:37:22 [restartedMain] INFO  s.d.s.w.r.o.CachingOperationNameGenerator -
				Generating unique operation named: saveScholarshipapprovalstatusUsingPOST_2
2025-02-19 00:37:22 [restartedMain] INFO  s.d.s.w.r.o.CachingOperationNameGenerator -
				Generating unique operation named: updateUsingPUT_397
2025-02-19 00:37:22 [restartedMain] INFO  s.d.s.w.r.o.CachingOperationNameGenerator -
				Generating unique operation named: update1UsingPUT_5
2025-02-19 00:37:22 [restartedMain] INFO  s.d.s.w.r.o.CachingOperationNameGenerator -
				Generating unique operation named: update2UsingPUT_4
2025-02-19 00:37:22 [restartedMain] INFO  s.d.s.w.r.o.CachingOperationNameGenerator -
				Generating unique operation named: update2UsingPUT_5
2025-02-19 00:37:22 [restartedMain] INFO  s.d.s.w.r.o.CachingOperationNameGenerator -
				Generating unique operation named: getScholarshipApprovalStatusHistoryDataUsingGET_1
2025-02-19 00:37:22 [restartedMain] INFO  s.d.s.w.r.o.CachingOperationNameGenerator -
				Generating unique operation named: listAllUsingGET_364
2025-02-19 00:37:22 [restartedMain] INFO  s.d.s.w.r.o.CachingOperationNameGenerator -
				Generating unique operation named: saveScholarshipapprovalstatusUsingPOST_3
2025-02-19 00:37:22 [restartedMain] INFO  s.d.s.w.r.o.CachingOperationNameGenerator -
				Generating unique operation named: activateScholarshipAttachmentUsingDELETE_1
2025-02-19 00:37:22 [restartedMain] INFO  s.d.s.w.r.o.CachingOperationNameGenerator -
				Generating unique operation named: deactivateScholarshipAttachmentUsingDELETE_1
2025-02-19 00:37:22 [restartedMain] INFO  s.d.s.w.r.o.CachingOperationNameGenerator -
				Generating unique operation named: deleteUsingDELETE_289
2025-02-19 00:37:22 [restartedMain] INFO  s.d.s.w.r.o.CachingOperationNameGenerator -
				Generating unique operation named: getUsingGET_444
2025-02-19 00:37:22 [restartedMain] INFO  s.d.s.w.r.o.CachingOperationNameGenerator -
				Generating unique operation named: getAllDeptUsingGET_36
2025-02-19 00:37:22 [restartedMain] INFO  s.d.s.w.r.o.CachingOperationNameGenerator -
				Generating unique operation named: getDetailByCandidateIdUsingGET_1
2025-02-19 00:37:22 [restartedMain] INFO  s.d.s.w.r.o.CachingOperationNameGenerator -
				Generating unique operation named: saveCourseAssignmentUsingPOST_5
2025-02-19 00:37:22 [restartedMain] INFO  s.d.s.w.r.o.CachingOperationNameGenerator -
				Generating unique operation named: updateUsingPUT_398
2025-02-19 00:37:22 [restartedMain] INFO  s.d.s.w.r.o.CachingOperationNameGenerator -
				Generating unique operation named: update2UsingPUT_6
2025-02-19 00:37:22 [restartedMain] INFO  s.d.s.w.r.o.CachingOperationNameGenerator -
				Generating unique operation named: activateScholarshipUsingDELETE_1
2025-02-19 00:37:22 [restartedMain] INFO  s.d.s.w.r.o.CachingOperationNameGenerator -
				Generating unique operation named: checkForScholarshipAlreadyPresentOrNotUsingGET_1
2025-02-19 00:37:22 [restartedMain] INFO  s.d.s.w.r.o.CachingOperationNameGenerator -
				Generating unique operation named: deactivateScholarshipUsingDELETE_1
2025-02-19 00:37:22 [restartedMain] INFO  s.d.s.w.r.o.CachingOperationNameGenerator -
				Generating unique operation named: deleteUsingDELETE_290
2025-02-19 00:37:22 [restartedMain] INFO  s.d.s.w.r.o.CachingOperationNameGenerator -
				Generating unique operation named: fetchScholarshipDetailsForVerifiedUsingGET_1
2025-02-19 00:37:22 [restartedMain] INFO  s.d.s.w.r.o.CachingOperationNameGenerator -
				Generating unique operation named: getUsingGET_445
2025-02-19 00:37:22 [restartedMain] INFO  s.d.s.w.r.o.CachingOperationNameGenerator -
				Generating unique operation named: get1UsingGET_8
2025-02-19 00:37:22 [restartedMain] INFO  s.d.s.w.r.o.CachingOperationNameGenerator -
				Generating unique operation named: get2UsingGET_2
2025-02-19 00:37:22 [restartedMain] INFO  s.d.s.w.r.o.CachingOperationNameGenerator -
				Generating unique operation named: indexAfterVerificationUsingGET_1
2025-02-19 00:37:22 [restartedMain] INFO  s.d.s.w.r.o.CachingOperationNameGenerator -
				Generating unique operation named: indexForVerificationUsingGET_1
2025-02-19 00:37:22 [restartedMain] INFO  s.d.s.w.r.o.CachingOperationNameGenerator -
				Generating unique operation named: listAllUsingGET_365
2025-02-19 00:37:22 [restartedMain] INFO  s.d.s.w.r.o.CachingOperationNameGenerator -
				Generating unique operation named: saveAcademicYearUsingPOST_13
2025-02-19 00:37:22 [restartedMain] INFO  s.d.s.w.r.o.CachingOperationNameGenerator -
				Generating unique operation named: saveDirectScholarshipUsingPOST_1
2025-02-19 00:37:22 [restartedMain] INFO  s.d.s.w.r.o.CachingOperationNameGenerator -
				Generating unique operation named: updateUsingPUT_399
2025-02-19 00:37:22 [restartedMain] INFO  s.d.s.w.r.o.CachingOperationNameGenerator -
				Generating unique operation named: update2UsingPUT_7
2025-02-19 00:37:22 [restartedMain] INFO  s.d.s.w.r.o.CachingOperationNameGenerator -
				Generating unique operation named: activateScholarshipHeadWiseAmountDetailsUsingDELETE_2
2025-02-19 00:37:22 [restartedMain] INFO  s.d.s.w.r.o.CachingOperationNameGenerator -
				Generating unique operation named: deactivateScholarshipHeadWiseAmountDetailsUsingDELETE_2
2025-02-19 00:37:22 [restartedMain] INFO  s.d.s.w.r.o.CachingOperationNameGenerator -
				Generating unique operation named: saveScholarshipVocherHeadWiseAmountDetailsUsingPOST_2
2025-02-19 00:37:22 [restartedMain] INFO  s.d.s.w.r.o.CachingOperationNameGenerator -
				Generating unique operation named: scholarshipHeadWiseAmountDetailsOnScholarshipIdUsingGET_2
2025-02-19 00:37:22 [restartedMain] INFO  s.d.s.w.r.o.CachingOperationNameGenerator -
				Generating unique operation named: scholarshipHeadWiseAmountDetailsOnStudentIdUsingGET_1
2025-02-19 00:37:22 [restartedMain] INFO  s.d.s.w.r.o.CachingOperationNameGenerator -
				Generating unique operation named: scholarshipHeadWiseAmountDetailsOnVocherHeadNewIdUsingGET_2
2025-02-19 00:37:22 [restartedMain] INFO  s.d.s.w.r.o.CachingOperationNameGenerator -
				Generating unique operation named: updateUsingPUT_400
2025-02-19 00:37:22 [restartedMain] INFO  s.d.s.w.r.o.CachingOperationNameGenerator -
				Generating unique operation named: activateScholarshipHeadWiseAmountDetailsUsingDELETE_3
2025-02-19 00:37:22 [restartedMain] INFO  s.d.s.w.r.o.CachingOperationNameGenerator -
				Generating unique operation named: deactivateScholarshipHeadWiseAmountDetailsUsingDELETE_3
2025-02-19 00:37:22 [restartedMain] INFO  s.d.s.w.r.o.CachingOperationNameGenerator -
				Generating unique operation named: fetchAllCancelAdmissionsDetailUsingGET_2
2025-02-19 00:37:22 [restartedMain] INFO  s.d.s.w.r.o.CachingOperationNameGenerator -
				Generating unique operation named: saveScholarshipVocherHeadWiseAmountDetailsUsingPOST_3
2025-02-19 00:37:22 [restartedMain] INFO  s.d.s.w.r.o.CachingOperationNameGenerator -
				Generating unique operation named: scholarshipHeadWiseAmountDetailsOnScholarshipIdUsingGET_3
2025-02-19 00:37:22 [restartedMain] INFO  s.d.s.w.r.o.CachingOperationNameGenerator -
				Generating unique operation named: scholarshipHeadWiseAmountDetailsOnVocherHeadNewIdUsingGET_3
2025-02-19 00:37:22 [restartedMain] INFO  s.d.s.w.r.o.CachingOperationNameGenerator -
				Generating unique operation named: updateUsingPUT_401
2025-02-19 00:37:22 [restartedMain] INFO  s.d.s.w.r.o.CachingOperationNameGenerator -
				Generating unique operation named: deleteUsingDELETE_291
2025-02-19 00:37:22 [restartedMain] INFO  s.d.s.w.r.o.CachingOperationNameGenerator -
				Generating unique operation named: getUsingGET_446
2025-02-19 00:37:22 [restartedMain] INFO  s.d.s.w.r.o.CachingOperationNameGenerator -
				Generating unique operation named: getEntranceDetailsUsingGET_1
2025-02-19 00:37:22 [restartedMain] INFO  s.d.s.w.r.o.CachingOperationNameGenerator -
				Generating unique operation named: listAllUsingGET_366
2025-02-19 00:37:22 [restartedMain] INFO  s.d.s.w.r.o.CachingOperationNameGenerator -
				Generating unique operation named: saveStdEntranceExamUsingPOST_1
2025-02-19 00:37:22 [restartedMain] INFO  s.d.s.w.r.o.CachingOperationNameGenerator -
				Generating unique operation named: updateUsingPUT_402
2025-02-19 00:37:22 [restartedMain] INFO  s.d.s.w.r.o.CachingOperationNameGenerator -
				Generating unique operation named: createMultipleStdReportingStudentsHistoryUsingPOST_1
2025-02-19 00:37:22 [restartedMain] INFO  s.d.s.w.r.o.CachingOperationNameGenerator -
				Generating unique operation named: deleteUsingDELETE_292
2025-02-19 00:37:22 [restartedMain] INFO  s.d.s.w.r.o.CachingOperationNameGenerator -
				Generating unique operation named: fetchProgramWithSpecializationBySchoolIdUsingGET_1
2025-02-19 00:37:22 [restartedMain] INFO  s.d.s.w.r.o.CachingOperationNameGenerator -
				Generating unique operation named: fetchReportingStudentsHistoryByStudentIdUsingGET_1
2025-02-19 00:37:22 [restartedMain] INFO  s.d.s.w.r.o.CachingOperationNameGenerator -
				Generating unique operation named: getUsingGET_447
2025-02-19 00:37:22 [restartedMain] INFO  s.d.s.w.r.o.CachingOperationNameGenerator -
				Generating unique operation named: getAllStdReportingStudentsHistoryUsingGET_1
2025-02-19 00:37:22 [restartedMain] INFO  s.d.s.w.r.o.CachingOperationNameGenerator -
				Generating unique operation named: getAllStudentDetailsForHistoryIndexUsingGET_1
2025-02-19 00:37:22 [restartedMain] INFO  s.d.s.w.r.o.CachingOperationNameGenerator -
				Generating unique operation named: getNumOfSemAndYearByProgram_IdAndSchool_IdUsingGET_1
2025-02-19 00:37:22 [restartedMain] INFO  s.d.s.w.r.o.CachingOperationNameGenerator -
				Generating unique operation named: saveCourseUsingPOST_7
2025-02-19 00:37:23 [restartedMain] INFO  s.d.s.w.r.o.CachingOperationNameGenerator -
				Generating unique operation named: updateUsingPUT_403
2025-02-19 00:37:23 [restartedMain] INFO  s.d.s.w.r.o.CachingOperationNameGenerator -
				Generating unique operation named: deleteUsingDELETE_293
2025-02-19 00:37:23 [restartedMain] INFO  s.d.s.w.r.o.CachingOperationNameGenerator -
				Generating unique operation named: getUsingGET_448
2025-02-19 00:37:23 [restartedMain] INFO  s.d.s.w.r.o.CachingOperationNameGenerator -
				Generating unique operation named: listAllUsingGET_367
2025-02-19 00:37:23 [restartedMain] INFO  s.d.s.w.r.o.CachingOperationNameGenerator -
				Generating unique operation named: saveStudentAttachmentsUsingPOST_1
2025-02-19 00:37:23 [restartedMain] INFO  s.d.s.w.r.o.CachingOperationNameGenerator -
				Generating unique operation named: updateUsingPUT_404
2025-02-19 00:37:23 [restartedMain] INFO  s.d.s.w.r.o.CachingOperationNameGenerator -
				Generating unique operation named: deleteUsingDELETE_294
2025-02-19 00:37:23 [restartedMain] INFO  s.d.s.w.r.o.CachingOperationNameGenerator -
				Generating unique operation named: delete1UsingDELETE_229
2025-02-19 00:37:23 [restartedMain] INFO  s.d.s.w.r.o.CachingOperationNameGenerator -
				Generating unique operation named: getUsingGET_449
2025-02-19 00:37:23 [restartedMain] INFO  s.d.s.w.r.o.CachingOperationNameGenerator -
				Generating unique operation named: getAssignedCoursesDetailsUsingGET_3
2025-02-19 00:37:23 [restartedMain] INFO  s.d.s.w.r.o.CachingOperationNameGenerator -
				Generating unique operation named: getAttendanceDataUsingGET_1
2025-02-19 00:37:23 [restartedMain] INFO  s.d.s.w.r.o.CachingOperationNameGenerator -
				Generating unique operation named: getAttendanceReportForStudentProfileByStudentIdUsingGET_1
2025-02-19 00:37:23 [restartedMain] INFO  s.d.s.w.r.o.CachingOperationNameGenerator -
				Generating unique operation named: getCheckPresentOrAbsentForFeedbackUsingGET_1
2025-02-19 00:37:23 [restartedMain] INFO  s.d.s.w.r.o.CachingOperationNameGenerator -
				Generating unique operation named: getDetailedStudentAttendanceOfStudentByCourseUsingGET_1
2025-02-19 00:37:23 [restartedMain] INFO  s.d.s.w.r.o.CachingOperationNameGenerator -
				Generating unique operation named: getDetailedStudentAttendanceReportSectionwiseUsingGET_2
2025-02-19 00:37:23 [restartedMain] INFO  s.d.s.w.r.o.CachingOperationNameGenerator -
				Generating unique operation named: getDetailedStudentAttendanceReportSectionwiseUsingGET_3
2025-02-19 00:37:23 [restartedMain] INFO  s.d.s.w.r.o.CachingOperationNameGenerator -
				Generating unique operation named: getDetailedStudentAttendanceReportSectionwiseForEmployeeUsingGET_1
2025-02-19 00:37:23 [restartedMain] INFO  s.d.s.w.r.o.CachingOperationNameGenerator -
				Generating unique operation named: getFacultiesForFeedbackUsingGET_1
2025-02-19 00:37:23 [restartedMain] INFO  s.d.s.w.r.o.CachingOperationNameGenerator -
				Generating unique operation named: getPresentAbsentDataUsingGET_1
2025-02-19 00:37:23 [restartedMain] INFO  s.d.s.w.r.o.CachingOperationNameGenerator -
				Generating unique operation named: getStudentAttendanceReportSectionwiseUsingGET_1
2025-02-19 00:37:23 [restartedMain] INFO  s.d.s.w.r.o.CachingOperationNameGenerator -
				Generating unique operation named: listAllUsingGET_368
2025-02-19 00:37:23 [restartedMain] INFO  s.d.s.w.r.o.CachingOperationNameGenerator -
				Generating unique operation named: listAll1UsingGET_170
2025-02-19 00:37:23 [restartedMain] INFO  s.d.s.w.r.o.CachingOperationNameGenerator -
				Generating unique operation named: saveStudentAttendanceUsingPOST_1
2025-02-19 00:37:23 [restartedMain] INFO  s.d.s.w.r.o.CachingOperationNameGenerator -
				Generating unique operation named: studentAttendanceDetailsUsingGET_1
2025-02-19 00:37:23 [restartedMain] INFO  s.d.s.w.r.o.CachingOperationNameGenerator -
				Generating unique operation named: studentAttendanceDetailsForMobileAppUsingGET_1
2025-02-19 00:37:23 [restartedMain] INFO  s.d.s.w.r.o.CachingOperationNameGenerator -
				Generating unique operation named: studentAttendanceDetailsForReportUsingGET_1
2025-02-19 00:37:23 [restartedMain] INFO  s.d.s.w.r.o.CachingOperationNameGenerator -
				Generating unique operation named: studentAttendanceDetailsOfAllCourseForAbsentAndPresentUsingGET_1
2025-02-19 00:37:23 [restartedMain] INFO  s.d.s.w.r.o.CachingOperationNameGenerator -
				Generating unique operation named: studentAttendanceReportSectionwiseUsingGET_1
2025-02-19 00:37:23 [restartedMain] INFO  s.d.s.w.r.o.CachingOperationNameGenerator -
				Generating unique operation named: studentDetailsForAttendanceByTimeTableUsingGET_1
2025-02-19 00:37:23 [restartedMain] INFO  s.d.s.w.r.o.CachingOperationNameGenerator -
				Generating unique operation named: updateUsingPUT_405
2025-02-19 00:37:23 [restartedMain] INFO  s.d.s.w.r.o.CachingOperationNameGenerator -
				Generating unique operation named: activateUsingDELETE_149
2025-02-19 00:37:23 [restartedMain] INFO  s.d.s.w.r.o.CachingOperationNameGenerator -
				Generating unique operation named: deactivateUsingDELETE_149
2025-02-19 00:37:23 [restartedMain] INFO  s.d.s.w.r.o.CachingOperationNameGenerator -
				Generating unique operation named: generatePdfUsingPOST_1
2025-02-19 00:37:23 [restartedMain] INFO  s.d.s.w.r.o.CachingOperationNameGenerator -
				Generating unique operation named: getUsingGET_450
2025-02-19 00:37:23 [restartedMain] INFO  s.d.s.w.r.o.CachingOperationNameGenerator -
				Generating unique operation named: getAllStudentBonafideUsingGET_1
2025-02-19 00:37:23 [restartedMain] INFO  s.d.s.w.r.o.CachingOperationNameGenerator -
				Generating unique operation named: getStudentBonafideDetailsUsingGET_1
2025-02-19 00:37:23 [restartedMain] INFO  s.d.s.w.r.o.CachingOperationNameGenerator -
				Generating unique operation named: list1UsingGET_1
2025-02-19 00:37:23 [restartedMain] INFO  s.d.s.w.r.o.CachingOperationNameGenerator -
				Generating unique operation named: listAllUsingGET_369
2025-02-19 00:37:23 [restartedMain] INFO  s.d.s.w.r.o.CachingOperationNameGenerator -
				Generating unique operation named: save_studentbonafideUsingPOST_1
2025-02-19 00:37:23 [restartedMain] INFO  s.d.s.w.r.o.CachingOperationNameGenerator -
				Generating unique operation named: studentBonafideAddOnDetailsUsingGET_1
2025-02-19 00:37:23 [restartedMain] INFO  s.d.s.w.r.o.CachingOperationNameGenerator -
				Generating unique operation named: studentBonafideDetailsDropDownUsingGET_1
2025-02-19 00:37:23 [restartedMain] INFO  s.d.s.w.r.o.CachingOperationNameGenerator -
				Generating unique operation named: updateUsingPUT_406
2025-02-19 00:37:23 [restartedMain] INFO  s.d.s.w.r.o.CachingOperationNameGenerator -
				Generating unique operation named: activateUsingDELETE_150
2025-02-19 00:37:23 [restartedMain] INFO  s.d.s.w.r.o.CachingOperationNameGenerator -
				Generating unique operation named: checkStudentClassFeedbackUsingGET_1
2025-02-19 00:37:23 [restartedMain] INFO  s.d.s.w.r.o.CachingOperationNameGenerator -
				Generating unique operation named: deactivateUsingDELETE_150
2025-02-19 00:37:23 [restartedMain] INFO  s.d.s.w.r.o.CachingOperationNameGenerator -
				Generating unique operation named: getStudentClassFeedbackUsingGET_1
2025-02-19 00:37:23 [restartedMain] INFO  s.d.s.w.r.o.CachingOperationNameGenerator -
				Generating unique operation named: listAllUsingGET_370
2025-02-19 00:37:23 [restartedMain] INFO  s.d.s.w.r.o.CachingOperationNameGenerator -
				Generating unique operation named: saveStudentClassFeedbackUsingPOST_1
2025-02-19 00:37:23 [restartedMain] INFO  s.d.s.w.r.o.CachingOperationNameGenerator -
				Generating unique operation named: updateStudentClassFeedbackUsingPUT_1
2025-02-19 00:37:23 [restartedMain] INFO  s.d.s.w.r.o.CachingOperationNameGenerator -
				Generating unique operation named: InactiveStudentDetailsByDeptUsingGET_1
2025-02-19 00:37:23 [restartedMain] INFO  s.d.s.w.r.o.CachingOperationNameGenerator -
				Generating unique operation named: activateStudentPermissionUsingGET_1
2025-02-19 00:37:23 [restartedMain] INFO  s.d.s.w.r.o.CachingOperationNameGenerator -
				Generating unique operation named: activeStudentDetailsListUsingGET_1
2025-02-19 00:37:23 [restartedMain] INFO  s.d.s.w.r.o.CachingOperationNameGenerator -
				Generating unique operation named: acyearUsingGET_1
2025-02-19 00:37:23 [restartedMain] INFO  s.d.s.w.r.o.CachingOperationNameGenerator -
				Generating unique operation named: auidNextUsingGET_1
2025-02-19 00:37:23 [restartedMain] INFO  s.d.s.w.r.o.CachingOperationNameGenerator -
				Generating unique operation named: branchWiseDueReportUsingGET_1
2025-02-19 00:37:23 [restartedMain] INFO  s.d.s.w.r.o.CachingOperationNameGenerator -
				Generating unique operation named: bulkPaymentUsingPOST_1
2025-02-19 00:37:23 [restartedMain] INFO  s.d.s.w.r.o.CachingOperationNameGenerator -
				Generating unique operation named: bulkPaymentStatusUsingPOST_1
2025-02-19 00:37:23 [restartedMain] INFO  s.d.s.w.r.o.CachingOperationNameGenerator -
				Generating unique operation named: checkAuidIsAlreadyPresentOrNotUsingGET_1
2025-02-19 00:37:23 [restartedMain] INFO  s.d.s.w.r.o.CachingOperationNameGenerator -
				Generating unique operation named: checkPreferredNameForEmailUsingGET_1
2025-02-19 00:37:23 [restartedMain] INFO  s.d.s.w.r.o.CachingOperationNameGenerator -
				Generating unique operation named: deleteUsingDELETE_295
2025-02-19 00:37:23 [restartedMain] INFO  s.d.s.w.r.o.CachingOperationNameGenerator -
				Generating unique operation named: deleteStudentPermissionUsingDELETE_1
2025-02-19 00:37:23 [restartedMain] INFO  s.d.s.w.r.o.CachingOperationNameGenerator -
				Generating unique operation named: downloadImageFileUsingGET_6
2025-02-19 00:37:23 [restartedMain] INFO  s.d.s.w.r.o.CachingOperationNameGenerator -
				Generating unique operation named: examFeeUsingPOST_1
2025-02-19 00:37:23 [restartedMain] INFO  s.d.s.w.r.o.CachingOperationNameGenerator -
				Generating unique operation named: fetchAllAssignedStudentDetailForSectionAssignmentForUpdateUsingGET_1
2025-02-19 00:37:23 [restartedMain] INFO  s.d.s.w.r.o.CachingOperationNameGenerator -
				Generating unique operation named: fetchAllStudentDetailForStudentMarksUsingGET_1
2025-02-19 00:37:23 [restartedMain] INFO  s.d.s.w.r.o.CachingOperationNameGenerator -
				Generating unique operation named: fetchAllUnAssignedStudentDetailForSectionAssignmentFromIndexUsingGET_1
2025-02-19 00:37:23 [restartedMain] INFO  s.d.s.w.r.o.CachingOperationNameGenerator -
				Generating unique operation named: fetchSectionAssignDetailsUsingGET_1
2025-02-19 00:37:23 [restartedMain] INFO  s.d.s.w.r.o.CachingOperationNameGenerator -
				Generating unique operation named: fetchStudentDetailForSectionAssignmentUsingGET_2
2025-02-19 00:37:23 [restartedMain] INFO  s.d.s.w.r.o.CachingOperationNameGenerator -
				Generating unique operation named: fetchStudentDetailForSectionAssignmentUsingGET_3
2025-02-19 00:37:23 [restartedMain] INFO  s.d.s.w.r.o.CachingOperationNameGenerator -
				Generating unique operation named: getUsingGET_451
2025-02-19 00:37:23 [restartedMain] INFO  s.d.s.w.r.o.CachingOperationNameGenerator -
				Generating unique operation named: getAllStudentDetailsDataUsingGET_1
2025-02-19 00:37:23 [restartedMain] INFO  s.d.s.w.r.o.CachingOperationNameGenerator -
				Generating unique operation named: getAuidFilterCountUsingGET_1
2025-02-19 00:37:23 [restartedMain] INFO  s.d.s.w.r.o.CachingOperationNameGenerator -
				Generating unique operation named: getBulkPayTransactionUsingGET_1
2025-02-19 00:37:23 [restartedMain] INFO  s.d.s.w.r.o.CachingOperationNameGenerator -
				Generating unique operation named: getBulkTransactionDetailsUsingGET_1
2025-02-19 00:37:23 [restartedMain] INFO  s.d.s.w.r.o.CachingOperationNameGenerator -
				Generating unique operation named: getCandidateTransactionDetailsUsingGET_1
2025-02-19 00:37:23 [restartedMain] INFO  s.d.s.w.r.o.CachingOperationNameGenerator -
				Generating unique operation named: getCountOfAdmissionDateUsingGET_1
2025-02-19 00:37:23 [restartedMain] INFO  s.d.s.w.r.o.CachingOperationNameGenerator -
				Generating unique operation named: getCourseDetailDataUsingGET_3
2025-02-19 00:37:23 [restartedMain] INFO  s.d.s.w.r.o.CachingOperationNameGenerator -
				Generating unique operation named: getFineConcessionUsingGET_1
2025-02-19 00:37:23 [restartedMain] INFO  s.d.s.w.r.o.CachingOperationNameGenerator -
				Generating unique operation named: getFineConcessionByAuidUsingGET_1
2025-02-19 00:37:23 [restartedMain] INFO  s.d.s.w.r.o.CachingOperationNameGenerator -
				Generating unique operation named: getRegistrationFeeDetailsUsingGET_1
2025-02-19 00:37:23 [restartedMain] INFO  s.d.s.w.r.o.CachingOperationNameGenerator -
				Generating unique operation named: getStudentAddOnAndUniformStationaryAmountUsingGET_1
2025-02-19 00:37:23 [restartedMain] INFO  s.d.s.w.r.o.CachingOperationNameGenerator -
				Generating unique operation named: getStudentDetailUsingGET_1
2025-02-19 00:37:23 [restartedMain] INFO  s.d.s.w.r.o.CachingOperationNameGenerator -
				Generating unique operation named: getStudentDetailsBasedOnAuidAndStrudentIdUsingGET_1
2025-02-19 00:37:23 [restartedMain] INFO  s.d.s.w.r.o.CachingOperationNameGenerator -
				Generating unique operation named: getStudentDetailsBasedOnUserIdUsingGET_1
2025-02-19 00:37:23 [restartedMain] INFO  s.d.s.w.r.o.CachingOperationNameGenerator -
				Generating unique operation named: getStudentDetailsByAuidUsingGET_1
2025-02-19 00:37:23 [restartedMain] INFO  s.d.s.w.r.o.CachingOperationNameGenerator -
				Generating unique operation named: getStudentDetailsDueIndexForNotReportedAndNotEligibleUsingGET_1
2025-02-19 00:37:23 [restartedMain] INFO  s.d.s.w.r.o.CachingOperationNameGenerator -
				Generating unique operation named: getStudentDetailsDueIndexForReportedAndEligibleUsingGET_1
2025-02-19 00:37:23 [restartedMain] INFO  s.d.s.w.r.o.CachingOperationNameGenerator -
				Generating unique operation named: getStudentDetailsForIdCardUsingGET_1
2025-02-19 00:37:23 [restartedMain] INFO  s.d.s.w.r.o.CachingOperationNameGenerator -
				Generating unique operation named: getStudentDetailsForPermissionUsingGET_1
2025-02-19 00:37:23 [restartedMain] INFO  s.d.s.w.r.o.CachingOperationNameGenerator -
				Generating unique operation named: getStudentDetailsForTransactionUsingGET_1
2025-02-19 00:37:23 [restartedMain] INFO  s.d.s.w.r.o.CachingOperationNameGenerator -
				Generating unique operation named: getStudentDueDetailsUsingGET_1
2025-02-19 00:37:23 [restartedMain] INFO  s.d.s.w.r.o.CachingOperationNameGenerator -
				Generating unique operation named: getStudentDuesUsingGET_1
2025-02-19 00:37:23 [restartedMain] INFO  s.d.s.w.r.o.CachingOperationNameGenerator -
				Generating unique operation named: getStudentFeeDetailsUsingGET_1
2025-02-19 00:37:23 [restartedMain] INFO  s.d.s.w.r.o.CachingOperationNameGenerator -
				Generating unique operation named: getStudentIndexUsingGET_5
2025-02-19 00:37:23 [restartedMain] INFO  s.d.s.w.r.o.CachingOperationNameGenerator -
				Generating unique operation named: getStudentIndexUsingGET_6
2025-02-19 00:37:23 [restartedMain] INFO  s.d.s.w.r.o.CachingOperationNameGenerator -
				Generating unique operation named: getStudentIndexUsingGET_7
2025-02-19 00:37:23 [restartedMain] INFO  s.d.s.w.r.o.CachingOperationNameGenerator -
				Generating unique operation named: getStudentIndexUsingGET_8
2025-02-19 00:37:23 [restartedMain] INFO  s.d.s.w.r.o.CachingOperationNameGenerator -
				Generating unique operation named: getStudentListWithTotalDuesUsingGET_1
2025-02-19 00:37:23 [restartedMain] INFO  s.d.s.w.r.o.CachingOperationNameGenerator -
				Generating unique operation named: getStudentListsUsingGET_1
2025-02-19 00:37:23 [restartedMain] INFO  s.d.s.w.r.o.CachingOperationNameGenerator -
				Generating unique operation named: getStudentPermissionListUsingGET_1
2025-02-19 00:37:23 [restartedMain] INFO  s.d.s.w.r.o.CachingOperationNameGenerator -
				Generating unique operation named: getStudentViewDetailsByAuidUsingGET_1
2025-02-19 00:37:23 [restartedMain] INFO  s.d.s.w.r.o.CachingOperationNameGenerator -
				Generating unique operation named: getSumOfAllByCategoryIdUsingGET_1
2025-02-19 00:37:23 [restartedMain] INFO  s.d.s.w.r.o.CachingOperationNameGenerator -
				Generating unique operation named: getTotalDueofStudentUsingGET_1
2025-02-19 00:37:23 [restartedMain] INFO  s.d.s.w.r.o.CachingOperationNameGenerator -
				Generating unique operation named: getTotalLateFeeUsingGET_1
2025-02-19 00:37:23 [restartedMain] INFO  s.d.s.w.r.o.CachingOperationNameGenerator -
				Generating unique operation named: getTotalStudentAndFeeDueForProgramUsingGET_1
2025-02-19 00:37:23 [restartedMain] INFO  s.d.s.w.r.o.CachingOperationNameGenerator -
				Generating unique operation named: getTransactionDetailsUsingGET_1
2025-02-19 00:37:23 [restartedMain] INFO  s.d.s.w.r.o.CachingOperationNameGenerator -
				Generating unique operation named: getTransactionDetailsDataUsingGET_1
2025-02-19 00:37:23 [restartedMain] INFO  s.d.s.w.r.o.CachingOperationNameGenerator -
				Generating unique operation named: getTransactionDetailsForPhpUsingGET_1
2025-02-19 00:37:23 [restartedMain] INFO  s.d.s.w.r.o.CachingOperationNameGenerator -
				Generating unique operation named: getUniformTransactionDetailsUsingGET_1
2025-02-19 00:37:23 [restartedMain] INFO  s.d.s.w.r.o.CachingOperationNameGenerator -
				Generating unique operation named: hostelFeeUsingPOST_1
2025-02-19 00:37:23 [restartedMain] INFO  s.d.s.w.r.o.CachingOperationNameGenerator -
				Generating unique operation named: inActiveStudentDetailsByAuidUsingGET_1
2025-02-19 00:37:23 [restartedMain] INFO  s.d.s.w.r.o.CachingOperationNameGenerator -
				Generating unique operation named: inActiveStudentDetailsIndexUsingGET_1
2025-02-19 00:37:23 [restartedMain] INFO  s.d.s.w.r.o.CachingOperationNameGenerator -
				Generating unique operation named: institutesUsingGET_1
2025-02-19 00:37:23 [restartedMain] INFO  s.d.s.w.r.o.CachingOperationNameGenerator -
				Generating unique operation named: listAllUsingGET_371
2025-02-19 00:37:23 [restartedMain] INFO  s.d.s.w.r.o.CachingOperationNameGenerator -
				Generating unique operation named: paymentCaptureFromRazorpayUsingPOST_1
2025-02-19 00:37:23 [restartedMain] INFO  s.d.s.w.r.o.CachingOperationNameGenerator -
				Generating unique operation named: paymentStatusUsingPOST_1
2025-02-19 00:37:23 [restartedMain] INFO  s.d.s.w.r.o.CachingOperationNameGenerator -
				Generating unique operation named: registrationFeeUsingPOST_1
2025-02-19 00:37:23 [restartedMain] INFO  s.d.s.w.r.o.CachingOperationNameGenerator -
				Generating unique operation named: registrationFeeDetailsForStudentUsingGET_1
2025-02-19 00:37:23 [restartedMain] INFO  s.d.s.w.r.o.CachingOperationNameGenerator -
				Generating unique operation named: registrationFeePaymentStatusUsingPOST_1
2025-02-19 00:37:23 [restartedMain] INFO  s.d.s.w.r.o.CachingOperationNameGenerator -
				Generating unique operation named: saveExamPermissionUsingPOST_1
2025-02-19 00:37:23 [restartedMain] INFO  s.d.s.w.r.o.CachingOperationNameGenerator -
				Generating unique operation named: saveFineConcessionUsingPOST_1
2025-02-19 00:37:23 [restartedMain] INFO  s.d.s.w.r.o.CachingOperationNameGenerator -
				Generating unique operation named: saveSpotStudent_DetailsUsingPOST_1
2025-02-19 00:37:23 [restartedMain] INFO  s.d.s.w.r.o.CachingOperationNameGenerator -
				Generating unique operation named: saveStudentDetailsUsingPOST_1
2025-02-19 00:37:23 [restartedMain] INFO  s.d.s.w.r.o.CachingOperationNameGenerator -
				Generating unique operation named: saveStudentForPermissionUsingPOST_1
2025-02-19 00:37:23 [restartedMain] INFO  s.d.s.w.r.o.CachingOperationNameGenerator -
				Generating unique operation named: schoolWiseDueReportUsingGET_1
2025-02-19 00:37:23 [restartedMain] INFO  s.d.s.w.r.o.CachingOperationNameGenerator -
				Generating unique operation named: studenDetailsForIdCardUsingGET_1
2025-02-19 00:37:23 [restartedMain] INFO  s.d.s.w.r.o.CachingOperationNameGenerator -
				Generating unique operation named: studentDetailsByAdmissionCategoryUsingGET_1
2025-02-19 00:37:23 [restartedMain] INFO  s.d.s.w.r.o.CachingOperationNameGenerator -
				Generating unique operation named: studentDetailsByDeptUsingGET_1
2025-02-19 00:37:23 [restartedMain] INFO  s.d.s.w.r.o.CachingOperationNameGenerator -
				Generating unique operation named: studentDetailsBySchoolIdUsingGET_1
2025-02-19 00:37:23 [restartedMain] INFO  s.d.s.w.r.o.CachingOperationNameGenerator -
				Generating unique operation named: studentDetailsByStudentIdsUsingGET_1
2025-02-19 00:37:23 [restartedMain] INFO  s.d.s.w.r.o.CachingOperationNameGenerator -
				Generating unique operation named: studentDetailsByUserUsingGET_1
2025-02-19 00:37:23 [restartedMain] INFO  s.d.s.w.r.o.CachingOperationNameGenerator -
				Generating unique operation named: studentDetailsForChangeOFCourseUsingGET_1
2025-02-19 00:37:23 [restartedMain] INFO  s.d.s.w.r.o.CachingOperationNameGenerator -
				Generating unique operation named: studentDetailsForMobileAppUsingGET_1
2025-02-19 00:37:23 [restartedMain] INFO  s.d.s.w.r.o.CachingOperationNameGenerator -
				Generating unique operation named: studentDetailsImageCheckUsingPUT_1
2025-02-19 00:37:23 [restartedMain] INFO  s.d.s.w.r.o.CachingOperationNameGenerator -
				Generating unique operation named: studentDetailsIndexCustomExpoetUsingGET_1
2025-02-19 00:37:23 [restartedMain] INFO  s.d.s.w.r.o.CachingOperationNameGenerator -
				Generating unique operation named: studentDueReportTriggerUsingPOST_1
2025-02-19 00:37:23 [restartedMain] INFO  s.d.s.w.r.o.CachingOperationNameGenerator -
				Generating unique operation named: studentEmailExistorNotUsingGET_1
2025-02-19 00:37:23 [restartedMain] INFO  s.d.s.w.r.o.CachingOperationNameGenerator -
				Generating unique operation named: studentFeetemplateUsingGET_1
2025-02-19 00:37:23 [restartedMain] INFO  s.d.s.w.r.o.CachingOperationNameGenerator -
				Generating unique operation named: studentImageUploadFileFromPhpServerUsingPOST_1
2025-02-19 00:37:23 [restartedMain] INFO  s.d.s.w.r.o.CachingOperationNameGenerator -
				Generating unique operation named: studentNoDueStudentDetailsUsingGET_1
2025-02-19 00:37:23 [restartedMain] INFO  s.d.s.w.r.o.CachingOperationNameGenerator -
				Generating unique operation named: studentPermissionFileDownloadUsingGET_1
2025-02-19 00:37:23 [restartedMain] INFO  s.d.s.w.r.o.CachingOperationNameGenerator -
				Generating unique operation named: studentTransactionUsingPOST_1
2025-02-19 00:37:23 [restartedMain] INFO  s.d.s.w.r.o.CachingOperationNameGenerator -
				Generating unique operation named: studentWiseDueReportUsingGET_1
2025-02-19 00:37:23 [restartedMain] INFO  s.d.s.w.r.o.CachingOperationNameGenerator -
				Generating unique operation named: studentWiseDueReportByStudentIdUsingGET_1
2025-02-19 00:37:23 [restartedMain] INFO  s.d.s.w.r.o.CachingOperationNameGenerator -
				Generating unique operation named: triggerEmailWithPdfContentUsingPOST_1
2025-02-19 00:37:23 [restartedMain] INFO  s.d.s.w.r.o.CachingOperationNameGenerator -
				Generating unique operation named: uniformFeeUsingPOST_1
2025-02-19 00:37:23 [restartedMain] INFO  s.d.s.w.r.o.CachingOperationNameGenerator -
				Generating unique operation named: uniformFeePaymentStatusUsingPOST_1
2025-02-19 00:37:23 [restartedMain] INFO  s.d.s.w.r.o.CachingOperationNameGenerator -
				Generating unique operation named: uniformadmissioncountUsingGET_1
2025-02-19 00:37:23 [restartedMain] INFO  s.d.s.w.r.o.CachingOperationNameGenerator -
				Generating unique operation named: uniformdetailstemplateUsingGET_1
2025-02-19 00:37:23 [restartedMain] INFO  s.d.s.w.r.o.CachingOperationNameGenerator -
				Generating unique operation named: uniformfeereceiptsUsingGET_1
2025-02-19 00:37:23 [restartedMain] INFO  s.d.s.w.r.o.CachingOperationNameGenerator -
				Generating unique operation named: uniformnamesUsingGET_1
2025-02-19 00:37:23 [restartedMain] INFO  s.d.s.w.r.o.CachingOperationNameGenerator -
				Generating unique operation named: updateUsingPUT_407
2025-02-19 00:37:23 [restartedMain] INFO  s.d.s.w.r.o.CachingOperationNameGenerator -
				Generating unique operation named: updateFineConcessionByAuidUsingPUT_1
2025-02-19 00:37:23 [restartedMain] INFO  s.d.s.w.r.o.CachingOperationNameGenerator -
				Generating unique operation named: updateProctorUsingDELETE_1
2025-02-19 00:37:23 [restartedMain] INFO  s.d.s.w.r.o.CachingOperationNameGenerator -
				Generating unique operation named: updateStudentUsingPATCH_1
2025-02-19 00:37:23 [restartedMain] INFO  s.d.s.w.r.o.CachingOperationNameGenerator -
				Generating unique operation named: updateStudentForPermissionUsingPOST_1
2025-02-19 00:37:23 [restartedMain] INFO  s.d.s.w.r.o.CachingOperationNameGenerator -
				Generating unique operation named: updateUsnDetailsDataUsingPUT_1
2025-02-19 00:37:23 [restartedMain] INFO  s.d.s.w.r.o.CachingOperationNameGenerator -
				Generating unique operation named: uploadFileUsingPOST_62
2025-02-19 00:37:23 [restartedMain] INFO  s.d.s.w.r.o.CachingOperationNameGenerator -
				Generating unique operation named: uploadStudentPermissionFileUsingPOST_1
2025-02-19 00:37:23 [restartedMain] INFO  s.d.s.w.r.o.CachingOperationNameGenerator -
				Generating unique operation named: validateauidUsingGET_1
2025-02-19 00:37:23 [restartedMain] INFO  s.d.s.w.r.o.CachingOperationNameGenerator -
				Generating unique operation named: activateUsingDELETE_151
2025-02-19 00:37:23 [restartedMain] INFO  s.d.s.w.r.o.CachingOperationNameGenerator -
				Generating unique operation named: deactivateUsingDELETE_151
2025-02-19 00:37:23 [restartedMain] INFO  s.d.s.w.r.o.CachingOperationNameGenerator -
				Generating unique operation named: fetchAllStudentDocumentAuditUsingGET_1
2025-02-19 00:37:23 [restartedMain] INFO  s.d.s.w.r.o.CachingOperationNameGenerator -
				Generating unique operation named: getUsingGET_452
2025-02-19 00:37:23 [restartedMain] INFO  s.d.s.w.r.o.CachingOperationNameGenerator -
				Generating unique operation named: getAllActiveStudentDocumentAuditUsingGET_1
2025-02-19 00:37:23 [restartedMain] INFO  s.d.s.w.r.o.CachingOperationNameGenerator -
				Generating unique operation named: saveStudentDocumentAuditUsingPOST_1
2025-02-19 00:37:23 [restartedMain] INFO  s.d.s.w.r.o.CachingOperationNameGenerator -
				Generating unique operation named: updateStudentDocumentAuditUsingPUT_1
2025-02-19 00:37:23 [restartedMain] INFO  s.d.s.w.r.o.CachingOperationNameGenerator -
				Generating unique operation named: removeStudentDetailsFromBucketUsingDELETE_1
2025-02-19 00:37:23 [restartedMain] INFO  s.d.s.w.r.o.CachingOperationNameGenerator -
				Generating unique operation named: studentIdCardBucketUsingPOST_1
2025-02-19 00:37:23 [restartedMain] INFO  s.d.s.w.r.o.CachingOperationNameGenerator -
				Generating unique operation named: studentIdCardBucketDetailsUsingGET_1
2025-02-19 00:37:23 [restartedMain] INFO  s.d.s.w.r.o.CachingOperationNameGenerator -
				Generating unique operation named: studentDuplicateIdCardCreationWithHistoryUsingPOST_1
2025-02-19 00:37:23 [restartedMain] INFO  s.d.s.w.r.o.CachingOperationNameGenerator -
				Generating unique operation named: studentIdCardCreationWithHistoryUsingPOST_1
2025-02-19 00:37:23 [restartedMain] INFO  s.d.s.w.r.o.CachingOperationNameGenerator -
				Generating unique operation named: studentIdCardHistoryDetailsUsingGET_1
2025-02-19 00:37:23 [restartedMain] INFO  s.d.s.w.r.o.CachingOperationNameGenerator -
				Generating unique operation named: coursecodeConcateWithNameUsingGET_1
2025-02-19 00:37:23 [restartedMain] INFO  s.d.s.w.r.o.CachingOperationNameGenerator -
				Generating unique operation named: createExternalStudentMarkUsingPOST_1
2025-02-19 00:37:23 [restartedMain] INFO  s.d.s.w.r.o.CachingOperationNameGenerator -
				Generating unique operation named: deleteUsingDELETE_296
2025-02-19 00:37:23 [restartedMain] INFO  s.d.s.w.r.o.CachingOperationNameGenerator -
				Generating unique operation named: delete1UsingDELETE_230
2025-02-19 00:37:23 [restartedMain] INFO  s.d.s.w.r.o.CachingOperationNameGenerator -
				Generating unique operation named: fetchAllAdministrationEmailIdsDetailUsingGET_26
2025-02-19 00:37:23 [restartedMain] INFO  s.d.s.w.r.o.CachingOperationNameGenerator -
				Generating unique operation named: fetchAllExternalStudentMarksDetailUsingGET_1
2025-02-19 00:37:23 [restartedMain] INFO  s.d.s.w.r.o.CachingOperationNameGenerator -
				Generating unique operation named: getUsingGET_453
2025-02-19 00:37:23 [restartedMain] INFO  s.d.s.w.r.o.CachingOperationNameGenerator -
				Generating unique operation named: getAllActiveInternalUsingGET_1
2025-02-19 00:37:23 [restartedMain] INFO  s.d.s.w.r.o.CachingOperationNameGenerator -
				Generating unique operation named: getCourseAssignmentDetailsUsingGET_1
2025-02-19 00:37:23 [restartedMain] INFO  s.d.s.w.r.o.CachingOperationNameGenerator -
				Generating unique operation named: getGraphicalScorecardDataUsingGET_1
2025-02-19 00:37:23 [restartedMain] INFO  s.d.s.w.r.o.CachingOperationNameGenerator -
				Generating unique operation named: getInternalDetailsDataUsingGET_3
2025-02-19 00:37:23 [restartedMain] INFO  s.d.s.w.r.o.CachingOperationNameGenerator -
				Generating unique operation named: getScorecardDataUsingGET_1
2025-02-19 00:37:23 [restartedMain] INFO  s.d.s.w.r.o.CachingOperationNameGenerator -
				Generating unique operation named: getScorecardDataOnInternalUsingGET_1
2025-02-19 00:37:23 [restartedMain] INFO  s.d.s.w.r.o.CachingOperationNameGenerator -
				Generating unique operation named: getStudentMarkDetailsUsingGET_1
2025-02-19 00:37:23 [restartedMain] INFO  s.d.s.w.r.o.CachingOperationNameGenerator -
				Generating unique operation named: getStudentMarkDetailsBasedOnProctorUsingGET_1
2025-02-19 00:37:23 [restartedMain] INFO  s.d.s.w.r.o.CachingOperationNameGenerator -
				Generating unique operation named: getStudentMarkDetailsByInternalSessionIdUsingGET_1
2025-02-19 00:37:23 [restartedMain] INFO  s.d.s.w.r.o.CachingOperationNameGenerator -
				Generating unique operation named: listAllUsingGET_372
2025-02-19 00:37:23 [restartedMain] INFO  s.d.s.w.r.o.CachingOperationNameGenerator -
				Generating unique operation named: listAll1UsingGET_171
2025-02-19 00:37:23 [restartedMain] INFO  s.d.s.w.r.o.CachingOperationNameGenerator -
				Generating unique operation named: saveStudentMarkUsingPOST_1
2025-02-19 00:37:23 [restartedMain] INFO  s.d.s.w.r.o.CachingOperationNameGenerator -
				Generating unique operation named: updateUsingPUT_408
2025-02-19 00:37:23 [restartedMain] INFO  s.d.s.w.r.o.CachingOperationNameGenerator -
				Generating unique operation named: activateUsingDELETE_152
2025-02-19 00:37:23 [restartedMain] INFO  s.d.s.w.r.o.CachingOperationNameGenerator -
				Generating unique operation named: deactivateUsingDELETE_152
2025-02-19 00:37:23 [restartedMain] INFO  s.d.s.w.r.o.CachingOperationNameGenerator -
				Generating unique operation named: fetchAllAdministrationEmailIdsDetailUsingGET_27
2025-02-19 00:37:23 [restartedMain] INFO  s.d.s.w.r.o.CachingOperationNameGenerator -
				Generating unique operation named: getUsingGET_454
2025-02-19 00:37:23 [restartedMain] INFO  s.d.s.w.r.o.CachingOperationNameGenerator -
				Generating unique operation named: getAllActiveStudentNoDueUsingGET_1
2025-02-19 00:37:23 [restartedMain] INFO  s.d.s.w.r.o.CachingOperationNameGenerator -
				Generating unique operation named: saveStudentNoDueUsingPOST_1
2025-02-19 00:37:23 [restartedMain] INFO  s.d.s.w.r.o.CachingOperationNameGenerator -
				Generating unique operation named: updateStudentNoDueUsingPUT_1
2025-02-19 00:37:23 [restartedMain] INFO  s.d.s.w.r.o.CachingOperationNameGenerator -
				Generating unique operation named: uploadFileUsingPOST_63
2025-02-19 00:37:23 [restartedMain] INFO  s.d.s.w.r.o.CachingOperationNameGenerator -
				Generating unique operation named: viewFilesUsingGET_54
2025-02-19 00:37:23 [restartedMain] INFO  s.d.s.w.r.o.CachingOperationNameGenerator -
				Generating unique operation named: activeStudentOfferAcceptanceDetailsUsingGET_1
2025-02-19 00:37:23 [restartedMain] INFO  s.d.s.w.r.o.CachingOperationNameGenerator -
				Generating unique operation named: saveStudentOfferAcceptanceUsingPOST_1
2025-02-19 00:37:23 [restartedMain] INFO  s.d.s.w.r.o.CachingOperationNameGenerator -
				Generating unique operation named: deleteUsingDELETE_297
2025-02-19 00:37:23 [restartedMain] INFO  s.d.s.w.r.o.CachingOperationNameGenerator -
				Generating unique operation named: getUsingGET_455
2025-02-19 00:37:23 [restartedMain] INFO  s.d.s.w.r.o.CachingOperationNameGenerator -
				Generating unique operation named: get3UsingGET_1
2025-02-19 00:37:23 [restartedMain] INFO  s.d.s.w.r.o.CachingOperationNameGenerator -
				Generating unique operation named: getAllStudentTranscriptDetailsUsingGET_1
2025-02-19 00:37:23 [restartedMain] INFO  s.d.s.w.r.o.CachingOperationNameGenerator -
				Generating unique operation named: saveLedgerUsingPOST_3
2025-02-19 00:37:23 [restartedMain] INFO  s.d.s.w.r.o.CachingOperationNameGenerator -
				Generating unique operation named: updateUsingPUT_409
2025-02-19 00:37:23 [restartedMain] INFO  s.d.s.w.r.o.CachingOperationNameGenerator -
				Generating unique operation named: delete1UsingDELETE_231
2025-02-19 00:37:23 [restartedMain] INFO  s.d.s.w.r.o.CachingOperationNameGenerator -
				Generating unique operation named: delete2UsingDELETE_9
2025-02-19 00:37:23 [restartedMain] INFO  s.d.s.w.r.o.CachingOperationNameGenerator -
				Generating unique operation named: fetchTutionFeeWaiverForEditUsingGET_1
2025-02-19 00:37:23 [restartedMain] INFO  s.d.s.w.r.o.CachingOperationNameGenerator -
				Generating unique operation named: getTutionFeeActiveDetailsUsingGET_1
2025-02-19 00:37:23 [restartedMain] INFO  s.d.s.w.r.o.CachingOperationNameGenerator -
				Generating unique operation named: getTutionFeeAllDetailsUsingGET_1
2025-02-19 00:37:23 [restartedMain] INFO  s.d.s.w.r.o.CachingOperationNameGenerator -
				Generating unique operation named: getTutionFeeDetailsByIdUsingGET_1
2025-02-19 00:37:23 [restartedMain] INFO  s.d.s.w.r.o.CachingOperationNameGenerator -
				Generating unique operation named: getTutionFeeDetailsByStudentIdUsingGET_1
2025-02-19 00:37:23 [restartedMain] INFO  s.d.s.w.r.o.CachingOperationNameGenerator -
				Generating unique operation named: saveTutionFeeWaiverUsingPOST_1
2025-02-19 00:37:23 [restartedMain] INFO  s.d.s.w.r.o.CachingOperationNameGenerator -
				Generating unique operation named: updateTutionFeeWaiverUsingPUT_1
2025-02-19 00:37:23 [restartedMain] INFO  s.d.s.w.r.o.CachingOperationNameGenerator -
				Generating unique operation named: activeTutionFeeWaiverReportDetailsUsingGET_1
2025-02-19 00:37:23 [restartedMain] INFO  s.d.s.w.r.o.CachingOperationNameGenerator -
				Generating unique operation named: delete1UsingDELETE_232
2025-02-19 00:37:23 [restartedMain] INFO  s.d.s.w.r.o.CachingOperationNameGenerator -
				Generating unique operation named: delete2UsingDELETE_10
2025-02-19 00:37:23 [restartedMain] INFO  s.d.s.w.r.o.CachingOperationNameGenerator -
				Generating unique operation named: fetchAllTutionFeeWaiverReportDetailsUsingGET_1
2025-02-19 00:37:23 [restartedMain] INFO  s.d.s.w.r.o.CachingOperationNameGenerator -
				Generating unique operation named: getTutionFeeWaiverReportDetailByIdUsingGET_1
2025-02-19 00:37:23 [restartedMain] INFO  s.d.s.w.r.o.CachingOperationNameGenerator -
				Generating unique operation named: getTutionFeeWaiverReportDetailByTutionFeeWaiverIdUsingGET_1
2025-02-19 00:37:23 [restartedMain] INFO  s.d.s.w.r.o.CachingOperationNameGenerator -
				Generating unique operation named: saveTutionFeeWaiverReportUsingPOST_1
2025-02-19 00:37:23 [restartedMain] INFO  s.d.s.w.r.o.CachingOperationNameGenerator -
				Generating unique operation named: updateTutionFeeWaiverReportDetailsUsingPUT_1
2025-02-19 00:37:23 [restartedMain] INFO  s.d.s.w.r.o.CachingOperationNameGenerator -
				Generating unique operation named: updateTutionFeeWaiverSubAmountUsingPUT_1
2025-02-19 00:37:23 [restartedMain] INFO  com.au.AcharyaUniversityApplication -
				Started AcharyaUniversityApplication in 86.953 seconds (JVM running for 91.856)
2025-02-19 00:41:08 [SpringContextShutdownHook] INFO  o.s.s.c.ThreadPoolTaskExecutor -
				Shutting down ExecutorService 'applicationTaskExecutor'
2025-02-19 00:41:09 [SpringContextShutdownHook] INFO  o.s.o.j.LocalContainerEntityManagerFactoryBean -
				Closing JPA EntityManagerFactory for persistence unit 'default'
