2025-02-17 18:00:56 [restartedMain] INFO  s.d.s.w.r.o.CachingOperationNameGenerator -
				Generating unique operation named: employeeIdCardHistoryDetailsUsingGET_1
2025-02-17 18:00:56 [restartedMain] INFO  s.d.s.w.r.o.CachingOperationNameGenerator -
				Generating unique operation named: deleteUsingDELETE_215
2025-02-17 18:00:56 [restartedMain] INFO  s.d.s.w.r.o.CachingOperationNameGenerator -
				Generating unique operation named: delete1UsingDELETE_172
2025-02-17 18:00:56 [restartedMain] INFO  s.d.s.w.r.o.CachingOperationNameGenerator -
				Generating unique operation named: getUsingGET_322
2025-02-17 18:00:56 [restartedMain] INFO  s.d.s.w.r.o.CachingOperationNameGenerator -
				Generating unique operation named: getAllDeptUsingGET_27
2025-02-17 18:00:56 [restartedMain] INFO  s.d.s.w.r.o.CachingOperationNameGenerator -
				Generating unique operation named: listAllUsingGET_267
2025-02-17 18:00:56 [restartedMain] INFO  s.d.s.w.r.o.CachingOperationNameGenerator -
				Generating unique operation named: saveSubjectTypeUsingPOST_31
2025-02-17 18:00:56 [restartedMain] INFO  s.d.s.w.r.o.CachingOperationNameGenerator -
				Generating unique operation named: updateUsingPUT_294
2025-02-17 18:00:56 [restartedMain] INFO  s.d.s.w.r.o.CachingOperationNameGenerator -
				Generating unique operation named: createExperienceDetailsUsingPOST_1
2025-02-17 18:00:56 [restartedMain] INFO  s.d.s.w.r.o.CachingOperationNameGenerator -
				Generating unique operation named: deleteUsingDELETE_216
2025-02-17 18:00:56 [restartedMain] INFO  s.d.s.w.r.o.CachingOperationNameGenerator -
				Generating unique operation named: fetchExperienceDetailsUsingGET_1
2025-02-17 18:00:56 [restartedMain] INFO  s.d.s.w.r.o.CachingOperationNameGenerator -
				Generating unique operation named: getUsingGET_323
2025-02-17 18:00:56 [restartedMain] INFO  s.d.s.w.r.o.CachingOperationNameGenerator -
				Generating unique operation named: listAllUsingGET_268
2025-02-17 18:00:56 [restartedMain] INFO  s.d.s.w.r.o.CachingOperationNameGenerator -
				Generating unique operation named: saveExperienceDetailsUsingPOST_1
2025-02-17 18:00:56 [restartedMain] INFO  s.d.s.w.r.o.CachingOperationNameGenerator -
				Generating unique operation named: updateUsingPUT_295
2025-02-17 18:00:56 [restartedMain] INFO  s.d.s.w.r.o.CachingOperationNameGenerator -
				Generating unique operation named: updateUsingPUT_296
2025-02-17 18:00:56 [restartedMain] INFO  s.d.s.w.r.o.CachingOperationNameGenerator -
				Generating unique operation named: activateUsingDELETE_104
2025-02-17 18:00:56 [restartedMain] INFO  s.d.s.w.r.o.CachingOperationNameGenerator -
				Generating unique operation named: deactivateUsingDELETE_104
2025-02-17 18:00:56 [restartedMain] INFO  s.d.s.w.r.o.CachingOperationNameGenerator -
				Generating unique operation named: getUsingGET_324
2025-02-17 18:00:56 [restartedMain] INFO  s.d.s.w.r.o.CachingOperationNameGenerator -
				Generating unique operation named: getAllDeptUsingGET_28
2025-02-17 18:00:56 [restartedMain] INFO  s.d.s.w.r.o.CachingOperationNameGenerator -
				Generating unique operation named: getFamilyStructureDetailsDataUsingGET_1
2025-02-17 18:00:56 [restartedMain] INFO  s.d.s.w.r.o.CachingOperationNameGenerator -
				Generating unique operation named: listAllUsingGET_269
2025-02-17 18:00:56 [restartedMain] INFO  s.d.s.w.r.o.CachingOperationNameGenerator -
				Generating unique operation named: saveRolesUsingPOST_2
2025-02-17 18:00:56 [restartedMain] INFO  s.d.s.w.r.o.CachingOperationNameGenerator -
				Generating unique operation named: updateUsingPUT_297
2025-02-17 18:00:56 [restartedMain] INFO  s.d.s.w.r.o.CachingOperationNameGenerator -
				Generating unique operation named: FarmFacultyServiceUploadFileUsingPOST_1
2025-02-17 18:00:56 [restartedMain] INFO  s.d.s.w.r.o.CachingOperationNameGenerator -
				Generating unique operation named: activateUsingDELETE_105
2025-02-17 18:00:56 [restartedMain] INFO  s.d.s.w.r.o.CachingOperationNameGenerator -
				Generating unique operation named: createFarmFacultyServiceUsingPOST_1
2025-02-17 18:00:56 [restartedMain] INFO  s.d.s.w.r.o.CachingOperationNameGenerator -
				Generating unique operation named: deactivateUsingDELETE_105
2025-02-17 18:00:56 [restartedMain] INFO  s.d.s.w.r.o.CachingOperationNameGenerator -
				Generating unique operation named: fetchAllFarmFacultyServiceUsingGET_1
2025-02-17 18:00:56 [restartedMain] INFO  s.d.s.w.r.o.CachingOperationNameGenerator -
				Generating unique operation named: getUsingGET_325
2025-02-17 18:00:56 [restartedMain] INFO  s.d.s.w.r.o.CachingOperationNameGenerator -
				Generating unique operation named: listAllUsingGET_270
2025-02-17 18:00:56 [restartedMain] INFO  s.d.s.w.r.o.CachingOperationNameGenerator -
				Generating unique operation named: updateUsingPUT_298
2025-02-17 18:00:56 [restartedMain] INFO  s.d.s.w.r.o.CachingOperationNameGenerator -
				Generating unique operation named: viewFilesUsingGET_34
2025-02-17 18:00:56 [restartedMain] INFO  s.d.s.w.r.o.CachingOperationNameGenerator -
				Generating unique operation named: activateUsingDELETE_106
2025-02-17 18:00:56 [restartedMain] INFO  s.d.s.w.r.o.CachingOperationNameGenerator -
				Generating unique operation named: createFarmLocksUsingPOST_1
2025-02-17 18:00:56 [restartedMain] INFO  s.d.s.w.r.o.CachingOperationNameGenerator -
				Generating unique operation named: deactivateUsingDELETE_106
2025-02-17 18:00:56 [restartedMain] INFO  s.d.s.w.r.o.CachingOperationNameGenerator -
				Generating unique operation named: fetchAllFarmLocksUsingGET_1
2025-02-17 18:00:56 [restartedMain] INFO  s.d.s.w.r.o.CachingOperationNameGenerator -
				Generating unique operation named: getUsingGET_326
2025-02-17 18:00:56 [restartedMain] INFO  s.d.s.w.r.o.CachingOperationNameGenerator -
				Generating unique operation named: listAllUsingGET_271
2025-02-17 18:00:56 [restartedMain] INFO  s.d.s.w.r.o.CachingOperationNameGenerator -
				Generating unique operation named: updateUsingPUT_299
2025-02-17 18:00:56 [restartedMain] INFO  s.d.s.w.r.o.CachingOperationNameGenerator -
				Generating unique operation named: activateUsingDELETE_107
2025-02-17 18:00:56 [restartedMain] INFO  s.d.s.w.r.o.CachingOperationNameGenerator -
				Generating unique operation named: createFarmOtherPertinentActivitiesUsingPOST_1
2025-02-17 18:00:56 [restartedMain] INFO  s.d.s.w.r.o.CachingOperationNameGenerator -
				Generating unique operation named: deactivateUsingDELETE_107
2025-02-17 18:00:56 [restartedMain] INFO  s.d.s.w.r.o.CachingOperationNameGenerator -
				Generating unique operation named: farmOtherPertinentActivitiesUploadFileUsingPOST_1
2025-02-17 18:00:56 [restartedMain] INFO  s.d.s.w.r.o.CachingOperationNameGenerator -
				Generating unique operation named: fetchAllFarmOtherPertinentActivitiesUsingGET_1
2025-02-17 18:00:56 [restartedMain] INFO  s.d.s.w.r.o.CachingOperationNameGenerator -
				Generating unique operation named: getUsingGET_327
2025-02-17 18:00:56 [restartedMain] INFO  s.d.s.w.r.o.CachingOperationNameGenerator -
				Generating unique operation named: listAllUsingGET_272
2025-02-17 18:00:56 [restartedMain] INFO  s.d.s.w.r.o.CachingOperationNameGenerator -
				Generating unique operation named: updateUsingPUT_300
2025-02-17 18:00:56 [restartedMain] INFO  s.d.s.w.r.o.CachingOperationNameGenerator -
				Generating unique operation named: viewFilesUsingGET_35
2025-02-17 18:00:56 [restartedMain] INFO  s.d.s.w.r.o.CachingOperationNameGenerator -
				Generating unique operation named: FarmProfessionalActivityUploadFileUsingPOST_1
2025-02-17 18:00:56 [restartedMain] INFO  s.d.s.w.r.o.CachingOperationNameGenerator -
				Generating unique operation named: activateUsingDELETE_108
2025-02-17 18:00:56 [restartedMain] INFO  s.d.s.w.r.o.CachingOperationNameGenerator -
				Generating unique operation named: createFarmProfessionalActivityUsingPOST_1
2025-02-17 18:00:56 [restartedMain] INFO  s.d.s.w.r.o.CachingOperationNameGenerator -
				Generating unique operation named: deactivateUsingDELETE_108
2025-02-17 18:00:56 [restartedMain] INFO  s.d.s.w.r.o.CachingOperationNameGenerator -
				Generating unique operation named: fetchAllFarmProfessionalActivityUsingGET_1
2025-02-17 18:00:56 [restartedMain] INFO  s.d.s.w.r.o.CachingOperationNameGenerator -
				Generating unique operation named: getUsingGET_328
2025-02-17 18:00:56 [restartedMain] INFO  s.d.s.w.r.o.CachingOperationNameGenerator -
				Generating unique operation named: listAllUsingGET_273
2025-02-17 18:00:56 [restartedMain] INFO  s.d.s.w.r.o.CachingOperationNameGenerator -
				Generating unique operation named: updateUsingPUT_301
2025-02-17 18:00:56 [restartedMain] INFO  s.d.s.w.r.o.CachingOperationNameGenerator -
				Generating unique operation named: viewFilesUsingGET_36
2025-02-17 18:00:56 [restartedMain] INFO  s.d.s.w.r.o.CachingOperationNameGenerator -
				Generating unique operation named: activateUsingDELETE_109
2025-02-17 18:00:56 [restartedMain] INFO  s.d.s.w.r.o.CachingOperationNameGenerator -
				Generating unique operation named: createFarmProjectActivityUsingPOST_1
2025-02-17 18:00:56 [restartedMain] INFO  s.d.s.w.r.o.CachingOperationNameGenerator -
				Generating unique operation named: deactivateUsingDELETE_109
2025-02-17 18:00:56 [restartedMain] INFO  s.d.s.w.r.o.CachingOperationNameGenerator -
				Generating unique operation named: fetchAllFarmProjectActivityUsingGET_1
2025-02-17 18:00:56 [restartedMain] INFO  s.d.s.w.r.o.CachingOperationNameGenerator -
				Generating unique operation named: getUsingGET_329
2025-02-17 18:00:56 [restartedMain] INFO  s.d.s.w.r.o.CachingOperationNameGenerator -
				Generating unique operation named: listAllUsingGET_274
2025-02-17 18:00:56 [restartedMain] INFO  s.d.s.w.r.o.CachingOperationNameGenerator -
				Generating unique operation named: updateUsingPUT_302
2025-02-17 18:00:56 [restartedMain] INFO  s.d.s.w.r.o.CachingOperationNameGenerator -
				Generating unique operation named: activateUsingDELETE_110
2025-02-17 18:00:56 [restartedMain] INFO  s.d.s.w.r.o.CachingOperationNameGenerator -
				Generating unique operation named: createFarmResearchProgressUsingPOST_1
2025-02-17 18:00:56 [restartedMain] INFO  s.d.s.w.r.o.CachingOperationNameGenerator -
				Generating unique operation named: deactivateUsingDELETE_110
2025-02-17 18:00:56 [restartedMain] INFO  s.d.s.w.r.o.CachingOperationNameGenerator -
				Generating unique operation named: fetchAllFarmResearchProgressUsingGET_1
2025-02-17 18:00:56 [restartedMain] INFO  s.d.s.w.r.o.CachingOperationNameGenerator -
				Generating unique operation named: getUsingGET_330
2025-02-17 18:00:56 [restartedMain] INFO  s.d.s.w.r.o.CachingOperationNameGenerator -
				Generating unique operation named: listAllUsingGET_275
2025-02-17 18:00:56 [restartedMain] INFO  s.d.s.w.r.o.CachingOperationNameGenerator -
				Generating unique operation named: updateUsingPUT_303
2025-02-17 18:00:56 [restartedMain] INFO  s.d.s.w.r.o.CachingOperationNameGenerator -
				Generating unique operation named: activateUsingDELETE_111
2025-02-17 18:00:56 [restartedMain] INFO  s.d.s.w.r.o.CachingOperationNameGenerator -
				Generating unique operation named: createFarmTeachingSubjectsUsingPOST_1
2025-02-17 18:00:56 [restartedMain] INFO  s.d.s.w.r.o.CachingOperationNameGenerator -
				Generating unique operation named: deactivateUsingDELETE_111
2025-02-17 18:00:56 [restartedMain] INFO  s.d.s.w.r.o.CachingOperationNameGenerator -
				Generating unique operation named: fetchAllFarmTeachingSubjectsUsingGET_1
2025-02-17 18:00:56 [restartedMain] INFO  s.d.s.w.r.o.CachingOperationNameGenerator -
				Generating unique operation named: getUsingGET_331
2025-02-17 18:00:56 [restartedMain] INFO  s.d.s.w.r.o.CachingOperationNameGenerator -
				Generating unique operation named: listAllUsingGET_276
2025-02-17 18:00:56 [restartedMain] INFO  s.d.s.w.r.o.CachingOperationNameGenerator -
				Generating unique operation named: updateUsingPUT_304
2025-02-17 18:00:56 [restartedMain] INFO  s.d.s.w.r.o.CachingOperationNameGenerator -
				Generating unique operation named: FarmTeachingsUploadFileUsingPOST_1
2025-02-17 18:00:56 [restartedMain] INFO  s.d.s.w.r.o.CachingOperationNameGenerator -
				Generating unique operation named: activateUsingDELETE_112
2025-02-17 18:00:56 [restartedMain] INFO  s.d.s.w.r.o.CachingOperationNameGenerator -
				Generating unique operation named: createFarmTeachingsUsingPOST_1
2025-02-17 18:00:56 [restartedMain] INFO  s.d.s.w.r.o.CachingOperationNameGenerator -
				Generating unique operation named: deactivateUsingDELETE_112
2025-02-17 18:00:56 [restartedMain] INFO  s.d.s.w.r.o.CachingOperationNameGenerator -
				Generating unique operation named: fetchAllFarmTeachingsUsingGET_1
2025-02-17 18:00:56 [restartedMain] INFO  s.d.s.w.r.o.CachingOperationNameGenerator -
				Generating unique operation named: getUsingGET_332
2025-02-17 18:00:56 [restartedMain] INFO  s.d.s.w.r.o.CachingOperationNameGenerator -
				Generating unique operation named: listAllUsingGET_277
2025-02-17 18:00:56 [restartedMain] INFO  s.d.s.w.r.o.CachingOperationNameGenerator -
				Generating unique operation named: updateUsingPUT_305
2025-02-17 18:00:56 [restartedMain] INFO  s.d.s.w.r.o.CachingOperationNameGenerator -
				Generating unique operation named: viewFilesUsingGET_37
2025-02-17 18:00:56 [restartedMain] INFO  s.d.s.w.r.o.CachingOperationNameGenerator -
				Generating unique operation named: activateUsingDELETE_113
2025-02-17 18:00:56 [restartedMain] INFO  s.d.s.w.r.o.CachingOperationNameGenerator -
				Generating unique operation named: deactivateUsingDELETE_113
2025-02-17 18:00:56 [restartedMain] INFO  s.d.s.w.r.o.CachingOperationNameGenerator -
				Generating unique operation named: getAllActiveDataUsingGET_1
2025-02-17 18:00:56 [restartedMain] INFO  s.d.s.w.r.o.CachingOperationNameGenerator -
				Generating unique operation named: getAllGraduationDataUsingGET_1
2025-02-17 18:00:56 [restartedMain] INFO  s.d.s.w.r.o.CachingOperationNameGenerator -
				Generating unique operation named: getGraduatioByIdUsingGET_1
2025-02-17 18:00:56 [restartedMain] INFO  s.d.s.w.r.o.CachingOperationNameGenerator -
				Generating unique operation named: saveGraduationUsingPOST_1
2025-02-17 18:00:56 [restartedMain] INFO  s.d.s.w.r.o.CachingOperationNameGenerator -
				Generating unique operation named: updateGraduationUsingPUT_1
2025-02-17 18:00:56 [restartedMain] INFO  s.d.s.w.r.o.CachingOperationNameGenerator -
				Generating unique operation named: activateUsingDELETE_114
2025-02-17 18:00:56 [restartedMain] INFO  s.d.s.w.r.o.CachingOperationNameGenerator -
				Generating unique operation named: deactivateUsingDELETE_114
2025-02-17 18:00:56 [restartedMain] INFO  s.d.s.w.r.o.CachingOperationNameGenerator -
				Generating unique operation named: fetchAllAdministrationEmailIdsDetailUsingGET_19
2025-02-17 18:00:56 [restartedMain] INFO  s.d.s.w.r.o.CachingOperationNameGenerator -
				Generating unique operation named: getUsingGET_333
2025-02-17 18:00:56 [restartedMain] INFO  s.d.s.w.r.o.CachingOperationNameGenerator -
				Generating unique operation named: getAllActiveGrantUsingGET_1
2025-02-17 18:00:56 [restartedMain] INFO  s.d.s.w.r.o.CachingOperationNameGenerator -
				Generating unique operation named: grantsDetailsBasedOnEmpIdUsingGET_1
2025-02-17 18:00:56 [restartedMain] INFO  s.d.s.w.r.o.CachingOperationNameGenerator -
				Generating unique operation named: savGrantUsingPOST_1
2025-02-17 18:00:56 [restartedMain] INFO  s.d.s.w.r.o.CachingOperationNameGenerator -
				Generating unique operation named: updateGrantUsingPUT_1
2025-02-17 18:00:56 [restartedMain] INFO  s.d.s.w.r.o.CachingOperationNameGenerator -
				Generating unique operation named: uploadFileUsingPOST_39
2025-02-17 18:00:56 [restartedMain] INFO  s.d.s.w.r.o.CachingOperationNameGenerator -
				Generating unique operation named: viewFilesUsingGET_38
2025-02-17 18:00:56 [restartedMain] INFO  s.d.s.w.r.o.CachingOperationNameGenerator -
				Generating unique operation named: downloadFileUsingGET_18
2025-02-17 18:00:56 [restartedMain] INFO  s.d.s.w.r.o.CachingOperationNameGenerator -
				Generating unique operation named: get1UsingGET_6
2025-02-17 18:00:56 [restartedMain] INFO  s.d.s.w.r.o.CachingOperationNameGenerator -
				Generating unique operation named: getAllDeatilsUsingGET_5
2025-02-17 18:00:56 [restartedMain] INFO  s.d.s.w.r.o.CachingOperationNameGenerator -
				Generating unique operation named: savehostelwaiverAttachmentsUsingPOST_2
2025-02-17 18:00:56 [restartedMain] INFO  s.d.s.w.r.o.CachingOperationNameGenerator -
				Generating unique operation named: updateHigherEducationAttachmentsUsingPUT_1
2025-02-17 18:00:56 [restartedMain] INFO  s.d.s.w.r.o.CachingOperationNameGenerator -
				Generating unique operation named: uploadFileUsingPOST_40
2025-02-17 18:00:56 [restartedMain] INFO  s.d.s.w.r.o.CachingOperationNameGenerator -
				Generating unique operation named: deleteUsingDELETE_217
2025-02-17 18:00:56 [restartedMain] INFO  s.d.s.w.r.o.CachingOperationNameGenerator -
				Generating unique operation named: getUsingGET_334
2025-02-17 18:00:56 [restartedMain] INFO  s.d.s.w.r.o.CachingOperationNameGenerator -
				Generating unique operation named: getAllHodCommentsUsingGET_1
2025-02-17 18:00:56 [restartedMain] INFO  s.d.s.w.r.o.CachingOperationNameGenerator -
				Generating unique operation named: getallDeatilsUsingGET_1
2025-02-17 18:00:56 [restartedMain] INFO  s.d.s.w.r.o.CachingOperationNameGenerator -
				Generating unique operation named: listAllUsingGET_278
2025-02-17 18:00:56 [restartedMain] INFO  s.d.s.w.r.o.CachingOperationNameGenerator -
				Generating unique operation named: saveHodCommentsUsingPOST_1
2025-02-17 18:00:56 [restartedMain] INFO  s.d.s.w.r.o.CachingOperationNameGenerator -
				Generating unique operation named: updateUsingPUT_306
2025-02-17 18:00:56 [restartedMain] INFO  s.d.s.w.r.o.CachingOperationNameGenerator -
				Generating unique operation named: activateUsingDELETE_115
2025-02-17 18:00:56 [restartedMain] INFO  s.d.s.w.r.o.CachingOperationNameGenerator -
				Generating unique operation named: deactivateUsingDELETE_115
2025-02-17 18:00:56 [restartedMain] INFO  s.d.s.w.r.o.CachingOperationNameGenerator -
				Generating unique operation named: getUsingGET_335
2025-02-17 18:00:56 [restartedMain] INFO  s.d.s.w.r.o.CachingOperationNameGenerator -
				Generating unique operation named: getAllDeptUsingGET_29
2025-02-17 18:00:56 [restartedMain] INFO  s.d.s.w.r.o.CachingOperationNameGenerator -
				Generating unique operation named: getJobprofileDetailsUsingGET_1
2025-02-17 18:00:56 [restartedMain] INFO  s.d.s.w.r.o.CachingOperationNameGenerator -
				Generating unique operation named: listAllUsingGET_279
2025-02-17 18:00:56 [restartedMain] INFO  s.d.s.w.r.o.CachingOperationNameGenerator -
				Generating unique operation named: saveHrStatusHistoryUsingPOST_1
2025-02-17 18:00:56 [restartedMain] INFO  s.d.s.w.r.o.CachingOperationNameGenerator -
				Generating unique operation named: updateHrStatusHistoryUsingPUT_1
2025-02-17 18:00:56 [restartedMain] INFO  s.d.s.w.r.o.CachingOperationNameGenerator -
				Generating unique operation named: activateUsingDELETE_116
2025-02-17 18:00:56 [restartedMain] INFO  s.d.s.w.r.o.CachingOperationNameGenerator -
				Generating unique operation named: checkApproverStatusUsingGET_1
2025-02-17 18:00:56 [restartedMain] INFO  s.d.s.w.r.o.CachingOperationNameGenerator -
				Generating unique operation named: checkIncentiveApproverUsingGET_1
2025-02-17 18:00:56 [restartedMain] INFO  s.d.s.w.r.o.CachingOperationNameGenerator -
				Generating unique operation named: checkIncentiveApproverRemarksUsingGET_1
2025-02-17 18:00:56 [restartedMain] INFO  s.d.s.w.r.o.CachingOperationNameGenerator -
				Generating unique operation named: deactivateUsingDELETE_116
2025-02-17 18:00:56 [restartedMain] INFO  s.d.s.w.r.o.CachingOperationNameGenerator -
				Generating unique operation named: fetchAllIncentiveApproverUsingGET_1
2025-02-17 18:00:56 [restartedMain] INFO  s.d.s.w.r.o.CachingOperationNameGenerator -
				Generating unique operation named: getUsingGET_336
2025-02-17 18:00:56 [restartedMain] INFO  s.d.s.w.r.o.CachingOperationNameGenerator -
				Generating unique operation named: getAllActiveIncentiveApproverUsingGET_1
2025-02-17 18:00:56 [restartedMain] INFO  s.d.s.w.r.o.CachingOperationNameGenerator -
				Generating unique operation named: getApproverDetailsDataUsingGET_1
2025-02-17 18:00:56 [restartedMain] INFO  s.d.s.w.r.o.CachingOperationNameGenerator -
				Generating unique operation named: getApproverDetailsDataForPatentUsingGET_1
2025-02-17 18:00:56 [restartedMain] INFO  s.d.s.w.r.o.CachingOperationNameGenerator -
				Generating unique operation named: incentiveApproverBasedOnEmpIdUsingGET_1
2025-02-17 18:00:56 [restartedMain] INFO  s.d.s.w.r.o.CachingOperationNameGenerator -
				Generating unique operation named: saveIncentiveApproverUsingPOST_1
2025-02-17 18:00:56 [restartedMain] INFO  s.d.s.w.r.o.CachingOperationNameGenerator -
				Generating unique operation named: updateIncentiveApproverUsingPUT_1
2025-02-17 18:00:56 [restartedMain] INFO  s.d.s.w.r.o.CachingOperationNameGenerator -
				Generating unique operation named: deleteUsingDELETE_218
2025-02-17 18:00:56 [restartedMain] INFO  s.d.s.w.r.o.CachingOperationNameGenerator -
				Generating unique operation named: emailForInterviewUsingPOST_1
2025-02-17 18:00:56 [restartedMain] INFO  s.d.s.w.r.o.CachingOperationNameGenerator -
				Generating unique operation named: emailToInterviewersUsingPOST_1
2025-02-17 18:00:56 [restartedMain] INFO  s.d.s.w.r.o.CachingOperationNameGenerator -
				Generating unique operation named: getUsingGET_337
2025-02-17 18:00:56 [restartedMain] INFO  s.d.s.w.r.o.CachingOperationNameGenerator -
				Generating unique operation named: getAllDeatilsUsingGET_6
2025-02-17 18:00:56 [restartedMain] INFO  s.d.s.w.r.o.CachingOperationNameGenerator -
				Generating unique operation named: listAllUsingGET_280
2025-02-17 18:00:56 [restartedMain] INFO  s.d.s.w.r.o.CachingOperationNameGenerator -
				Generating unique operation named: saveInterviewUsingPOST_2
2025-02-17 18:00:56 [restartedMain] INFO  s.d.s.w.r.o.CachingOperationNameGenerator -
				Generating unique operation named: saveInterviewsUsingPOST_1
2025-02-17 18:00:56 [restartedMain] INFO  s.d.s.w.r.o.CachingOperationNameGenerator -
				Generating unique operation named: saveInterviewsssssUsingPOST_1
2025-02-17 18:00:56 [restartedMain] INFO  s.d.s.w.r.o.CachingOperationNameGenerator -
				Generating unique operation named: updateUsingPUT_307
2025-02-17 18:00:56 [restartedMain] INFO  s.d.s.w.r.o.CachingOperationNameGenerator -
				Generating unique operation named: deleteUsingDELETE_219
2025-02-17 18:00:56 [restartedMain] INFO  s.d.s.w.r.o.CachingOperationNameGenerator -
				Generating unique operation named: getUsingGET_338
2025-02-17 18:00:56 [restartedMain] INFO  s.d.s.w.r.o.CachingOperationNameGenerator -
				Generating unique operation named: getUsingGET_339
2025-02-17 18:00:56 [restartedMain] INFO  s.d.s.w.r.o.CachingOperationNameGenerator -
				Generating unique operation named: getAllDeatilsUsingGET_7
2025-02-17 18:00:56 [restartedMain] INFO  s.d.s.w.r.o.CachingOperationNameGenerator -
				Generating unique operation named: getAllEmailDeatilsUsingGET_1
2025-02-17 18:00:56 [restartedMain] INFO  s.d.s.w.r.o.CachingOperationNameGenerator -
				Generating unique operation named: getJobProfileDetailsUsingGET_1
2025-02-17 18:00:56 [restartedMain] INFO  s.d.s.w.r.o.CachingOperationNameGenerator -
				Generating unique operation named: listAllUsingGET_281
2025-02-17 18:00:56 [restartedMain] INFO  s.d.s.w.r.o.CachingOperationNameGenerator -
				Generating unique operation named: listAll1UsingGET_129
2025-02-17 18:00:56 [restartedMain] INFO  s.d.s.w.r.o.CachingOperationNameGenerator -
				Generating unique operation named: saveInterviewUsingPOST_3
2025-02-17 18:00:56 [restartedMain] INFO  s.d.s.w.r.o.CachingOperationNameGenerator -
				Generating unique operation named: setInterviewerCommentsUsingPUT_1
2025-02-17 18:00:56 [restartedMain] INFO  s.d.s.w.r.o.CachingOperationNameGenerator -
				Generating unique operation named: updateUsingPUT_308
2025-02-17 18:00:56 [restartedMain] INFO  s.d.s.w.r.o.CachingOperationNameGenerator -
				Generating unique operation named: uploadFileUsingPOST_41
2025-02-17 18:00:56 [restartedMain] INFO  s.d.s.w.r.o.CachingOperationNameGenerator -
				Generating unique operation named: viewFilesUsingGET_39
2025-02-17 18:00:56 [restartedMain] INFO  s.d.s.w.r.o.CachingOperationNameGenerator -
				Generating unique operation named: checkEmailUsingGET_1
2025-02-17 18:00:56 [restartedMain] INFO  s.d.s.w.r.o.CachingOperationNameGenerator -
				Generating unique operation named: deleteUsingDELETE_220
2025-02-17 18:00:56 [restartedMain] INFO  s.d.s.w.r.o.CachingOperationNameGenerator -
				Generating unique operation named: getUsingGET_340
2025-02-17 18:00:56 [restartedMain] INFO  s.d.s.w.r.o.CachingOperationNameGenerator -
				Generating unique operation named: getAllApplicantDetailsUsingGET_1
2025-02-17 18:00:56 [restartedMain] INFO  s.d.s.w.r.o.CachingOperationNameGenerator -
				Generating unique operation named: getJobProfileByIdUsingGET_1
2025-02-17 18:00:56 [restartedMain] INFO  s.d.s.w.r.o.CachingOperationNameGenerator -
				Generating unique operation named: getNameAndEmailByJobIdUsingGET_1
2025-02-17 18:00:56 [restartedMain] INFO  s.d.s.w.r.o.CachingOperationNameGenerator -
				Generating unique operation named: getReferenceNoUsingGET_1
2025-02-17 18:00:56 [restartedMain] INFO  s.d.s.w.r.o.CachingOperationNameGenerator -
				Generating unique operation named: jobProfileDetailsOnDateUsingGET_1
2025-02-17 18:00:56 [restartedMain] INFO  s.d.s.w.r.o.CachingOperationNameGenerator -
				Generating unique operation named: jobProfileDetailsOnUserIdUsingGET_1
2025-02-17 18:00:56 [restartedMain] INFO  s.d.s.w.r.o.CachingOperationNameGenerator -
				Generating unique operation named: listAllUsingGET_282
2025-02-17 18:00:56 [restartedMain] INFO  s.d.s.w.r.o.CachingOperationNameGenerator -
				Generating unique operation named: listAll1UsingGET_130
2025-02-17 18:00:56 [restartedMain] INFO  s.d.s.w.r.o.CachingOperationNameGenerator -
				Generating unique operation named: saveAcademicYearUsingPOST_10
2025-02-17 18:00:56 [restartedMain] INFO  s.d.s.w.r.o.CachingOperationNameGenerator -
				Generating unique operation named: updateUsingPUT_309
2025-02-17 18:00:56 [restartedMain] INFO  s.d.s.w.r.o.CachingOperationNameGenerator -
				Generating unique operation named: updateJobProfileHrStatusUsingPUT_1
2025-02-17 18:00:56 [restartedMain] INFO  s.d.s.w.r.o.CachingOperationNameGenerator -
				Generating unique operation named: deleteUsingDELETE_221
2025-02-17 18:00:56 [restartedMain] INFO  s.d.s.w.r.o.CachingOperationNameGenerator -
				Generating unique operation named: delete1UsingDELETE_173
2025-02-17 18:00:56 [restartedMain] INFO  s.d.s.w.r.o.CachingOperationNameGenerator -
				Generating unique operation named: getUsingGET_341
2025-02-17 18:00:56 [restartedMain] INFO  s.d.s.w.r.o.CachingOperationNameGenerator -
				Generating unique operation named: jobValidationUsingGET_1
2025-02-17 18:00:56 [restartedMain] INFO  s.d.s.w.r.o.CachingOperationNameGenerator -
				Generating unique operation named: listAllUsingGET_283
2025-02-17 18:00:56 [restartedMain] INFO  s.d.s.w.r.o.CachingOperationNameGenerator -
				Generating unique operation named: listAll1UsingGET_131
2025-02-17 18:00:56 [restartedMain] INFO  s.d.s.w.r.o.CachingOperationNameGenerator -
				Generating unique operation named: saveMenuUsingPOST_2
2025-02-17 18:00:56 [restartedMain] INFO  s.d.s.w.r.o.CachingOperationNameGenerator -
				Generating unique operation named: updateUsingPUT_310
2025-02-17 18:00:56 [restartedMain] INFO  s.d.s.w.r.o.CachingOperationNameGenerator -
				Generating unique operation named: getUsingGET_342
2025-02-17 18:00:56 [restartedMain] INFO  s.d.s.w.r.o.CachingOperationNameGenerator -
				Generating unique operation named: getLanguageBasedOnEmpIdUsingGET_1
2025-02-17 18:00:56 [restartedMain] INFO  s.d.s.w.r.o.CachingOperationNameGenerator -
				Generating unique operation named: listAllUsingGET_284
2025-02-17 18:00:56 [restartedMain] INFO  s.d.s.w.r.o.CachingOperationNameGenerator -
				Generating unique operation named: saveLanguageUsingPOST_1
2025-02-17 18:00:56 [restartedMain] INFO  s.d.s.w.r.o.CachingOperationNameGenerator -
				Generating unique operation named: updateUsingPUT_311
2025-02-17 18:00:56 [restartedMain] INFO  s.d.s.w.r.o.CachingOperationNameGenerator -
				Generating unique operation named: activateUsingDELETE_117
2025-02-17 18:00:56 [restartedMain] INFO  s.d.s.w.r.o.CachingOperationNameGenerator -
				Generating unique operation named: deactivateUsingDELETE_117
2025-02-17 18:00:56 [restartedMain] INFO  s.d.s.w.r.o.CachingOperationNameGenerator -
				Generating unique operation named: fetchAllAdministrationEmailIdsDetailUsingGET_20
2025-02-17 18:00:56 [restartedMain] INFO  s.d.s.w.r.o.CachingOperationNameGenerator -
				Generating unique operation named: getUsingGET_343
2025-02-17 18:00:56 [restartedMain] INFO  s.d.s.w.r.o.CachingOperationNameGenerator -
				Generating unique operation named: getAllActiveMembershipUsingGET_1
2025-02-17 18:00:56 [restartedMain] INFO  s.d.s.w.r.o.CachingOperationNameGenerator -
				Generating unique operation named: membershipDetailsBasedOnEmpIdUsingGET_1
2025-02-17 18:00:56 [restartedMain] INFO  s.d.s.w.r.o.CachingOperationNameGenerator -
				Generating unique operation named: saveMembershipUsingPOST_1
2025-02-17 18:00:56 [restartedMain] INFO  s.d.s.w.r.o.CachingOperationNameGenerator -
				Generating unique operation named: updateMembershipUsingPUT_1
2025-02-17 18:00:56 [restartedMain] INFO  s.d.s.w.r.o.CachingOperationNameGenerator -
				Generating unique operation named: uploadFileUsingPOST_42
2025-02-17 18:00:56 [restartedMain] INFO  s.d.s.w.r.o.CachingOperationNameGenerator -
				Generating unique operation named: viewFilesUsingGET_40
2025-02-17 18:00:56 [restartedMain] INFO  s.d.s.w.r.o.CachingOperationNameGenerator -
				Generating unique operation named: fetchAllResignationDetailsBasedOnUserIdUsingGET_2
2025-02-17 18:00:56 [restartedMain] INFO  s.d.s.w.r.o.CachingOperationNameGenerator -
				Generating unique operation named: getAllNoDueAssignmentDataUsingGET_1
2025-02-17 18:00:56 [restartedMain] INFO  s.d.s.w.r.o.CachingOperationNameGenerator -
				Generating unique operation named: getNoDueAssignmentDataUsingGET_1
2025-02-17 18:00:56 [restartedMain] INFO  s.d.s.w.r.o.CachingOperationNameGenerator -
				Generating unique operation named: saveNoDuesAssignmentUsingPOST_1
2025-02-17 18:00:56 [restartedMain] INFO  s.d.s.w.r.o.CachingOperationNameGenerator -
				Generating unique operation named: updateUsingPUT_312
2025-02-17 18:00:56 [restartedMain] INFO  s.d.s.w.r.o.CachingOperationNameGenerator -
				Generating unique operation named: deleteUsingDELETE_222
2025-02-17 18:00:56 [restartedMain] INFO  s.d.s.w.r.o.CachingOperationNameGenerator -
				Generating unique operation named: emailForOfferUsingPOST_2
2025-02-17 18:00:56 [restartedMain] INFO  s.d.s.w.r.o.CachingOperationNameGenerator -
				Generating unique operation named: emailForStaffUsingPOST_1
2025-02-17 18:00:56 [restartedMain] INFO  s.d.s.w.r.o.CachingOperationNameGenerator -
				Generating unique operation named: fetchAllOfferDetailsByEmployeeIdUsingGET_1
2025-02-17 18:00:56 [restartedMain] INFO  s.d.s.w.r.o.CachingOperationNameGenerator -
				Generating unique operation named: getUsingGET_344
2025-02-17 18:00:56 [restartedMain] INFO  s.d.s.w.r.o.CachingOperationNameGenerator -
				Generating unique operation named: getAllOfferDetailsUsingGET_1
2025-02-17 18:00:56 [restartedMain] INFO  s.d.s.w.r.o.CachingOperationNameGenerator -
				Generating unique operation named: listAll1UsingGET_132
2025-02-17 18:00:56 [restartedMain] INFO  s.d.s.w.r.o.CachingOperationNameGenerator -
				Generating unique operation named: offerDetailsByJobIdUsingGET_1
2025-02-17 18:00:56 [restartedMain] INFO  s.d.s.w.r.o.CachingOperationNameGenerator -
				Generating unique operation named: saveOfferUsingPOST_1
2025-02-17 18:00:56 [restartedMain] INFO  s.d.s.w.r.o.CachingOperationNameGenerator -
				Generating unique operation named: saveOfferLetterUsingPUT_1
2025-02-17 18:00:56 [restartedMain] INFO  s.d.s.w.r.o.CachingOperationNameGenerator -
				Generating unique operation named: updateUsingPUT_313
2025-02-17 18:00:56 [restartedMain] INFO  s.d.s.w.r.o.CachingOperationNameGenerator -
				Generating unique operation named: updateMultipleOfferDetailsUsingPUT_1
2025-02-17 18:00:56 [restartedMain] INFO  s.d.s.w.r.o.CachingOperationNameGenerator -
				Generating unique operation named: updateOfferAfterAcceptingUsingPUT_1
2025-02-17 18:00:56 [restartedMain] INFO  s.d.s.w.r.o.CachingOperationNameGenerator -
				Generating unique operation named: offerHistoryByEmployeeIdUsingGET_1
2025-02-17 18:00:56 [restartedMain] INFO  s.d.s.w.r.o.CachingOperationNameGenerator -
				Generating unique operation named: offerHistoryByJobIdUsingGET_1
2025-02-17 18:00:56 [restartedMain] INFO  s.d.s.w.r.o.CachingOperationNameGenerator -
				Generating unique operation named: saveOfferHistoryUsingPOST_1
2025-02-17 18:00:56 [restartedMain] INFO  s.d.s.w.r.o.CachingOperationNameGenerator -
				Generating unique operation named: activateUsingDELETE_118
2025-02-17 18:00:56 [restartedMain] INFO  s.d.s.w.r.o.CachingOperationNameGenerator -
				Generating unique operation named: deactivateUsingDELETE_118
2025-02-17 18:00:56 [restartedMain] INFO  s.d.s.w.r.o.CachingOperationNameGenerator -
				Generating unique operation named: fetchAllAdministrationEmailIdsDetailUsingGET_21
2025-02-17 18:00:56 [restartedMain] INFO  s.d.s.w.r.o.CachingOperationNameGenerator -
				Generating unique operation named: getUsingGET_345
2025-02-17 18:00:56 [restartedMain] INFO  s.d.s.w.r.o.CachingOperationNameGenerator -
				Generating unique operation named: getAllActivePatentUsingGET_1
2025-02-17 18:00:56 [restartedMain] INFO  s.d.s.w.r.o.CachingOperationNameGenerator -
				Generating unique operation named: patentDetailsBasedOnEmpIdUsingGET_1
2025-02-17 18:00:56 [restartedMain] INFO  s.d.s.w.r.o.CachingOperationNameGenerator -
				Generating unique operation named: savePatentUsingPOST_1
2025-02-17 18:00:56 [restartedMain] INFO  s.d.s.w.r.o.CachingOperationNameGenerator -
				Generating unique operation named: updatePatentUsingPUT_1
2025-02-17 18:00:56 [restartedMain] INFO  s.d.s.w.r.o.CachingOperationNameGenerator -
				Generating unique operation named: uploadFileUsingPOST_43
2025-02-17 18:00:56 [restartedMain] INFO  s.d.s.w.r.o.CachingOperationNameGenerator -
				Generating unique operation named: viewFilesUsingGET_41
2025-02-17 18:00:56 [restartedMain] INFO  s.d.s.w.r.o.CachingOperationNameGenerator -
				Generating unique operation named: getUsingGET_346
2025-02-17 18:00:56 [restartedMain] INFO  s.d.s.w.r.o.CachingOperationNameGenerator -
				Generating unique operation named: getEmployeeNameConcateWithEmployeeCodeUsingGET_1
2025-02-17 18:00:56 [restartedMain] INFO  s.d.s.w.r.o.CachingOperationNameGenerator -
				Generating unique operation named: getPaySlipByEmployeeIdUsingGET_1
2025-02-17 18:00:56 [restartedMain] INFO  s.d.s.w.r.o.CachingOperationNameGenerator -
				Generating unique operation named: listAll1UsingGET_133
2025-02-17 18:00:56 [restartedMain] INFO  s.d.s.w.r.o.CachingOperationNameGenerator -
				Generating unique operation named: savePaySlipLockDateUsingPOST_1
2025-02-17 18:00:56 [restartedMain] INFO  s.d.s.w.r.o.CachingOperationNameGenerator -
				Generating unique operation named: updateUsingPUT_314
2025-02-17 18:00:56 [restartedMain] INFO  s.d.s.w.r.o.CachingOperationNameGenerator -
				Generating unique operation named: updatepaySlipLockDateUsingPUT_1
2025-02-17 18:00:56 [restartedMain] INFO  s.d.s.w.r.o.CachingOperationNameGenerator -
				Generating unique operation named: activatePhdDetailsUsingDELETE_1
2025-02-17 18:00:56 [restartedMain] INFO  s.d.s.w.r.o.CachingOperationNameGenerator -
				Generating unique operation named: deactivatePhdDetailsUsingDELETE_1
2025-02-17 18:00:56 [restartedMain] INFO  s.d.s.w.r.o.CachingOperationNameGenerator -
				Generating unique operation named: getAllPhdDetailsUsingGET_1
2025-02-17 18:00:56 [restartedMain] INFO  s.d.s.w.r.o.CachingOperationNameGenerator -
				Generating unique operation named: getPhdDetailsUsingGET_1
2025-02-17 18:00:56 [restartedMain] INFO  s.d.s.w.r.o.CachingOperationNameGenerator -
				Generating unique operation named: getPhdDetailsByJobIdUsingGET_1
2025-02-17 18:00:56 [restartedMain] INFO  s.d.s.w.r.o.CachingOperationNameGenerator -
				Generating unique operation named: listAllActivePhdDetailsUsingGET_1
2025-02-17 18:00:56 [restartedMain] INFO  s.d.s.w.r.o.CachingOperationNameGenerator -
				Generating unique operation named: savePhdDetailsUsingPOST_1
2025-02-17 18:00:56 [restartedMain] INFO  s.d.s.w.r.o.CachingOperationNameGenerator -
				Generating unique operation named: updatePhdDetailsUsingPUT_1
2025-02-17 18:00:56 [restartedMain] INFO  s.d.s.w.r.o.CachingOperationNameGenerator -
				Generating unique operation named: activateUsingDELETE_119
2025-02-17 18:00:56 [restartedMain] INFO  s.d.s.w.r.o.CachingOperationNameGenerator -
				Generating unique operation named: createProfileResearchUsingPOST_1
2025-02-17 18:00:56 [restartedMain] INFO  s.d.s.w.r.o.CachingOperationNameGenerator -
				Generating unique operation named: deactivateUsingDELETE_119
2025-02-17 18:00:56 [restartedMain] INFO  s.d.s.w.r.o.CachingOperationNameGenerator -
				Generating unique operation named: fetchAllProfileResearchUsingGET_1
2025-02-17 18:00:56 [restartedMain] INFO  s.d.s.w.r.o.CachingOperationNameGenerator -
				Generating unique operation named: fetchAllProfileResearchForEmployeeUsingGET_1
2025-02-17 18:00:56 [restartedMain] INFO  s.d.s.w.r.o.CachingOperationNameGenerator -
				Generating unique operation named: getUsingGET_347
2025-02-17 18:00:56 [restartedMain] INFO  s.d.s.w.r.o.CachingOperationNameGenerator -
				Generating unique operation named: listAllUsingGET_285
2025-02-17 18:00:56 [restartedMain] INFO  s.d.s.w.r.o.CachingOperationNameGenerator -
				Generating unique operation named: profileResearchUploadFileUsingPOST_1
2025-02-17 18:00:56 [restartedMain] INFO  s.d.s.w.r.o.CachingOperationNameGenerator -
				Generating unique operation named: updateUsingPUT_315
2025-02-17 18:00:56 [restartedMain] INFO  s.d.s.w.r.o.CachingOperationNameGenerator -
				Generating unique operation named: viewFilesUsingGET_42
2025-02-17 18:00:56 [restartedMain] INFO  s.d.s.w.r.o.CachingOperationNameGenerator -
				Generating unique operation named: activateUsingDELETE_120
2025-02-17 18:00:56 [restartedMain] INFO  s.d.s.w.r.o.CachingOperationNameGenerator -
				Generating unique operation named: deactivateUsingDELETE_120
2025-02-17 18:00:56 [restartedMain] INFO  s.d.s.w.r.o.CachingOperationNameGenerator -
				Generating unique operation named: fetchAllAdministrationEmailIdsDetailUsingGET_22
2025-02-17 18:00:56 [restartedMain] INFO  s.d.s.w.r.o.CachingOperationNameGenerator -
				Generating unique operation named: getUsingGET_348
2025-02-17 18:00:56 [restartedMain] INFO  s.d.s.w.r.o.CachingOperationNameGenerator -
				Generating unique operation named: getAllActivePublicationUsingGET_1
2025-02-17 18:00:56 [restartedMain] INFO  s.d.s.w.r.o.CachingOperationNameGenerator -
				Generating unique operation named: publicationDetailsBasedOnEmpIdUsingGET_1
2025-02-17 18:00:56 [restartedMain] INFO  s.d.s.w.r.o.CachingOperationNameGenerator -
				Generating unique operation named: savePublicationUsingPOST_3
2025-02-17 18:00:56 [restartedMain] INFO  s.d.s.w.r.o.CachingOperationNameGenerator -
				Generating unique operation named: updatePublicationUsingPUT_1
2025-02-17 18:00:56 [restartedMain] INFO  s.d.s.w.r.o.CachingOperationNameGenerator -
				Generating unique operation named: uploadFileUsingPOST_44
2025-02-17 18:00:56 [restartedMain] INFO  s.d.s.w.r.o.CachingOperationNameGenerator -
				Generating unique operation named: viewFilesUsingGET_43
2025-02-17 18:00:56 [restartedMain] INFO  s.d.s.w.r.o.CachingOperationNameGenerator -
				Generating unique operation named: deleteUsingDELETE_223
2025-02-17 18:00:56 [restartedMain] INFO  s.d.s.w.r.o.CachingOperationNameGenerator -
				Generating unique operation named: delete1UsingDELETE_174
2025-02-17 18:00:56 [restartedMain] INFO  s.d.s.w.r.o.CachingOperationNameGenerator -
				Generating unique operation named: getUsingGET_349
2025-02-17 18:00:56 [restartedMain] INFO  s.d.s.w.r.o.CachingOperationNameGenerator -
				Generating unique operation named: getResignationAttachmentBasedOnEmployeeIdUsingGET_1
2025-02-17 18:00:56 [restartedMain] INFO  s.d.s.w.r.o.CachingOperationNameGenerator -
				Generating unique operation named: uploadFileResignationAttachmentUsingPOST_1
2025-02-17 18:00:56 [restartedMain] INFO  s.d.s.w.r.o.CachingOperationNameGenerator -
				Generating unique operation named: viewFilesUsingGET_44
2025-02-17 18:00:56 [restartedMain] INFO  s.d.s.w.r.o.CachingOperationNameGenerator -
				Generating unique operation named: checkEmpIdIsAlreadyPresentOrNotUsingGET_1
2025-02-17 18:00:56 [restartedMain] INFO  s.d.s.w.r.o.CachingOperationNameGenerator -
				Generating unique operation named: checkNoDuesStatusUsingGET_1
2025-02-17 18:00:56 [restartedMain] INFO  s.d.s.w.r.o.CachingOperationNameGenerator -
				Generating unique operation named: deleteUsingDELETE_224
2025-02-17 18:00:56 [restartedMain] INFO  s.d.s.w.r.o.CachingOperationNameGenerator -
				Generating unique operation named: delete1UsingDELETE_175
2025-02-17 18:00:56 [restartedMain] INFO  s.d.s.w.r.o.CachingOperationNameGenerator -
				Generating unique operation named: fetchAllResignationDetailsBasedOnUserIdUsingGET_3
2025-02-17 18:00:56 [restartedMain] INFO  s.d.s.w.r.o.CachingOperationNameGenerator -
				Generating unique operation named: fetchAllResignationHistoryDetailsUsingGET_1
2025-02-17 18:00:56 [restartedMain] INFO  s.d.s.w.r.o.CachingOperationNameGenerator -
				Generating unique operation named: getUsingGET_350
2025-02-17 18:00:56 [restartedMain] INFO  s.d.s.w.r.o.CachingOperationNameGenerator -
				Generating unique operation named: getAlResignationWithRelievingNoUsingGET_1
2025-02-17 18:00:56 [restartedMain] INFO  s.d.s.w.r.o.CachingOperationNameGenerator -
				Generating unique operation named: getAllResignationDetailsDataUsingGET_1
2025-02-17 18:00:56 [restartedMain] INFO  s.d.s.w.r.o.CachingOperationNameGenerator -
				Generating unique operation named: listAllUsingGET_286
2025-02-17 18:00:56 [restartedMain] INFO  s.d.s.w.r.o.CachingOperationNameGenerator -
				Generating unique operation named: listAll1UsingGET_134
2025-02-17 18:00:56 [restartedMain] INFO  s.d.s.w.r.o.CachingOperationNameGenerator -
				Generating unique operation named: saveResignationUsingPOST_1
2025-02-17 18:00:56 [restartedMain] INFO  s.d.s.w.r.o.CachingOperationNameGenerator -
				Generating unique operation named: updateUsingPUT_316
2025-02-17 18:00:56 [restartedMain] INFO  s.d.s.w.r.o.CachingOperationNameGenerator -
				Generating unique operation named: deleteUsingDELETE_225
2025-02-17 18:00:56 [restartedMain] INFO  s.d.s.w.r.o.CachingOperationNameGenerator -
				Generating unique operation named: delete1UsingDELETE_176
2025-02-17 18:00:56 [restartedMain] INFO  s.d.s.w.r.o.CachingOperationNameGenerator -
				Generating unique operation named: getUsingGET_351
2025-02-17 18:00:56 [restartedMain] INFO  s.d.s.w.r.o.CachingOperationNameGenerator -
				Generating unique operation named: getAllRolesDetailsUsingGET_7
2025-02-17 18:00:56 [restartedMain] INFO  s.d.s.w.r.o.CachingOperationNameGenerator -
				Generating unique operation named: listAllUsingGET_287
2025-02-17 18:00:56 [restartedMain] INFO  s.d.s.w.r.o.CachingOperationNameGenerator -
				Generating unique operation named: saveSlabDetailUsingPOST_4
2025-02-17 18:00:56 [restartedMain] INFO  s.d.s.w.r.o.CachingOperationNameGenerator -
				Generating unique operation named: shiftDetailsBasedOnSchoolIdUsingGET_1
2025-02-17 18:00:56 [restartedMain] INFO  s.d.s.w.r.o.CachingOperationNameGenerator -
				Generating unique operation named: shiftDetailsDataUsingGET_1
2025-02-17 18:00:56 [restartedMain] INFO  s.d.s.w.r.o.CachingOperationNameGenerator -
				Generating unique operation named: updateUsingPUT_317
2025-02-17 18:00:56 [restartedMain] INFO  s.d.s.w.r.o.CachingOperationNameGenerator -
				Generating unique operation named: activateUsingDELETE_121
2025-02-17 18:00:56 [restartedMain] INFO  s.d.s.w.r.o.CachingOperationNameGenerator -
				Generating unique operation named: deactivateUsingDELETE_121
2025-02-17 18:00:56 [restartedMain] INFO  s.d.s.w.r.o.CachingOperationNameGenerator -
				Generating unique operation named: getUsingGET_352
2025-02-17 18:00:56 [restartedMain] INFO  s.d.s.w.r.o.CachingOperationNameGenerator -
				Generating unique operation named: getAllDeptUsingGET_30
2025-02-17 18:00:56 [restartedMain] INFO  s.d.s.w.r.o.CachingOperationNameGenerator -
				Generating unique operation named: getVisaExpiryHistoryDataUsingGET_1
2025-02-17 18:00:56 [restartedMain] INFO  s.d.s.w.r.o.CachingOperationNameGenerator -
				Generating unique operation named: listAllUsingGET_288
2025-02-17 18:00:56 [restartedMain] INFO  s.d.s.w.r.o.CachingOperationNameGenerator -
				Generating unique operation named: saveVisaExpiryHistoryUsingPOST_1
2025-02-17 18:00:56 [restartedMain] INFO  s.d.s.w.r.o.CachingOperationNameGenerator -
				Generating unique operation named: updateUsingPUT_318
2025-02-17 18:00:57 [restartedMain] INFO  s.d.s.w.s.ApiListingReferenceScanner -
				Scanning for api listing references
2025-02-17 18:00:57 [restartedMain] INFO  s.d.s.w.r.o.CachingOperationNameGenerator -
				Generating unique operation named: sendSmsUsingPOST_1
2025-02-17 18:00:57 [restartedMain] INFO  s.d.s.w.r.o.CachingOperationNameGenerator -
				Generating unique operation named: deleteUsingDELETE_226
2025-02-17 18:00:57 [restartedMain] INFO  s.d.s.w.r.o.CachingOperationNameGenerator -
				Generating unique operation named: delete1UsingDELETE_177
2025-02-17 18:00:57 [restartedMain] INFO  s.d.s.w.r.o.CachingOperationNameGenerator -
				Generating unique operation named: getUsingGET_353
2025-02-17 18:00:57 [restartedMain] INFO  s.d.s.w.r.o.CachingOperationNameGenerator -
				Generating unique operation named: listAllUsingGET_289
2025-02-17 18:00:57 [restartedMain] INFO  s.d.s.w.r.o.CachingOperationNameGenerator -
				Generating unique operation named: listAll1UsingGET_135
2025-02-17 18:00:57 [restartedMain] INFO  s.d.s.w.r.o.CachingOperationNameGenerator -
				Generating unique operation named: saveSmsTemplateFormatUsingPOST_1
2025-02-17 18:00:57 [restartedMain] INFO  s.d.s.w.r.o.CachingOperationNameGenerator -
				Generating unique operation named: updateSmsTemplateFormatUsingPUT_1
2025-02-17 18:00:57 [restartedMain] INFO  s.d.s.w.r.o.CachingOperationNameGenerator -
				Generating unique operation named: activateFeedbackWindowUsingPUT_1
2025-02-17 18:00:57 [restartedMain] INFO  s.d.s.w.r.o.CachingOperationNameGenerator -
				Generating unique operation named: activefreezeStudentAttendenceUsingPUT_1
2025-02-17 18:00:57 [restartedMain] INFO  s.d.s.w.r.o.CachingOperationNameGenerator -
				Generating unique operation named: createFeedbackQuestionsForStudentsUsingPOST_1
2025-02-17 18:00:57 [restartedMain] INFO  s.d.s.w.r.o.CachingOperationNameGenerator -
				Generating unique operation named: createFeedbackWindowUsingPOST_1
2025-02-17 18:00:57 [restartedMain] INFO  s.d.s.w.r.o.CachingOperationNameGenerator -
				Generating unique operation named: deactivateFeedbackQuestionsForStudentsUsingDELETE_1
2025-02-17 18:00:57 [restartedMain] INFO  s.d.s.w.r.o.CachingOperationNameGenerator -
				Generating unique operation named: deactivateFeedbackWindowUsingDELETE_1
2025-02-17 18:00:57 [restartedMain] INFO  s.d.s.w.r.o.CachingOperationNameGenerator -
				Generating unique operation named: deactivefreezeStudentAttendenceUsingDELETE_1
2025-02-17 18:00:57 [restartedMain] INFO  s.d.s.w.r.o.CachingOperationNameGenerator -
				Generating unique operation named: employeeFeedbackReportUsingGET_1
2025-02-17 18:00:57 [restartedMain] INFO  s.d.s.w.r.o.CachingOperationNameGenerator -
				Generating unique operation named: feedbackWindowByIdUsingGET_1
2025-02-17 18:00:57 [restartedMain] INFO  s.d.s.w.r.o.CachingOperationNameGenerator -
				Generating unique operation named: feedbackWindowListUsingGET_1
2025-02-17 18:00:57 [restartedMain] INFO  s.d.s.w.r.o.CachingOperationNameGenerator -
				Generating unique operation named: feedbackWindowListForDropDownUsingGET_1
2025-02-17 18:00:57 [restartedMain] INFO  s.d.s.w.r.o.CachingOperationNameGenerator -
				Generating unique operation named: freezeStudentAttendenceUsingPOST_1
2025-02-17 18:00:57 [restartedMain] INFO  s.d.s.w.r.o.CachingOperationNameGenerator -
				Generating unique operation named: freezeStudentAttendenceByIdUsingGET_1
2025-02-17 18:00:57 [restartedMain] INFO  s.d.s.w.r.o.CachingOperationNameGenerator -
				Generating unique operation named: freezeStudentAttendenceListUsingGET_1
2025-02-17 18:00:57 [restartedMain] INFO  s.d.s.w.r.o.CachingOperationNameGenerator -
				Generating unique operation named: getCourseListUsingGET_1
2025-02-17 18:00:57 [restartedMain] INFO  s.d.s.w.r.o.CachingOperationNameGenerator -
				Generating unique operation named: getEmployeeListUsingGET_1
2025-02-17 18:00:57 [restartedMain] INFO  s.d.s.w.r.o.CachingOperationNameGenerator -
				Generating unique operation named: getFeedbackQuestionsForStudentsListUsingGET_1
2025-02-17 18:00:57 [restartedMain] INFO  s.d.s.w.r.o.CachingOperationNameGenerator -
				Generating unique operation named: getFeedbackQuestionsForStudentsListByQuestionIdUsingGET_1
2025-02-17 18:00:57 [restartedMain] INFO  s.d.s.w.r.o.CachingOperationNameGenerator -
				Generating unique operation named: getStudentForFeedbackUsingGET_1
2025-02-17 18:00:57 [restartedMain] INFO  s.d.s.w.r.o.CachingOperationNameGenerator -
				Generating unique operation named: getStudentHaveLessAttendenceUsingPOST_1
2025-02-17 18:00:57 [restartedMain] INFO  s.d.s.w.r.o.CachingOperationNameGenerator -
				Generating unique operation named: manualAttendenceUpdateForStudentUsingPOST_1
2025-02-17 18:00:57 [restartedMain] INFO  s.d.s.w.r.o.CachingOperationNameGenerator -
				Generating unique operation named: saveClassFeedbackAnswersUsingPOST_2
2025-02-17 18:00:57 [restartedMain] INFO  s.d.s.w.r.o.CachingOperationNameGenerator -
				Generating unique operation named: studentFeedbackAnswersUsingPOST_1
2025-02-17 18:00:57 [restartedMain] INFO  s.d.s.w.r.o.CachingOperationNameGenerator -
				Generating unique operation named: updateFeedbackQuestionsForStudentsUsingPOST_1
2025-02-17 18:00:57 [restartedMain] INFO  s.d.s.w.r.o.CachingOperationNameGenerator -
				Generating unique operation named: updateFeedbackWindowUsingPOST_1
2025-02-17 18:00:57 [restartedMain] INFO  s.d.s.w.r.o.CachingOperationNameGenerator -
				Generating unique operation named: updatefreezeStudentAttendenceUsingPOST_1
2025-02-17 18:00:57 [restartedMain] INFO  s.d.s.w.s.ApiListingReferenceScanner -
				Scanning for api listing references
2025-02-17 18:00:57 [restartedMain] INFO  s.d.s.w.r.o.CachingOperationNameGenerator -
				Generating unique operation named: activateUsingDELETE_122
2025-02-17 18:00:57 [restartedMain] INFO  s.d.s.w.r.o.CachingOperationNameGenerator -
				Generating unique operation named: createAddOnFeeUsingPOST_1
2025-02-17 18:00:57 [restartedMain] INFO  s.d.s.w.r.o.CachingOperationNameGenerator -
				Generating unique operation named: deactivateUsingDELETE_122
2025-02-17 18:00:57 [restartedMain] INFO  s.d.s.w.r.o.CachingOperationNameGenerator -
				Generating unique operation named: fetchAllAddOnFeeUsingGET_1
2025-02-17 18:00:57 [restartedMain] INFO  s.d.s.w.r.o.CachingOperationNameGenerator -
				Generating unique operation named: getUsingGET_354
2025-02-17 18:00:57 [restartedMain] INFO  s.d.s.w.r.o.CachingOperationNameGenerator -
				Generating unique operation named: listAllUsingGET_290
2025-02-17 18:00:57 [restartedMain] INFO  s.d.s.w.r.o.CachingOperationNameGenerator -
				Generating unique operation named: updateUsingPUT_319
2025-02-17 18:00:57 [restartedMain] INFO  s.d.s.w.r.o.CachingOperationNameGenerator -
				Generating unique operation named: activateUsingDELETE_123
2025-02-17 18:00:57 [restartedMain] INFO  s.d.s.w.r.o.CachingOperationNameGenerator -
				Generating unique operation named: createAddOnFeeVoucherHeadWiseUsingPOST_1
2025-02-17 18:00:57 [restartedMain] INFO  s.d.s.w.r.o.CachingOperationNameGenerator -
				Generating unique operation named: deactivateUsingDELETE_123
2025-02-17 18:00:57 [restartedMain] INFO  s.d.s.w.r.o.CachingOperationNameGenerator -
				Generating unique operation named: fetchAllAddOnFeeVoucherHeadWiseUsingGET_1
2025-02-17 18:00:57 [restartedMain] INFO  s.d.s.w.r.o.CachingOperationNameGenerator -
				Generating unique operation named: getUsingGET_355
2025-02-17 18:00:57 [restartedMain] INFO  s.d.s.w.r.o.CachingOperationNameGenerator -
				Generating unique operation named: listAllUsingGET_291
2025-02-17 18:00:57 [restartedMain] INFO  s.d.s.w.r.o.CachingOperationNameGenerator -
				Generating unique operation named: updateUsingPUT_320
2025-02-17 18:00:57 [restartedMain] INFO  s.d.s.w.r.o.CachingOperationNameGenerator -
				Generating unique operation named: activateUsingDELETE_124
2025-02-17 18:00:57 [restartedMain] INFO  s.d.s.w.r.o.CachingOperationNameGenerator -
				Generating unique operation named: advancePayScaleDeductionUsingPOST_1
2025-02-17 18:00:57 [restartedMain] INFO  s.d.s.w.r.o.CachingOperationNameGenerator -
				Generating unique operation named: deactivateUsingDELETE_124
2025-02-17 18:00:57 [restartedMain] INFO  s.d.s.w.r.o.CachingOperationNameGenerator -
				Generating unique operation named: fetchTimeTableDetailsByEmployeeIdUsingGET_3
2025-02-17 18:00:57 [restartedMain] INFO  s.d.s.w.r.o.CachingOperationNameGenerator -
				Generating unique operation named: getAllDeptUsingGET_31
2025-02-17 18:00:57 [restartedMain] INFO  s.d.s.w.r.o.CachingOperationNameGenerator -
				Generating unique operation named: updateUsingPUT_321
2025-02-17 18:00:57 [restartedMain] INFO  s.d.s.w.r.o.CachingOperationNameGenerator -
				Generating unique operation named: updateEmiUsingPUT_1
2025-02-17 18:00:57 [restartedMain] INFO  s.d.s.w.r.o.CachingOperationNameGenerator -
				Generating unique operation named: deleteUsingDELETE_227
2025-02-17 18:00:57 [restartedMain] INFO  s.d.s.w.r.o.CachingOperationNameGenerator -
				Generating unique operation named: getUsingGET_356
2025-02-17 18:00:57 [restartedMain] INFO  s.d.s.w.r.o.CachingOperationNameGenerator -
				Generating unique operation named: getAliasNamesUsingGET_1
2025-02-17 18:00:57 [restartedMain] INFO  s.d.s.w.r.o.CachingOperationNameGenerator -
				Generating unique operation named: listAllUsingGET_292
2025-02-17 18:00:57 [restartedMain] INFO  s.d.s.w.r.o.CachingOperationNameGenerator -
				Generating unique operation named: saveAliasNameUsingPOST_7
2025-02-17 18:00:57 [restartedMain] INFO  s.d.s.w.r.o.CachingOperationNameGenerator -
				Generating unique operation named: updateUsingPUT_322
2025-02-17 18:00:57 [restartedMain] INFO  s.d.s.w.r.o.CachingOperationNameGenerator -
				Generating unique operation named: deleteUsingDELETE_228
2025-02-17 18:00:57 [restartedMain] INFO  s.d.s.w.r.o.CachingOperationNameGenerator -
				Generating unique operation named: delete1UsingDELETE_178
2025-02-17 18:00:57 [restartedMain] INFO  s.d.s.w.r.o.CachingOperationNameGenerator -
				Generating unique operation named: fetchAllBanknDetailsUsingGET_2
2025-02-17 18:00:57 [restartedMain] INFO  s.d.s.w.r.o.CachingOperationNameGenerator -
				Generating unique operation named: getUsingGET_357
2025-02-17 18:00:57 [restartedMain] INFO  s.d.s.w.r.o.CachingOperationNameGenerator -
				Generating unique operation named: listAllUsingGET_293
2025-02-17 18:00:57 [restartedMain] INFO  s.d.s.w.r.o.CachingOperationNameGenerator -
				Generating unique operation named: saveBankUsingPOST_2
2025-02-17 18:00:57 [restartedMain] INFO  s.d.s.w.r.o.CachingOperationNameGenerator -
				Generating unique operation named: updateUsingPUT_323
2025-02-17 18:00:57 [restartedMain] INFO  s.d.s.w.r.o.CachingOperationNameGenerator -
				Generating unique operation named: bankDetailsBasedOnSchoolIdUsingGET_1
2025-02-17 18:00:57 [restartedMain] INFO  s.d.s.w.r.o.CachingOperationNameGenerator -
				Generating unique operation named: deleteUsingDELETE_229
2025-02-17 18:00:57 [restartedMain] INFO  s.d.s.w.r.o.CachingOperationNameGenerator -
				Generating unique operation named: delete1UsingDELETE_179
2025-02-17 18:00:57 [restartedMain] INFO  s.d.s.w.r.o.CachingOperationNameGenerator -
				Generating unique operation named: fetchAllBanknDetailsUsingGET_3
2025-02-17 18:00:57 [restartedMain] INFO  s.d.s.w.r.o.CachingOperationNameGenerator -
				Generating unique operation named: getUsingGET_358
2025-02-17 18:00:57 [restartedMain] INFO  s.d.s.w.r.o.CachingOperationNameGenerator -
				Generating unique operation named: getAllbankDetailsDataUsingGET_1
2025-02-17 18:00:57 [restartedMain] INFO  s.d.s.w.r.o.CachingOperationNameGenerator -
				Generating unique operation named: getCreditDebitTotalAmountDayWiseUsingGET_1
2025-02-17 18:00:57 [restartedMain] INFO  s.d.s.w.r.o.CachingOperationNameGenerator -
				Generating unique operation named: getCreditDebitTotalAmountDayWisebyVoucherHeadWiseUsingGET_1
2025-02-17 18:00:57 [restartedMain] INFO  s.d.s.w.r.o.CachingOperationNameGenerator -
				Generating unique operation named: getCreditDebitTotalAmountMonthlyUsingGET_1
2025-02-17 18:00:57 [restartedMain] INFO  s.d.s.w.r.o.CachingOperationNameGenerator -
				Generating unique operation named: getCreditDebitTotalAmountMonthlyVoucherHeadWiseUsingGET_1
2025-02-17 18:00:57 [restartedMain] INFO  s.d.s.w.r.o.CachingOperationNameGenerator -
				Generating unique operation named: getTotalAmountBankWiseUsingGET_1
2025-02-17 18:00:57 [restartedMain] INFO  s.d.s.w.r.o.CachingOperationNameGenerator -
				Generating unique operation named: listAllUsingGET_294
2025-02-17 18:00:57 [restartedMain] INFO  s.d.s.w.r.o.CachingOperationNameGenerator -
				Generating unique operation named: saveBankUsingPOST_3
2025-02-17 18:00:57 [restartedMain] INFO  s.d.s.w.r.o.CachingOperationNameGenerator -
				Generating unique operation named: updateUsingPUT_324
2025-02-17 18:00:57 [restartedMain] INFO  s.d.s.w.r.o.CachingOperationNameGenerator -
				Generating unique operation named: activateUsingDELETE_125
2025-02-17 18:00:57 [restartedMain] INFO  s.d.s.w.r.o.CachingOperationNameGenerator -
				Generating unique operation named: createBankGroupUsingPOST_1
2025-02-17 18:00:57 [restartedMain] INFO  s.d.s.w.r.o.CachingOperationNameGenerator -
				Generating unique operation named: deactivateUsingDELETE_125
2025-02-17 18:00:57 [restartedMain] INFO  s.d.s.w.r.o.CachingOperationNameGenerator -
				Generating unique operation named: getUsingGET_359
2025-02-17 18:00:57 [restartedMain] INFO  s.d.s.w.r.o.CachingOperationNameGenerator -
				Generating unique operation named: getAllDeptUsingGET_32
2025-02-17 18:00:57 [restartedMain] INFO  s.d.s.w.r.o.CachingOperationNameGenerator -
				Generating unique operation named: listAllUsingGET_295
2025-02-17 18:00:57 [restartedMain] INFO  s.d.s.w.r.o.CachingOperationNameGenerator -
				Generating unique operation named: updateBankGroupUsingPUT_1
2025-02-17 18:00:57 [restartedMain] INFO  s.d.s.w.r.o.CachingOperationNameGenerator -
				Generating unique operation named: allBoardReceivedAmountDetailsUsingGET_1
2025-02-17 18:00:57 [restartedMain] INFO  s.d.s.w.r.o.CachingOperationNameGenerator -
				Generating unique operation named: saveBoardReceivedAmountUsingPOST_1
2025-02-17 18:00:57 [restartedMain] INFO  s.d.s.w.r.o.CachingOperationNameGenerator -
				Generating unique operation named: saveUsingPOST_1
2025-02-17 18:00:57 [restartedMain] INFO  s.d.s.w.r.o.CachingOperationNameGenerator -
				Generating unique operation named: updateUsingPUT_325
2025-02-17 18:00:57 [restartedMain] INFO  s.d.s.w.r.o.CachingOperationNameGenerator -
				Generating unique operation named: activateUsingDELETE_126
2025-02-17 18:00:57 [restartedMain] INFO  s.d.s.w.r.o.CachingOperationNameGenerator -
				Generating unique operation named: createBudgetUsingPOST_1
2025-02-17 18:00:57 [restartedMain] INFO  s.d.s.w.r.o.CachingOperationNameGenerator -
				Generating unique operation named: deactivateUsingDELETE_126
2025-02-17 18:00:57 [restartedMain] INFO  s.d.s.w.r.o.CachingOperationNameGenerator -
				Generating unique operation named: getUsingGET_360
2025-02-17 18:00:57 [restartedMain] INFO  s.d.s.w.r.o.CachingOperationNameGenerator -
				Generating unique operation named: getAllBudgetUsingGET_1
2025-02-17 18:00:57 [restartedMain] INFO  s.d.s.w.r.o.CachingOperationNameGenerator -
				Generating unique operation named: getAllBudgetDetailsDataUsingGET_1
2025-02-17 18:00:57 [restartedMain] INFO  s.d.s.w.r.o.CachingOperationNameGenerator -
				Generating unique operation named: getAllDeptUsingGET_33
2025-02-17 18:00:57 [restartedMain] INFO  s.d.s.w.r.o.CachingOperationNameGenerator -
				Generating unique operation named: getDeptDetailsBasedOnSchoolIdUsingGET_1
2025-02-17 18:00:57 [restartedMain] INFO  s.d.s.w.r.o.CachingOperationNameGenerator -
				Generating unique operation named: getVoucherHeadDataBasedOnBudgetUsingGET_1
2025-02-17 18:00:57 [restartedMain] INFO  s.d.s.w.r.o.CachingOperationNameGenerator -
				Generating unique operation named: updateUsingPUT_326
2025-02-17 18:00:57 [restartedMain] INFO  s.d.s.w.r.o.CachingOperationNameGenerator -
				Generating unique operation named: updateBudgetStatusUsingPUT_1
2025-02-17 18:00:57 [restartedMain] INFO  s.d.s.w.r.o.CachingOperationNameGenerator -
				Generating unique operation named: activateFeeReceiptUsingDELETE_2
2025-02-17 18:00:57 [restartedMain] INFO  s.d.s.w.r.o.CachingOperationNameGenerator -
				Generating unique operation named: cancelBulkFeeReceiptUsingPOST_1
2025-02-17 18:00:57 [restartedMain] INFO  s.d.s.w.r.o.CachingOperationNameGenerator -
				Generating unique operation named: deleteUsingDELETE_230
2025-02-17 18:00:57 [restartedMain] INFO  s.d.s.w.r.o.CachingOperationNameGenerator -
				Generating unique operation named: getActiveBullFeeReceiptUsingGET_1
2025-02-17 18:00:57 [restartedMain] INFO  s.d.s.w.r.o.CachingOperationNameGenerator -
				Generating unique operation named: getDataForDisplayingBulkFeeReceiptUsingGET_1
2025-02-17 18:00:57 [restartedMain] INFO  s.d.s.w.r.o.CachingOperationNameGenerator -
				Generating unique operation named: getDataForDisplayingBulkFeeReceiptAndCancelUsingGET_1
2025-02-17 18:00:57 [restartedMain] INFO  s.d.s.w.r.o.CachingOperationNameGenerator -
				Generating unique operation named: getDataForDisplayingBulkFeeReceiptByAuidUsingGET_1
2025-02-17 18:00:57 [restartedMain] INFO  s.d.s.w.r.o.CachingOperationNameGenerator -
				Generating unique operation named: getFeeReceiptByIdUsingGET_2
2025-02-17 18:00:57 [restartedMain] INFO  s.d.s.w.r.o.CachingOperationNameGenerator -
				Generating unique operation named: saveBulkFeeReceiptUsingPOST_1
2025-02-17 18:00:57 [restartedMain] INFO  s.d.s.w.r.o.CachingOperationNameGenerator -
				Generating unique operation named: updateFeeReceiptUsingPUT_2
2025-02-17 18:00:57 [restartedMain] INFO  s.d.s.w.r.o.CachingOperationNameGenerator -
				Generating unique operation named: fetchAllCancelledReceiptsUsingGET_1
2025-02-17 18:00:57 [restartedMain] INFO  s.d.s.w.r.o.CachingOperationNameGenerator -
				Generating unique operation named: CancelledTallyReceiptUsingGET_1
2025-02-17 18:00:57 [restartedMain] INFO  s.d.s.w.r.o.CachingOperationNameGenerator -
				Generating unique operation named: activateUsingDELETE_127
2025-02-17 18:00:57 [restartedMain] INFO  s.d.s.w.r.o.CachingOperationNameGenerator -
				Generating unique operation named: createCmaFeeReceiptUsingPOST_1
2025-02-17 18:00:57 [restartedMain] INFO  s.d.s.w.r.o.CachingOperationNameGenerator -
				Generating unique operation named: createMultipleCmaFeeReceiptUsingPOST_1
2025-02-17 18:00:57 [restartedMain] INFO  s.d.s.w.r.o.CachingOperationNameGenerator -
				Generating unique operation named: deactivateUsingDELETE_127
2025-02-17 18:00:57 [restartedMain] INFO  s.d.s.w.r.o.CachingOperationNameGenerator -
				Generating unique operation named: getUsingGET_361
2025-02-17 18:00:57 [restartedMain] INFO  s.d.s.w.r.o.CachingOperationNameGenerator -
				Generating unique operation named: getAllCmaFeeReceiptUsingGET_1
2025-02-17 18:00:57 [restartedMain] INFO  s.d.s.w.r.o.CachingOperationNameGenerator -
				Generating unique operation named: getAllDeptUsingGET_34
2025-02-17 18:00:57 [restartedMain] INFO  s.d.s.w.r.o.CachingOperationNameGenerator -
				Generating unique operation named: getCmaFeeReceiptByReceiptIdUsingGET_1
2025-02-17 18:00:57 [restartedMain] INFO  s.d.s.w.r.o.CachingOperationNameGenerator -
				Generating unique operation named: getUniformFeeReceiptByReceiptIdUsingGET_1
2025-02-17 18:00:57 [restartedMain] INFO  s.d.s.w.r.o.CachingOperationNameGenerator -
				Generating unique operation named: updateCmaFeeReceiptUsingPUT_1
2025-02-17 18:00:57 [restartedMain] INFO  s.d.s.w.r.o.CachingOperationNameGenerator -
				Generating unique operation named: deleteUsingDELETE_231
2025-02-17 18:00:57 [restartedMain] INFO  s.d.s.w.r.o.CachingOperationNameGenerator -
				Generating unique operation named: delete1UsingDELETE_180
2025-02-17 18:00:57 [restartedMain] INFO  s.d.s.w.r.o.CachingOperationNameGenerator -
				Generating unique operation named: getUsingGET_362
2025-02-17 18:00:57 [restartedMain] INFO  s.d.s.w.r.o.CachingOperationNameGenerator -
				Generating unique operation named: listAllUsingGET_296
2025-02-17 18:00:57 [restartedMain] INFO  s.d.s.w.r.o.CachingOperationNameGenerator -
				Generating unique operation named: listAll1UsingGET_136
2025-02-17 18:00:57 [restartedMain] INFO  s.d.s.w.r.o.CachingOperationNameGenerator -
				Generating unique operation named: saveCurrencyTypeUsingPOST_1
2025-02-17 18:00:57 [restartedMain] INFO  s.d.s.w.r.o.CachingOperationNameGenerator -
				Generating unique operation named: updateUsingPUT_327
2025-02-17 18:00:57 [restartedMain] INFO  s.d.s.w.r.o.CachingOperationNameGenerator -
				Generating unique operation named: delete1UsingDELETE_181
2025-02-17 18:00:57 [restartedMain] INFO  s.d.s.w.r.o.CachingOperationNameGenerator -
				Generating unique operation named: delete2UsingDELETE_6
2025-02-17 18:00:57 [restartedMain] INFO  s.d.s.w.r.o.CachingOperationNameGenerator -
				Generating unique operation named: getActiveDetailsUsingGET_5
2025-02-17 18:00:57 [restartedMain] INFO  s.d.s.w.r.o.CachingOperationNameGenerator -
				Generating unique operation named: getAllDdDetailsUsingGET_2
2025-02-17 18:00:57 [restartedMain] INFO  s.d.s.w.r.o.CachingOperationNameGenerator -
				Generating unique operation named: getDdDetailsbyIdUsingGET_1
2025-02-17 18:00:57 [restartedMain] INFO  s.d.s.w.r.o.CachingOperationNameGenerator -
				Generating unique operation named: saveDdDetailsUsingPOST_1
2025-02-17 18:00:57 [restartedMain] INFO  s.d.s.w.r.o.CachingOperationNameGenerator -
				Generating unique operation named: updateDdDetailsUsingPUT_1
2025-02-17 18:00:57 [restartedMain] INFO  s.d.s.w.r.o.CachingOperationNameGenerator -
				Generating unique operation named: deleteUsingDELETE_232
2025-02-17 18:00:57 [restartedMain] INFO  s.d.s.w.r.o.CachingOperationNameGenerator -
				Generating unique operation named: delete1UsingDELETE_182
2025-02-17 18:00:57 [restartedMain] INFO  s.d.s.w.r.o.CachingOperationNameGenerator -
				Generating unique operation named: dollarToInrConversionUsingPOST_1
2025-02-17 18:00:57 [restartedMain] INFO  s.d.s.w.r.o.CachingOperationNameGenerator -
				Generating unique operation named: getUsingGET_363
2025-02-17 18:00:57 [restartedMain] INFO  s.d.s.w.r.o.CachingOperationNameGenerator -
				Generating unique operation named: listAllUsingGET_297
2025-02-17 18:00:57 [restartedMain] INFO  s.d.s.w.r.o.CachingOperationNameGenerator -
				Generating unique operation named: listAll1UsingGET_137
2025-02-17 18:00:57 [restartedMain] INFO  s.d.s.w.r.o.CachingOperationNameGenerator -
				Generating unique operation named: updateUsingPUT_328
2025-02-17 18:00:57 [restartedMain] INFO  s.d.s.w.r.o.CachingOperationNameGenerator -
				Generating unique operation named: activateUsingDELETE_128
2025-02-17 18:00:57 [restartedMain] INFO  s.d.s.w.r.o.CachingOperationNameGenerator -
				Generating unique operation named: deactivateUsingDELETE_128
2025-02-17 18:00:57 [restartedMain] INFO  s.d.s.w.r.o.CachingOperationNameGenerator -
				Generating unique operation named: deleteDraftPaymentVoucherUsingDELETE_2
2025-02-17 18:00:57 [restartedMain] INFO  s.d.s.w.r.o.CachingOperationNameGenerator -
				Generating unique operation named: getUsingGET_364
2025-02-17 18:00:57 [restartedMain] INFO  s.d.s.w.r.o.CachingOperationNameGenerator -
				Generating unique operation named: getAllJournalVoucherUsingGET_2
2025-02-17 18:00:57 [restartedMain] INFO  s.d.s.w.r.o.CachingOperationNameGenerator -
				Generating unique operation named: getDraftJournalVoucherDataUsingGET_1
2025-02-17 18:00:57 [restartedMain] INFO  s.d.s.w.r.o.CachingOperationNameGenerator -
				Generating unique operation named: getdraftJournalVoucherAttachmentByVoucherNoUsingGET_1
2025-02-17 18:00:57 [restartedMain] INFO  s.d.s.w.r.o.CachingOperationNameGenerator -
				Generating unique operation named: listAllUsingGET_298
2025-02-17 18:00:57 [restartedMain] INFO  s.d.s.w.r.o.CachingOperationNameGenerator -
				Generating unique operation named: saveJournalVoucherUsingPOST_2
2025-02-17 18:00:57 [restartedMain] INFO  s.d.s.w.r.o.CachingOperationNameGenerator -
				Generating unique operation named: updateUsingPUT_329
2025-02-17 18:00:57 [restartedMain] INFO  s.d.s.w.r.o.CachingOperationNameGenerator -
				Generating unique operation named: uploadFileUsingPOST_45
2025-02-17 18:00:57 [restartedMain] INFO  s.d.s.w.r.o.CachingOperationNameGenerator -
				Generating unique operation named: viewFilesUsingGET_45
2025-02-17 18:00:57 [restartedMain] INFO  s.d.s.w.r.o.CachingOperationNameGenerator -
				Generating unique operation named: activateUsingDELETE_129
2025-02-17 18:00:57 [restartedMain] INFO  s.d.s.w.r.o.CachingOperationNameGenerator -
				Generating unique operation named: deactivateUsingDELETE_129
2025-02-17 18:00:57 [restartedMain] INFO  s.d.s.w.r.o.CachingOperationNameGenerator -
				Generating unique operation named: deleteDraftPaymentVoucherUsingDELETE_3
2025-02-17 18:00:57 [restartedMain] INFO  s.d.s.w.r.o.CachingOperationNameGenerator -
				Generating unique operation named: getUsingGET_365
2025-02-17 18:00:57 [restartedMain] INFO  s.d.s.w.r.o.CachingOperationNameGenerator -
				Generating unique operation named: getAllExamDetailsUsingGET_3
2025-02-17 18:00:57 [restartedMain] INFO  s.d.s.w.r.o.CachingOperationNameGenerator -
				Generating unique operation named: getDraftPaymentVoucherDataUsingGET_1
2025-02-17 18:00:57 [restartedMain] INFO  s.d.s.w.r.o.CachingOperationNameGenerator -
				Generating unique operation named: listAllUsingGET_299
2025-02-17 18:00:57 [restartedMain] INFO  s.d.s.w.r.o.CachingOperationNameGenerator -
				Generating unique operation named: saveDraftPaymentVoucherUsingPOST_1
2025-02-17 18:00:57 [restartedMain] INFO  s.d.s.w.r.o.CachingOperationNameGenerator -
				Generating unique operation named: updateUsingPUT_330
2025-02-17 18:00:57 [restartedMain] INFO  s.d.s.w.r.o.CachingOperationNameGenerator -
				Generating unique operation named: uploadFileUsingPOST_46
2025-02-17 18:00:57 [restartedMain] INFO  s.d.s.w.r.o.CachingOperationNameGenerator -
				Generating unique operation named: viewFilesUsingGET_46
2025-02-17 18:00:57 [restartedMain] INFO  s.d.s.w.r.o.CachingOperationNameGenerator -
				Generating unique operation named: activateUsingDELETE_130
2025-02-17 18:00:57 [restartedMain] INFO  s.d.s.w.r.o.CachingOperationNameGenerator -
				Generating unique operation named: deactivateUsingDELETE_130
2025-02-17 18:00:57 [restartedMain] INFO  s.d.s.w.r.o.CachingOperationNameGenerator -
				Generating unique operation named: fetchAllAdministrationEmailIdsDetailUsingGET_23
2025-02-17 18:00:57 [restartedMain] INFO  s.d.s.w.r.o.CachingOperationNameGenerator -
				Generating unique operation named: getUsingGET_366
2025-02-17 18:00:57 [restartedMain] INFO  s.d.s.w.r.o.CachingOperationNameGenerator -
				Generating unique operation named: getAllActiveEnvBillDetailsUsingGET_1
2025-02-17 18:00:57 [restartedMain] INFO  s.d.s.w.r.o.CachingOperationNameGenerator -
				Generating unique operation named: getEnvBillDetailsdataUsingGET_1
2025-02-17 18:00:57 [restartedMain] INFO  s.d.s.w.r.o.CachingOperationNameGenerator -
				Generating unique operation named: saveEnvBillDetailsUsingPOST_1
2025-02-17 18:00:57 [restartedMain] INFO  s.d.s.w.r.o.CachingOperationNameGenerator -
				Generating unique operation named: updateEnvBillDetailsUsingPUT_1
2025-02-17 18:00:57 [restartedMain] INFO  s.d.s.w.r.o.CachingOperationNameGenerator -
				Generating unique operation named: uploadFileUsingPOST_47
2025-02-17 18:00:57 [restartedMain] INFO  s.d.s.w.r.o.CachingOperationNameGenerator -
				Generating unique operation named: viewFilesUsingGET_47
2025-02-17 18:00:57 [restartedMain] INFO  s.d.s.w.r.o.CachingOperationNameGenerator -
				Generating unique operation named: createExamFeeReceiptUsingPOST_1
2025-02-17 18:00:57 [restartedMain] INFO  s.d.s.w.r.o.CachingOperationNameGenerator -
				Generating unique operation named: getExamFeeReceiptUsingGET_1
2025-02-17 18:00:57 [restartedMain] INFO  s.d.s.w.r.o.CachingOperationNameGenerator -
				Generating unique operation named: getExamFeeReceiptForRceiptByFeeRceiptIdUsingGET_1
2025-02-17 18:00:57 [restartedMain] INFO  s.d.s.w.r.o.CachingOperationNameGenerator -
				Generating unique operation named: deleteUsingDELETE_233
2025-02-17 18:00:57 [restartedMain] INFO  s.d.s.w.r.o.CachingOperationNameGenerator -
				Generating unique operation named: delete1UsingDELETE_183
2025-02-17 18:00:57 [restartedMain] INFO  s.d.s.w.r.o.CachingOperationNameGenerator -
				Generating unique operation named: getUsingGET_367
2025-02-17 18:00:57 [restartedMain] INFO  s.d.s.w.r.o.CachingOperationNameGenerator -
				Generating unique operation named: listAllUsingGET_300
2025-02-17 18:00:57 [restartedMain] INFO  s.d.s.w.r.o.CachingOperationNameGenerator -
				Generating unique operation named: listAll1UsingGET_138
2025-02-17 18:00:57 [restartedMain] INFO  s.d.s.w.r.o.CachingOperationNameGenerator -
				Generating unique operation named: saveSubjectTypeUsingPOST_32
2025-02-17 18:00:57 [restartedMain] INFO  s.d.s.w.r.o.CachingOperationNameGenerator -
				Generating unique operation named: updateUsingPUT_331
2025-02-17 18:00:57 [restartedMain] INFO  s.d.s.w.r.o.CachingOperationNameGenerator -
				Generating unique operation named: createFeePaymentWindowUsingPOST_1
2025-02-17 18:00:57 [restartedMain] INFO  s.d.s.w.r.o.CachingOperationNameGenerator -
				Generating unique operation named: feePaymentDetailsForExamFeeByStudetIdUsingGET_1
2025-02-17 18:00:57 [restartedMain] INFO  s.d.s.w.r.o.CachingOperationNameGenerator -
				Generating unique operation named: feePaymentDetailsForPaymentUsingGET_1
2025-02-17 18:00:57 [restartedMain] INFO  s.d.s.w.r.o.CachingOperationNameGenerator -
				Generating unique operation named: getUsingGET_368
2025-02-17 18:00:57 [restartedMain] INFO  s.d.s.w.r.o.CachingOperationNameGenerator -
				Generating unique operation named: getAllDdDetailsUsingGET_3
2025-02-17 18:00:57 [restartedMain] INFO  s.d.s.w.r.o.CachingOperationNameGenerator -
				Generating unique operation named: getFeePaymentWindowBasedOnUserIdUsingGET_1
2025-02-17 18:00:57 [restartedMain] INFO  s.d.s.w.r.o.CachingOperationNameGenerator -
				Generating unique operation named: getvoucherHeadDetailsBasedOnSchoolIdUsingGET_1
2025-02-17 18:00:57 [restartedMain] INFO  s.d.s.w.r.o.CachingOperationNameGenerator -
				Generating unique operation named: updateFeePaymentWindowUsingPUT_1
2025-02-17 18:00:57 [restartedMain] INFO  s.d.s.w.r.o.CachingOperationNameGenerator -
				Generating unique operation named: uploadFileUsingPOST_48
2025-02-17 18:00:57 [restartedMain] INFO  s.d.s.w.r.o.CachingOperationNameGenerator -
				Generating unique operation named: viewFilesUsingGET_48
2025-02-17 18:00:57 [restartedMain] INFO  s.d.s.w.r.o.CachingOperationNameGenerator -
				Generating unique operation named: activateFeeReceiptUsingDELETE_3
2025-02-17 18:00:57 [restartedMain] INFO  s.d.s.w.r.o.CachingOperationNameGenerator -
				Generating unique operation named: cancelFeeReceipt1UsingPOST_1
2025-02-17 18:00:57 [restartedMain] INFO  s.d.s.w.r.o.CachingOperationNameGenerator -
				Generating unique operation named: changeOfCourseFeePaidStatusByStudentIdUsingGET_1
2025-02-17 18:00:57 [restartedMain] INFO  s.d.s.w.r.o.CachingOperationNameGenerator -
				Generating unique operation named: checkDuesOnSemForGeneratingNoDuesUsingGET_1
2025-02-17 18:00:57 [restartedMain] INFO  s.d.s.w.r.o.CachingOperationNameGenerator -
				Generating unique operation named: cmaDueAmountCalculationOnYearWiseForFeeReceiptUsingGET_1
2025-02-17 18:00:57 [restartedMain] INFO  s.d.s.w.r.o.CachingOperationNameGenerator -
				Generating unique operation named: deleteUsingDELETE_234
2025-02-17 18:00:57 [restartedMain] INFO  s.d.s.w.r.o.CachingOperationNameGenerator -
				Generating unique operation named: dueAmountCalculationOnVocherHeadWiseAndYearWiseForFeeReceiptUsingGET_1
2025-02-17 18:00:57 [restartedMain] INFO  s.d.s.w.r.o.CachingOperationNameGenerator -
				Generating unique operation named: feeReceiptByStudenIdUsingGET_1
2025-02-17 18:00:57 [restartedMain] INFO  s.d.s.w.r.o.CachingOperationNameGenerator -
				Generating unique operation named: feeReceiptTransferUsingPUT_1
2025-02-17 18:00:57 [restartedMain] INFO  s.d.s.w.r.o.CachingOperationNameGenerator -
				Generating unique operation named: fetchAllFeeReceiptUsingGET_1
2025-02-17 18:00:57 [restartedMain] INFO  s.d.s.w.r.o.CachingOperationNameGenerator -
				Generating unique operation named: getActiveFeeReceiptUsingGET_1
2025-02-17 18:00:57 [restartedMain] INFO  s.d.s.w.r.o.CachingOperationNameGenerator -
				Generating unique operation named: getAllDataOfFeeReceiptForFormatingUsingGET_1
2025-02-17 18:00:57 [restartedMain] INFO  s.d.s.w.r.o.CachingOperationNameGenerator -
				Generating unique operation named: getAllFeeReceiptUsingGET_2
2025-02-17 18:00:57 [restartedMain] INFO  s.d.s.w.r.o.CachingOperationNameGenerator -
				Generating unique operation named: getDataForDisplayingAndCancelFeeReceiptUsingGET_1
2025-02-17 18:00:57 [restartedMain] INFO  s.d.s.w.r.o.CachingOperationNameGenerator -
				Generating unique operation named: getDataForDisplayingFeeReceiptUsingGET_1
2025-02-17 18:00:57 [restartedMain] INFO  s.d.s.w.r.o.CachingOperationNameGenerator -
				Generating unique operation named: getFeeReceiptByIdUsingGET_3
2025-02-17 18:00:57 [restartedMain] INFO  s.d.s.w.r.o.CachingOperationNameGenerator -
				Generating unique operation named: getFeeReceiptDetailsUsingGET_1
2025-02-17 18:00:57 [restartedMain] INFO  s.d.s.w.r.o.CachingOperationNameGenerator -
				Generating unique operation named: getFeeReceiptDetailsDataUsingGET_1
2025-02-17 18:00:57 [restartedMain] INFO  s.d.s.w.r.o.CachingOperationNameGenerator -
				Generating unique operation named: getFeeReceipyWiseAndUserWiseDataUsingGET_1
2025-02-17 18:00:57 [restartedMain] INFO  s.d.s.w.r.o.CachingOperationNameGenerator -
				Generating unique operation named: hostelBulkFeeReceiptDetailsByFeeReceiptIdUsingGET_1
2025-02-17 18:00:57 [restartedMain] INFO  s.d.s.w.r.o.CachingOperationNameGenerator -
				Generating unique operation named: hostelDueCalculationVocherHeadWiseUsingGET_1
2025-02-17 18:00:57 [restartedMain] INFO  s.d.s.w.r.o.CachingOperationNameGenerator -
				Generating unique operation named: hostelFeeReceiptDetailsByFeeReceiptIdUsingGET_1
2025-02-17 18:00:57 [restartedMain] INFO  s.d.s.w.r.o.CachingOperationNameGenerator -
				Generating unique operation named: saveFeeReceiptUsingPOST_1
2025-02-17 18:00:57 [restartedMain] INFO  s.d.s.w.r.o.CachingOperationNameGenerator -
				Generating unique operation named: uniformAndStationaryDueAmountCalculationOnYearWiseForFeeReceiptUsingGET_1
2025-02-17 18:00:57 [restartedMain] INFO  s.d.s.w.r.o.CachingOperationNameGenerator -
				Generating unique operation named: updateFeeReceiptUsingPUT_3
2025-02-17 18:00:57 [restartedMain] INFO  s.d.s.w.r.o.CachingOperationNameGenerator -
				Generating unique operation named: updationOfBankTransactionHistoryIdUsingPUT_1
2025-02-17 18:00:57 [restartedMain] INFO  s.d.s.w.r.o.CachingOperationNameGenerator -
				Generating unique operation named: FetchFeeTemplateDetailsByFeeTemplateIdUsingGET_1
2025-02-17 18:00:57 [restartedMain] INFO  s.d.s.w.r.o.CachingOperationNameGenerator -
				Generating unique operation named: FetchStudentDetailsByFeeTemplateIdUsingGET_1
2025-02-17 18:00:57 [restartedMain] INFO  s.d.s.w.r.o.CachingOperationNameGenerator -
				Generating unique operation named: copyFeeTemplatesUsingPOST_1
2025-02-17 18:00:57 [restartedMain] INFO  s.d.s.w.r.o.CachingOperationNameGenerator -
				Generating unique operation named: countRecordsUsingGET_5
2025-02-17 18:00:57 [restartedMain] INFO  s.d.s.w.r.o.CachingOperationNameGenerator -
				Generating unique operation named: deleteUsingDELETE_235
2025-02-17 18:00:57 [restartedMain] INFO  s.d.s.w.r.o.CachingOperationNameGenerator -
				Generating unique operation named: delete1UsingDELETE_184
2025-02-17 18:00:57 [restartedMain] INFO  s.d.s.w.r.o.CachingOperationNameGenerator -
				Generating unique operation named: delete2UsingDELETE_7
2025-02-17 18:00:57 [restartedMain] INFO  s.d.s.w.r.o.CachingOperationNameGenerator -
				Generating unique operation named: fetchUsingGET_3
2025-02-17 18:00:57 [restartedMain] INFO  s.d.s.w.r.o.CachingOperationNameGenerator -
				Generating unique operation named: fetch2UsingGET_2
2025-02-17 18:00:57 [restartedMain] INFO  s.d.s.w.r.o.CachingOperationNameGenerator -
				Generating unique operation named: fetch3UsingGET_1
2025-02-17 18:00:57 [restartedMain] INFO  s.d.s.w.r.o.CachingOperationNameGenerator -
				Generating unique operation named: fetch4UsingGET_1
2025-02-17 18:00:57 [restartedMain] INFO  s.d.s.w.r.o.CachingOperationNameGenerator -
				Generating unique operation named: fetchCountOfStudentDetailsByFeeTemplateIdUsingGET_1
2025-02-17 18:00:57 [restartedMain] INFO  s.d.s.w.r.o.CachingOperationNameGenerator -
				Generating unique operation named: getUsingGET_369
2025-02-17 18:00:57 [restartedMain] INFO  s.d.s.w.r.o.CachingOperationNameGenerator -
				Generating unique operation named: getFeeTemplateDetailsDataUsingGET_1
2025-02-17 18:00:57 [restartedMain] INFO  s.d.s.w.r.o.CachingOperationNameGenerator -
				Generating unique operation named: listAllUsingGET_301
2025-02-17 18:00:57 [restartedMain] INFO  s.d.s.w.r.o.CachingOperationNameGenerator -
				Generating unique operation named: listAll1UsingGET_139
2025-02-17 18:00:57 [restartedMain] INFO  s.d.s.w.r.o.CachingOperationNameGenerator -
				Generating unique operation named: listAll2UsingGET_3
2025-02-17 18:00:57 [restartedMain] INFO  s.d.s.w.r.o.CachingOperationNameGenerator -
				Generating unique operation named: listAllAcYearIdUsingGET_1
2025-02-17 18:00:57 [restartedMain] INFO  s.d.s.w.r.o.CachingOperationNameGenerator -
				Generating unique operation named: saveFeeTemplateUsingPOST_2
2025-02-17 18:00:57 [restartedMain] INFO  s.d.s.w.r.o.CachingOperationNameGenerator -
				Generating unique operation named: saveFeeTemplateUsingPOST_3
2025-02-17 18:00:57 [restartedMain] INFO  s.d.s.w.r.o.CachingOperationNameGenerator -
				Generating unique operation named: updateUsingPUT_332
2025-02-17 18:00:57 [restartedMain] INFO  s.d.s.w.r.o.CachingOperationNameGenerator -
				Generating unique operation named: updatesUsingPUT_2
2025-02-17 18:00:57 [restartedMain] INFO  s.d.s.w.r.o.CachingOperationNameGenerator -
				Generating unique operation named: uploadFileUsingPOST_49
2025-02-17 18:00:57 [restartedMain] INFO  s.d.s.w.r.o.CachingOperationNameGenerator -
				Generating unique operation named: viewFilesUsingGET_49
2025-02-17 18:00:57 [restartedMain] INFO  s.d.s.w.r.o.CachingOperationNameGenerator -
				Generating unique operation named: fetch1UsingGET_5
2025-02-17 18:00:57 [restartedMain] INFO  s.d.s.w.r.o.CachingOperationNameGenerator -
				Generating unique operation named: getUsingGET_370
2025-02-17 18:00:57 [restartedMain] INFO  s.d.s.w.r.o.CachingOperationNameGenerator -
				Generating unique operation named: listAllUsingGET_302
2025-02-17 18:00:57 [restartedMain] INFO  s.d.s.w.r.o.CachingOperationNameGenerator -
				Generating unique operation named: activateUsingDELETE_131
2025-02-17 18:00:57 [restartedMain] INFO  s.d.s.w.r.o.CachingOperationNameGenerator -
				Generating unique operation named: deactivateUsingDELETE_131
2025-02-17 18:00:57 [restartedMain] INFO  s.d.s.w.r.o.CachingOperationNameGenerator -
				Generating unique operation named: getUsingGET_371
2025-02-17 18:00:57 [restartedMain] INFO  s.d.s.w.r.o.CachingOperationNameGenerator -
				Generating unique operation named: getFeeTemplateRemarksDetailsUsingGET_1
2025-02-17 18:00:57 [restartedMain] INFO  s.d.s.w.r.o.CachingOperationNameGenerator -
				Generating unique operation named: listAllUsingGET_303
2025-02-17 18:00:57 [restartedMain] INFO  s.d.s.w.r.o.CachingOperationNameGenerator -
				Generating unique operation named: saveFeeTemplateRemarksUsingPOST_1
2025-02-17 18:00:57 [restartedMain] INFO  s.d.s.w.r.o.CachingOperationNameGenerator -
				Generating unique operation named: updateFeeTemplateRemarksUsingPUT_1
2025-02-17 18:00:57 [restartedMain] INFO  s.d.s.w.r.o.CachingOperationNameGenerator -
				Generating unique operation named: deleteUsingDELETE_236
2025-02-17 18:00:57 [restartedMain] INFO  s.d.s.w.r.o.CachingOperationNameGenerator -
				Generating unique operation named: fetch1UsingGET_6
2025-02-17 18:00:57 [restartedMain] INFO  s.d.s.w.r.o.CachingOperationNameGenerator -
				Generating unique operation named: fetch2UsingGET_3
2025-02-17 18:00:57 [restartedMain] INFO  s.d.s.w.r.o.CachingOperationNameGenerator -
				Generating unique operation named: getUsingGET_372
2025-02-17 18:00:57 [restartedMain] INFO  s.d.s.w.r.o.CachingOperationNameGenerator -
				Generating unique operation named: listAllUsingGET_304
2025-02-17 18:00:57 [restartedMain] INFO  s.d.s.w.r.o.CachingOperationNameGenerator -
				Generating unique operation named: saveFeeTemplateSubAmountUsingPOST_2
2025-02-17 18:00:57 [restartedMain] INFO  s.d.s.w.r.o.CachingOperationNameGenerator -
				Generating unique operation named: saveFeeTemplateSubAmountUsingPOST_3
2025-02-17 18:00:57 [restartedMain] INFO  s.d.s.w.r.o.CachingOperationNameGenerator -
				Generating unique operation named: saveFeeTemplateSubAmount2UsingPOST_1
2025-02-17 18:00:57 [restartedMain] INFO  s.d.s.w.r.o.CachingOperationNameGenerator -
				Generating unique operation named: updateUsingPUT_333
2025-02-17 18:00:57 [restartedMain] INFO  s.d.s.w.r.o.CachingOperationNameGenerator -
				Generating unique operation named: updateUsingPUT_334
2025-02-17 18:00:57 [restartedMain] INFO  s.d.s.w.r.o.CachingOperationNameGenerator -
				Generating unique operation named: update1UsingPUT_4
2025-02-17 18:00:57 [restartedMain] INFO  s.d.s.w.r.o.CachingOperationNameGenerator -
				Generating unique operation named: updatesUsingPUT_3
2025-02-17 18:00:57 [restartedMain] INFO  s.d.s.w.r.o.CachingOperationNameGenerator -
				Generating unique operation named: deleteUsingDELETE_237
2025-02-17 18:00:57 [restartedMain] INFO  s.d.s.w.r.o.CachingOperationNameGenerator -
				Generating unique operation named: getUsingGET_373
2025-02-17 18:00:57 [restartedMain] INFO  s.d.s.w.r.o.CachingOperationNameGenerator -
				Generating unique operation named: listAllUsingGET_305
2025-02-17 18:00:57 [restartedMain] INFO  s.d.s.w.r.o.CachingOperationNameGenerator -
				Generating unique operation named: listAll1UsingGET_140
2025-02-17 18:00:57 [restartedMain] INFO  s.d.s.w.r.o.CachingOperationNameGenerator -
				Generating unique operation named: saveFeeTemplateSubAmountHistoryUsingPOST_1
2025-02-17 18:00:57 [restartedMain] INFO  s.d.s.w.r.o.CachingOperationNameGenerator -
				Generating unique operation named: updateUsingPUT_335
2025-02-17 18:00:57 [restartedMain] INFO  s.d.s.w.r.o.CachingOperationNameGenerator -
				Generating unique operation named: getAllHostelDueUsingGET_1
2025-02-17 18:00:57 [restartedMain] INFO  s.d.s.w.r.o.CachingOperationNameGenerator -
				Generating unique operation named: getHostelDueReportByAcademicYearGroupedByBlockUsingGET_1
2025-02-17 18:00:57 [restartedMain] INFO  s.d.s.w.r.o.CachingOperationNameGenerator -
				Generating unique operation named: studentHostelDueUsingGET_1
2025-02-17 18:00:57 [restartedMain] INFO  s.d.s.w.r.o.CachingOperationNameGenerator -
				Generating unique operation named: countOfStudentBasedOnHostelFeeTemplateIdUsingGET_1
2025-02-17 18:00:57 [restartedMain] INFO  s.d.s.w.r.o.CachingOperationNameGenerator -
				Generating unique operation named: deleteUsingDELETE_238
2025-02-17 18:00:57 [restartedMain] INFO  s.d.s.w.r.o.CachingOperationNameGenerator -
				Generating unique operation named: delete1UsingDELETE_185
2025-02-17 18:00:57 [restartedMain] INFO  s.d.s.w.r.o.CachingOperationNameGenerator -
				Generating unique operation named: getUsingGET_374
2025-02-17 18:00:57 [restartedMain] INFO  s.d.s.w.r.o.CachingOperationNameGenerator -
				Generating unique operation named: getHostelFeeTemplateDetailsUsingGET_1
2025-02-17 18:00:57 [restartedMain] INFO  s.d.s.w.r.o.CachingOperationNameGenerator -
				Generating unique operation named: hostelFeeTemplateByAcademicYearAndSchoolUsingGET_1
2025-02-17 18:00:57 [restartedMain] INFO  s.d.s.w.r.o.CachingOperationNameGenerator -
				Generating unique operation named: hostemFeeTemplateIndexUsingGET_1
2025-02-17 18:00:57 [restartedMain] INFO  s.d.s.w.r.o.CachingOperationNameGenerator -
				Generating unique operation named: listAllUsingGET_306
2025-02-17 18:00:57 [restartedMain] INFO  s.d.s.w.r.o.CachingOperationNameGenerator -
				Generating unique operation named: listAll1UsingGET_141
2025-02-17 18:00:57 [restartedMain] INFO  s.d.s.w.r.o.CachingOperationNameGenerator -
				Generating unique operation named: saveSubjectTypeUsingPOST_33
2025-02-17 18:00:57 [restartedMain] INFO  s.d.s.w.r.o.CachingOperationNameGenerator -
				Generating unique operation named: updateUsingPUT_336
2025-02-17 18:00:57 [restartedMain] INFO  s.d.s.w.r.o.CachingOperationNameGenerator -
				Generating unique operation named: fetchAllHostelHeadWiseAmtDetailsUsingGET_2
2025-02-17 18:00:57 [restartedMain] INFO  s.d.s.w.r.o.CachingOperationNameGenerator -
				Generating unique operation named: getHostelFeeTemplateSlotsUsingGET_1
2025-02-17 18:00:57 [restartedMain] INFO  s.d.s.w.r.o.CachingOperationNameGenerator -
				Generating unique operation named: saveAcademicYearUsingPOST_11
2025-02-17 18:00:57 [restartedMain] INFO  s.d.s.w.r.o.CachingOperationNameGenerator -
				Generating unique operation named: fetchAllHostelHeadWiseAmtDetailsUsingGET_3
2025-02-17 18:00:57 [restartedMain] INFO  s.d.s.w.r.o.CachingOperationNameGenerator -
				Generating unique operation named: hostelHeadWiseAmtOnFeeTemplateIdUsingGET_1
2025-02-17 18:00:57 [restartedMain] INFO  s.d.s.w.r.o.CachingOperationNameGenerator -
				Generating unique operation named: saveHostelHeadWiseAmtUsingPOST_1
2025-02-17 18:00:57 [restartedMain] INFO  s.d.s.w.r.o.CachingOperationNameGenerator -
				Generating unique operation named: voucherHeadNewOnHostelStatusUsingGET_1
2025-02-17 18:00:57 [restartedMain] INFO  s.d.s.w.r.o.CachingOperationNameGenerator -
				Generating unique operation named: checkAuidWithTypeIsAlreadyPresentOrNotUsingGET_1
2025-02-17 18:00:57 [restartedMain] INFO  s.d.s.w.r.o.CachingOperationNameGenerator -
				Generating unique operation named: createHostelWaiverUsingPOST_1
2025-02-17 18:00:57 [restartedMain] INFO  s.d.s.w.r.o.CachingOperationNameGenerator -
				Generating unique operation named: deleteUsingDELETE_239
2025-02-17 18:00:57 [restartedMain] INFO  s.d.s.w.r.o.CachingOperationNameGenerator -
				Generating unique operation named: delete1UsingDELETE_186
2025-02-17 18:00:57 [restartedMain] INFO  s.d.s.w.r.o.CachingOperationNameGenerator -
				Generating unique operation named: downloadFileUsingGET_19
2025-02-17 18:00:57 [restartedMain] INFO  s.d.s.w.r.o.CachingOperationNameGenerator -
				Generating unique operation named: getUsingGET_375
2025-02-17 18:00:57 [restartedMain] INFO  s.d.s.w.r.o.CachingOperationNameGenerator -
				Generating unique operation named: get1UsingGET_7
2025-02-17 18:00:57 [restartedMain] INFO  s.d.s.w.r.o.CachingOperationNameGenerator -
				Generating unique operation named: getAllDataOfFeeReceiptForFormating1UsingGET_1
2025-02-17 18:00:57 [restartedMain] INFO  s.d.s.w.r.o.CachingOperationNameGenerator -
				Generating unique operation named: getAllHostelBlocksDetailsUsingGET_2
2025-02-17 18:00:57 [restartedMain] INFO  s.d.s.w.r.o.CachingOperationNameGenerator -
				Generating unique operation named: listAll1UsingGET_142
2025-02-17 18:00:57 [restartedMain] INFO  s.d.s.w.r.o.CachingOperationNameGenerator -
				Generating unique operation named: savehostelwaiverAttachmentsUsingPOST_3
2025-02-17 18:00:57 [restartedMain] INFO  s.d.s.w.r.o.CachingOperationNameGenerator -
				Generating unique operation named: updateUsingPUT_337
2025-02-17 18:00:57 [restartedMain] INFO  s.d.s.w.r.o.CachingOperationNameGenerator -
				Generating unique operation named: uploadFileUsingPOST_50
2025-02-17 18:00:57 [restartedMain] INFO  s.d.s.w.r.o.CachingOperationNameGenerator -
				Generating unique operation named: activateUsingDELETE_132
2025-02-17 18:00:57 [restartedMain] INFO  s.d.s.w.r.o.CachingOperationNameGenerator -
				Generating unique operation named: deactivateUsingDELETE_132
2025-02-17 18:00:57 [restartedMain] INFO  s.d.s.w.r.o.CachingOperationNameGenerator -
				Generating unique operation named: getUsingGET_376
2025-02-17 18:00:57 [restartedMain] INFO  s.d.s.w.r.o.CachingOperationNameGenerator -
				Generating unique operation named: getAllJournalVoucherUsingGET_3
2025-02-17 18:00:57 [restartedMain] INFO  s.d.s.w.r.o.CachingOperationNameGenerator -
				Generating unique operation named: getJournalVoucherByVoucherNumberUsingGET_1
2025-02-17 18:00:57 [restartedMain] INFO  s.d.s.w.r.o.CachingOperationNameGenerator -
				Generating unique operation named: getJournalVoucherDataUsingGET_1
2025-02-17 18:00:57 [restartedMain] INFO  s.d.s.w.r.o.CachingOperationNameGenerator -
				Generating unique operation named: getjournalVoucherAttachmentByVoucherNoUsingGET_1
2025-02-17 18:00:57 [restartedMain] INFO  s.d.s.w.r.o.CachingOperationNameGenerator -
				Generating unique operation named: journalVoucherCreationByMonthAndYearUsingPOST_1
2025-02-17 18:00:57 [restartedMain] INFO  s.d.s.w.r.o.CachingOperationNameGenerator -
				Generating unique operation named: journalVoucherFileDownloadUsingGET_1
2025-02-17 18:00:57 [restartedMain] INFO  s.d.s.w.r.o.CachingOperationNameGenerator -
				Generating unique operation named: listAllUsingGET_307
2025-02-17 18:00:57 [restartedMain] INFO  s.d.s.w.r.o.CachingOperationNameGenerator -
				Generating unique operation named: saveJournalVoucherUsingPOST_3
2025-02-17 18:00:57 [restartedMain] INFO  s.d.s.w.r.o.CachingOperationNameGenerator -
				Generating unique operation named: updateUsingPUT_338
2025-02-17 18:00:57 [restartedMain] INFO  s.d.s.w.r.o.CachingOperationNameGenerator -
				Generating unique operation named: uploadFileUsingPOST_51
2025-02-17 18:00:57 [restartedMain] INFO  s.d.s.w.r.o.CachingOperationNameGenerator -
				Generating unique operation named: CountLedgerByGroupIdUsingGET_1
2025-02-17 18:00:57 [restartedMain] INFO  s.d.s.w.r.o.CachingOperationNameGenerator -
				Generating unique operation named: deleteUsingDELETE_240
2025-02-17 18:00:57 [restartedMain] INFO  s.d.s.w.r.o.CachingOperationNameGenerator -
				Generating unique operation named: delete1UsingDELETE_187
2025-02-17 18:00:57 [restartedMain] INFO  s.d.s.w.r.o.CachingOperationNameGenerator -
				Generating unique operation named: getUsingGET_377
2025-02-17 18:00:57 [restartedMain] INFO  s.d.s.w.r.o.CachingOperationNameGenerator -
				Generating unique operation named: getLedgerByGroupIdUsingGET_1
2025-02-17 18:00:57 [restartedMain] INFO  s.d.s.w.r.o.CachingOperationNameGenerator -
				Generating unique operation named: listAllUsingGET_308
2025-02-17 18:00:57 [restartedMain] INFO  s.d.s.w.r.o.CachingOperationNameGenerator -
				Generating unique operation named: listAll1UsingGET_143
2025-02-17 18:00:57 [restartedMain] INFO  s.d.s.w.r.o.CachingOperationNameGenerator -
				Generating unique operation named: saveLedgerUsingPOST_2
2025-02-17 18:00:57 [restartedMain] INFO  s.d.s.w.r.o.CachingOperationNameGenerator -
				Generating unique operation named: updateUsingPUT_339
2025-02-17 18:00:57 [restartedMain] INFO  s.d.s.w.r.o.CachingOperationNameGenerator -
				Generating unique operation named: feeTemplateDetailsByAcademicYearAndYearSemUsingGET_1
2025-02-17 18:00:57 [restartedMain] INFO  s.d.s.w.r.o.CachingOperationNameGenerator -
				Generating unique operation named: paidBoardReportBasedOnAcademicYearByBoardAndSchoolUsingGET_1
2025-02-17 18:00:57 [restartedMain] INFO  s.d.s.w.r.o.CachingOperationNameGenerator -
				Generating unique operation named: paidBoardReportBasedOnFeeAdmissionCategoryUsingGET_1
2025-02-17 18:00:57 [restartedMain] INFO  s.d.s.w.r.o.CachingOperationNameGenerator -
				Generating unique operation named: paidBoardReportBasedOnSchoolByBoardUsingGET_1
2025-02-17 18:00:57 [restartedMain] INFO  s.d.s.w.r.o.CachingOperationNameGenerator -
				Generating unique operation named: studentDetailsByBoardSchoolAcademicYearUsingGET_1
2025-02-17 18:00:57 [restartedMain] INFO  s.d.s.w.r.o.CachingOperationNameGenerator -
				Generating unique operation named: activateUsingDELETE_133
2025-02-17 18:00:57 [restartedMain] INFO  s.d.s.w.r.o.CachingOperationNameGenerator -
				Generating unique operation named: createPettyCashUsingPOST_1
2025-02-17 18:00:57 [restartedMain] INFO  s.d.s.w.r.o.CachingOperationNameGenerator -
				Generating unique operation named: deactivateUsingDELETE_133
2025-02-17 18:00:57 [restartedMain] INFO  s.d.s.w.r.o.CachingOperationNameGenerator -
				Generating unique operation named: getUsingGET_378
2025-02-17 18:00:57 [restartedMain] INFO  s.d.s.w.r.o.CachingOperationNameGenerator -
				Generating unique operation named: getAllDeptUsingGET_35
2025-02-17 18:00:57 [restartedMain] INFO  s.d.s.w.r.o.CachingOperationNameGenerator -
				Generating unique operation named: getAllPettyCashUsingGET_1
2025-02-17 18:00:57 [restartedMain] INFO  s.d.s.w.r.o.CachingOperationNameGenerator -
				Generating unique operation named: getPettyCashDetailsBasedOnSchoolIdUsingGET_1
2025-02-17 18:00:57 [restartedMain] INFO  s.d.s.w.r.o.CachingOperationNameGenerator -
				Generating unique operation named: updatePettyCashUsingPUT_1
2025-02-17 18:00:57 [restartedMain] INFO  s.d.s.w.r.o.CachingOperationNameGenerator -
				Generating unique operation named: activateRTGSFeeHistoryUsingDELETE_1
2025-02-17 18:00:57 [restartedMain] INFO  s.d.s.w.r.o.CachingOperationNameGenerator -
				Generating unique operation named: allRTGSFeeHistoryDetailsUsingGET_1
2025-02-17 18:00:57 [restartedMain] INFO  s.d.s.w.r.o.CachingOperationNameGenerator -
				Generating unique operation named: deleteUsingDELETE_241
2025-02-17 18:00:57 [restartedMain] INFO  s.d.s.w.r.o.CachingOperationNameGenerator -
				Generating unique operation named: getActiveRTGSFeeHistoryUsingGET_1
2025-02-17 18:00:57 [restartedMain] INFO  s.d.s.w.r.o.CachingOperationNameGenerator -
				Generating unique operation named: getAllFeeReceiptUsingGET_3
2025-02-17 18:00:57 [restartedMain] INFO  s.d.s.w.r.o.CachingOperationNameGenerator -
				Generating unique operation named: getRTGSFeeHistoryByIdUsingGET_1
2025-02-17 18:00:57 [restartedMain] INFO  s.d.s.w.r.o.CachingOperationNameGenerator -
				Generating unique operation named: saveRTGSFeeHistoryUsingPOST_1
2025-02-17 18:00:57 [restartedMain] INFO  s.d.s.w.r.o.CachingOperationNameGenerator -
				Generating unique operation named: updateRTGSFeeHistoryUsingPUT_1
2025-02-17 18:00:57 [restartedMain] INFO  s.d.s.w.r.o.CachingOperationNameGenerator -
				Generating unique operation named: deleteUsingDELETE_242
2025-02-17 18:00:57 [restartedMain] INFO  s.d.s.w.r.o.CachingOperationNameGenerator -
				Generating unique operation named: delete1UsingDELETE_188
2025-02-17 18:00:57 [restartedMain] INFO  s.d.s.w.r.o.CachingOperationNameGenerator -
				Generating unique operation named: getUsingGET_379
2025-02-17 18:00:57 [restartedMain] INFO  s.d.s.w.r.o.CachingOperationNameGenerator -
				Generating unique operation named: listAllUsingGET_309
2025-02-17 18:00:57 [restartedMain] INFO  s.d.s.w.r.o.CachingOperationNameGenerator -
				Generating unique operation named: listAll1UsingGET_144
2025-02-17 18:00:57 [restartedMain] INFO  s.d.s.w.r.o.CachingOperationNameGenerator -
				Generating unique operation named: saveSalaUsingPOST_1
2025-02-17 18:00:57 [restartedMain] INFO  s.d.s.w.r.o.CachingOperationNameGenerator -
				Generating unique operation named: updateUsingPUT_340
2025-02-17 18:00:57 [restartedMain] INFO  s.d.s.w.r.o.CachingOperationNameGenerator -
				Generating unique operation named: checkSalaryStructureIdInOfferUsingGET_1
2025-02-17 18:00:57 [restartedMain] INFO  s.d.s.w.r.o.CachingOperationNameGenerator -
				Generating unique operation named: deleteUsingDELETE_243
2025-02-17 18:00:57 [restartedMain] INFO  s.d.s.w.r.o.CachingOperationNameGenerator -
				Generating unique operation named: delete1UsingDELETE_189
2025-02-17 18:00:57 [restartedMain] INFO  s.d.s.w.r.o.CachingOperationNameGenerator -
				Generating unique operation named: getUsingGET_380
2025-02-17 18:00:57 [restartedMain] INFO  s.d.s.w.r.o.CachingOperationNameGenerator -
				Generating unique operation named: listAllUsingGET_310
2025-02-17 18:00:57 [restartedMain] INFO  s.d.s.w.r.o.CachingOperationNameGenerator -
				Generating unique operation named: listAll1UsingGET_145
2025-02-17 18:00:57 [restartedMain] INFO  s.d.s.w.r.o.CachingOperationNameGenerator -
				Generating unique operation named: saveSalaryStructureUsingPOST_1
2025-02-17 18:00:57 [restartedMain] INFO  s.d.s.w.r.o.CachingOperationNameGenerator -
				Generating unique operation named: updateUsingPUT_341
2025-02-17 18:00:57 [restartedMain] INFO  s.d.s.w.r.o.CachingOperationNameGenerator -
				Generating unique operation named: deleteUsingDELETE_244
2025-02-17 18:00:57 [restartedMain] INFO  s.d.s.w.r.o.CachingOperationNameGenerator -
				Generating unique operation named: delete1UsingDELETE_190
2025-02-17 18:00:57 [restartedMain] INFO  s.d.s.w.r.o.CachingOperationNameGenerator -
				Generating unique operation named: getUsingGET_381
2025-02-17 18:00:57 [restartedMain] INFO  s.d.s.w.r.o.CachingOperationNameGenerator -
				Generating unique operation named: getAllDetailsUsingGET_3
2025-02-17 18:00:57 [restartedMain] INFO  s.d.s.w.r.o.CachingOperationNameGenerator -
				Generating unique operation named: getAllDetailsssssssUsingGET_1
2025-02-17 18:00:57 [restartedMain] INFO  s.d.s.w.r.o.CachingOperationNameGenerator -
				Generating unique operation named: listAllUsingGET_311
2025-02-17 18:00:57 [restartedMain] INFO  s.d.s.w.r.o.CachingOperationNameGenerator -
				Generating unique operation named: listAll1UsingGET_146
2025-02-17 18:00:57 [restartedMain] INFO  s.d.s.w.r.o.CachingOperationNameGenerator -
				Generating unique operation named: saveSalaryStructureDetailUsingPOST_1
2025-02-17 18:00:57 [restartedMain] INFO  s.d.s.w.r.o.CachingOperationNameGenerator -
				Generating unique operation named: updateUsingPUT_342
2025-02-17 18:00:57 [restartedMain] INFO  s.d.s.w.r.o.CachingOperationNameGenerator -
				Generating unique operation named: allSalaryStructureHeadAndVocherHeadDetailsUsingGET_1
2025-02-17 18:00:57 [restartedMain] INFO  s.d.s.w.r.o.CachingOperationNameGenerator -
				Generating unique operation named: categoryNameTypeUsingGET_1
2025-02-17 18:00:57 [restartedMain] INFO  s.d.s.w.r.o.CachingOperationNameGenerator -
				Generating unique operation named: deleteUsingDELETE_245
2025-02-17 18:00:57 [restartedMain] INFO  s.d.s.w.r.o.CachingOperationNameGenerator -
				Generating unique operation named: delete1UsingDELETE_191
2025-02-17 18:00:57 [restartedMain] INFO  s.d.s.w.r.o.CachingOperationNameGenerator -
				Generating unique operation named: getUsingGET_382
2025-02-17 18:00:57 [restartedMain] INFO  s.d.s.w.r.o.CachingOperationNameGenerator -
				Generating unique operation named: getPrintNameUsingGET_1
2025-02-17 18:00:57 [restartedMain] INFO  s.d.s.w.r.o.CachingOperationNameGenerator -
				Generating unique operation named: listAllUsingGET_312
2025-02-17 18:00:57 [restartedMain] INFO  s.d.s.w.r.o.CachingOperationNameGenerator -
				Generating unique operation named: listAll1UsingGET_147
2025-02-17 18:00:57 [restartedMain] INFO  s.d.s.w.r.o.CachingOperationNameGenerator -
				Generating unique operation named: listAll4UsingGET_1
2025-02-17 18:00:57 [restartedMain] INFO  s.d.s.w.r.o.CachingOperationNameGenerator -
				Generating unique operation named: saveSalaryStructureHeadUsingPOST_1
2025-02-17 18:00:57 [restartedMain] INFO  s.d.s.w.r.o.CachingOperationNameGenerator -
				Generating unique operation named: updateUsingPUT_343
2025-02-17 18:00:57 [restartedMain] INFO  s.d.s.w.r.o.CachingOperationNameGenerator -
				Generating unique operation named: deleteUsingDELETE_246
2025-02-17 18:00:57 [restartedMain] INFO  s.d.s.w.r.o.CachingOperationNameGenerator -
				Generating unique operation named: delete1UsingDELETE_192
2025-02-17 18:00:57 [restartedMain] INFO  s.d.s.w.r.o.CachingOperationNameGenerator -
				Generating unique operation named: getUsingGET_383
2025-02-17 18:00:57 [restartedMain] INFO  s.d.s.w.r.o.CachingOperationNameGenerator -
				Generating unique operation named: listAllUsingGET_313
2025-02-17 18:00:57 [restartedMain] INFO  s.d.s.w.r.o.CachingOperationNameGenerator -
				Generating unique operation named: listAll1UsingGET_148
2025-02-17 18:00:57 [restartedMain] INFO  s.d.s.w.r.o.CachingOperationNameGenerator -
				Generating unique operation named: saveSlabDetailUsingPOST_5
2025-02-17 18:00:57 [restartedMain] INFO  s.d.s.w.r.o.CachingOperationNameGenerator -
				Generating unique operation named: updateUsingPUT_344
2025-02-17 18:00:57 [restartedMain] INFO  s.d.s.w.r.o.CachingOperationNameGenerator -
				Generating unique operation named: deleteUsingDELETE_247
2025-02-17 18:00:57 [restartedMain] INFO  s.d.s.w.r.o.CachingOperationNameGenerator -
				Generating unique operation named: delete1UsingDELETE_193
2025-02-17 18:00:57 [restartedMain] INFO  s.d.s.w.r.o.CachingOperationNameGenerator -
				Generating unique operation named: getActiveDetailsUsingGET_6
2025-02-17 18:00:57 [restartedMain] INFO  s.d.s.w.r.o.CachingOperationNameGenerator -
				Generating unique operation named: getAllDetailsUsingGET_4
2025-02-17 18:00:57 [restartedMain] INFO  s.d.s.w.r.o.CachingOperationNameGenerator -
				Generating unique operation named: getDetailByIdUsingGET_3
2025-02-17 18:00:57 [restartedMain] INFO  s.d.s.w.r.o.CachingOperationNameGenerator -
				Generating unique operation named: saveStudentPaymentHistoryUsingPOST_1
2025-02-17 18:00:57 [restartedMain] INFO  s.d.s.w.r.o.CachingOperationNameGenerator -
				Generating unique operation named: updateUsingPUT_345
2025-02-17 18:00:57 [restartedMain] INFO  s.d.s.w.r.o.CachingOperationNameGenerator -
				Generating unique operation named: deleteUsingDELETE_248
2025-02-17 18:00:57 [restartedMain] INFO  s.d.s.w.r.o.CachingOperationNameGenerator -
				Generating unique operation named: delete1UsingDELETE_194
2025-02-17 18:00:57 [restartedMain] INFO  s.d.s.w.r.o.CachingOperationNameGenerator -
				Generating unique operation named: getUsingGET_384
2025-02-17 18:00:57 [restartedMain] INFO  s.d.s.w.r.o.CachingOperationNameGenerator -
				Generating unique operation named: listAllUsingGET_314
2025-02-17 18:00:57 [restartedMain] INFO  s.d.s.w.r.o.CachingOperationNameGenerator -
				Generating unique operation named: listAll1UsingGET_149
2025-02-17 18:00:57 [restartedMain] INFO  s.d.s.w.r.o.CachingOperationNameGenerator -
				Generating unique operation named: saveTallyUsingPOST_1
2025-02-17 18:00:57 [restartedMain] INFO  s.d.s.w.r.o.CachingOperationNameGenerator -
				Generating unique operation named: updateUsingPUT_346
2025-02-17 18:00:57 [restartedMain] INFO  s.d.s.w.r.o.CachingOperationNameGenerator -
				Generating unique operation named: delete1UsingDELETE_195
2025-02-17 18:00:57 [restartedMain] INFO  s.d.s.w.r.o.CachingOperationNameGenerator -
				Generating unique operation named: delete2UsingDELETE_8
2025-02-17 18:00:57 [restartedMain] INFO  s.d.s.w.r.o.CachingOperationNameGenerator -
				Generating unique operation named: getActiveTallyReceiptUsingGET_1
2025-02-17 18:00:57 [restartedMain] INFO  s.d.s.w.r.o.CachingOperationNameGenerator -
				Generating unique operation named: getAllTallyReceiptUsingGET_1
2025-02-17 18:00:57 [restartedMain] INFO  s.d.s.w.r.o.CachingOperationNameGenerator -
				Generating unique operation named: getTallyReceiptByIdUsingGET_1
2025-02-17 18:00:57 [restartedMain] INFO  s.d.s.w.r.o.CachingOperationNameGenerator -
				Generating unique operation named: saveTallyReceiptUsingPOST_1
2025-02-17 18:00:57 [restartedMain] INFO  s.d.s.w.r.o.CachingOperationNameGenerator -
				Generating unique operation named: updateTallyReceiptUsingPUT_1
2025-02-17 18:00:57 [restartedMain] INFO  s.d.s.w.r.o.CachingOperationNameGenerator -
				Generating unique operation named: deleteUsingDELETE_249
2025-02-17 18:00:57 [restartedMain] INFO  s.d.s.w.r.o.CachingOperationNameGenerator -
				Generating unique operation named: getUsingGET_385
2025-02-17 18:00:57 [restartedMain] INFO  s.d.s.w.r.o.CachingOperationNameGenerator -
				Generating unique operation named: getDetailsUsingGET_4
2025-02-17 18:00:57 [restartedMain] INFO  s.d.s.w.r.o.CachingOperationNameGenerator -
				Generating unique operation named: listAllUsingGET_315
2025-02-17 18:00:57 [restartedMain] INFO  s.d.s.w.r.o.CachingOperationNameGenerator -
				Generating unique operation named: saveTemplateUsingPOST_1
2025-02-17 18:00:57 [restartedMain] INFO  s.d.s.w.r.o.CachingOperationNameGenerator -
				Generating unique operation named: updateUsingPUT_347
2025-02-17 18:00:57 [restartedMain] INFO  s.d.s.w.r.o.CachingOperationNameGenerator -
				Generating unique operation named: deleteUsingDELETE_250
2025-02-17 18:00:57 [restartedMain] INFO  s.d.s.w.r.o.CachingOperationNameGenerator -
				Generating unique operation named: getUsingGET_386
2025-02-17 18:00:57 [restartedMain] INFO  s.d.s.w.r.o.CachingOperationNameGenerator -
				Generating unique operation named: listAllUsingGET_316
2025-02-17 18:00:57 [restartedMain] INFO  s.d.s.w.r.o.CachingOperationNameGenerator -
				Generating unique operation named: saveTemplateTypeUsingPOST_1
2025-02-17 18:00:57 [restartedMain] INFO  s.d.s.w.r.o.CachingOperationNameGenerator -
				Generating unique operation named: updateUsingPUT_348
2025-02-17 18:00:57 [restartedMain] INFO  s.d.s.w.r.o.CachingOperationNameGenerator -
				Generating unique operation named: activateUsingDELETE_134
2025-02-17 18:00:57 [restartedMain] INFO  s.d.s.w.r.o.CachingOperationNameGenerator -
				Generating unique operation named: createUniformFeePaidUsingPOST_1
2025-02-17 18:00:57 [restartedMain] INFO  s.d.s.w.r.o.CachingOperationNameGenerator -
				Generating unique operation named: deactivateUsingDELETE_134
2025-02-17 18:00:57 [restartedMain] INFO  s.d.s.w.r.o.CachingOperationNameGenerator -
				Generating unique operation named: fetchAllUniformFeePaidUsingGET_1
2025-02-17 18:00:57 [restartedMain] INFO  s.d.s.w.r.o.CachingOperationNameGenerator -
				Generating unique operation named: getUsingGET_387
2025-02-17 18:00:57 [restartedMain] INFO  s.d.s.w.r.o.CachingOperationNameGenerator -
				Generating unique operation named: listAllUsingGET_317
2025-02-17 18:00:57 [restartedMain] INFO  s.d.s.w.r.o.CachingOperationNameGenerator -
				Generating unique operation named: updateUsingPUT_349
2025-02-17 18:00:57 [restartedMain] INFO  s.d.s.w.r.o.CachingOperationNameGenerator -
				Generating unique operation named: activateUsingDELETE_135
2025-02-17 18:00:57 [restartedMain] INFO  s.d.s.w.r.o.CachingOperationNameGenerator -
				Generating unique operation named: createMultipleUniformReceiptUsingPOST_1
2025-02-17 18:00:57 [restartedMain] INFO  s.d.s.w.r.o.CachingOperationNameGenerator -
				Generating unique operation named: createUniformReceiptUsingPOST_1
2025-02-17 18:00:57 [restartedMain] INFO  s.d.s.w.r.o.CachingOperationNameGenerator -
				Generating unique operation named: deactivateUsingDELETE_135
2025-02-17 18:00:57 [restartedMain] INFO  s.d.s.w.r.o.CachingOperationNameGenerator -
				Generating unique operation named: fetchAllUniformReceiptUsingGET_1
2025-02-17 18:00:57 [restartedMain] INFO  s.d.s.w.r.o.CachingOperationNameGenerator -
				Generating unique operation named: getUsingGET_388
2025-02-17 18:00:57 [restartedMain] INFO  s.d.s.w.r.o.CachingOperationNameGenerator -
				Generating unique operation named: listAllUsingGET_318
2025-02-17 18:00:57 [restartedMain] INFO  s.d.s.w.r.o.CachingOperationNameGenerator -
				Generating unique operation named: updateUsingPUT_350
2025-02-17 18:00:57 [restartedMain] INFO  s.d.s.w.r.o.CachingOperationNameGenerator -
				Generating unique operation named: FetchVoucherHeadBasedOnTypeUsingGET_1
2025-02-17 18:00:57 [restartedMain] INFO  s.d.s.w.r.o.CachingOperationNameGenerator -
				Generating unique operation named: deleteUsingDELETE_251
2025-02-17 18:00:57 [restartedMain] INFO  s.d.s.w.r.o.CachingOperationNameGenerator -
				Generating unique operation named: delete1UsingDELETE_196
2025-02-17 18:00:57 [restartedMain] INFO  s.d.s.w.r.o.CachingOperationNameGenerator -
				Generating unique operation named: fetchHostelDetailsBySchoolHostelUsingGET_1
2025-02-17 18:00:57 [restartedMain] INFO  s.d.s.w.r.o.CachingOperationNameGenerator -
				Generating unique operation named: findByVouHeadSchoolIdUsingGET_2
2025-02-17 18:00:57 [restartedMain] INFO  s.d.s.w.r.o.CachingOperationNameGenerator -
				Generating unique operation named: findByVouHeadSchoolIdUsingGET_3
2025-02-17 18:00:57 [restartedMain] INFO  s.d.s.w.r.o.CachingOperationNameGenerator -
				Generating unique operation named: getUsingGET_389
2025-02-17 18:00:57 [restartedMain] INFO  s.d.s.w.r.o.CachingOperationNameGenerator -
				Generating unique operation named: getAllJournalTypeExceptInflowUsingGET_1
2025-02-17 18:00:57 [restartedMain] INFO  s.d.s.w.r.o.CachingOperationNameGenerator -
				Generating unique operation named: getDataForDisplayingLedgerAmountUsingGET_1
2025-02-17 18:00:57 [restartedMain] INFO  s.d.s.w.r.o.CachingOperationNameGenerator -
				Generating unique operation named: getInFlowVoucherHeadUsingGET_1
2025-02-17 18:00:57 [restartedMain] INFO  s.d.s.w.r.o.CachingOperationNameGenerator -
				Generating unique operation named: getSchoolByVHeadUsingGET_1
2025-02-17 18:00:57 [restartedMain] INFO  s.d.s.w.r.o.CachingOperationNameGenerator -
				Generating unique operation named: getVoucherBySchoolIdUsingGET_1
2025-02-17 18:00:57 [restartedMain] INFO  s.d.s.w.r.o.CachingOperationNameGenerator -
				Generating unique operation named: listAllUsingGET_319
2025-02-17 18:00:57 [restartedMain] INFO  s.d.s.w.r.o.CachingOperationNameGenerator -
				Generating unique operation named: listAll1UsingGET_150
2025-02-17 18:00:57 [restartedMain] INFO  s.d.s.w.r.o.CachingOperationNameGenerator -
				Generating unique operation named: saveVoucherHeadUsingPOST_2
2025-02-17 18:00:57 [restartedMain] INFO  s.d.s.w.r.o.CachingOperationNameGenerator -
				Generating unique operation named: saveVoucherHeadUsingPOST_3
2025-02-17 18:00:57 [restartedMain] INFO  s.d.s.w.r.o.CachingOperationNameGenerator -
				Generating unique operation named: updateUsingPUT_351
2025-02-17 18:00:57 [restartedMain] INFO  s.d.s.w.r.o.CachingOperationNameGenerator -
				Generating unique operation named: updateUsingPUT_352
2025-02-17 18:00:57 [restartedMain] INFO  s.d.s.w.r.o.CachingOperationNameGenerator -
				Generating unique operation named: VoucherHeadNewDetailsOnIsSalariesUsingGET_1
2025-02-17 18:00:57 [restartedMain] INFO  s.d.s.w.r.o.CachingOperationNameGenerator -
				Generating unique operation named: deleteUsingDELETE_252
2025-02-17 18:00:57 [restartedMain] INFO  s.d.s.w.r.o.CachingOperationNameGenerator -
				Generating unique operation named: delete1UsingDELETE_197
2025-02-17 18:00:57 [restartedMain] INFO  s.d.s.w.r.o.CachingOperationNameGenerator -
				Generating unique operation named: fetchUnassignedSchoolDetailsUsingGET_2
2025-02-17 18:00:57 [restartedMain] INFO  s.d.s.w.r.o.CachingOperationNameGenerator -
				Generating unique operation named: fetchVoucherHeadIdsUsingGET_1
2025-02-17 18:00:57 [restartedMain] INFO  s.d.s.w.r.o.CachingOperationNameGenerator -
				Generating unique operation named: fetchVoucherHeadNewDetailsBasedOnCashOrBankUsingGET_1
2025-02-17 18:00:57 [restartedMain] INFO  s.d.s.w.r.o.CachingOperationNameGenerator -
				Generating unique operation named: getUsingGET_390
2025-02-17 18:00:57 [restartedMain] INFO  s.d.s.w.r.o.CachingOperationNameGenerator -
				Generating unique operation named: getVoucherHeadNewDataUsingGET_1
2025-02-17 18:00:57 [restartedMain] INFO  s.d.s.w.r.o.CachingOperationNameGenerator -
				Generating unique operation named: listAllUsingGET_320
2025-02-17 18:00:57 [restartedMain] INFO  s.d.s.w.r.o.CachingOperationNameGenerator -
				Generating unique operation named: listAll1UsingGET_151
2025-02-17 18:00:57 [restartedMain] INFO  s.d.s.w.r.o.CachingOperationNameGenerator -
				Generating unique operation named: saveVoucherHeadNewUsingPOST_1
2025-02-17 18:00:57 [restartedMain] INFO  s.d.s.w.r.o.CachingOperationNameGenerator -
				Generating unique operation named: updateUsingPUT_353
2025-02-17 18:00:57 [restartedMain] INFO  s.d.s.w.r.o.CachingOperationNameGenerator -
				Generating unique operation named: voucherHeadDetailsOnHostelStatusUsingGET_1
2025-02-17 18:00:57 [restartedMain] INFO  s.d.s.w.s.ApiListingReferenceScanner -
				Scanning for api listing references
2025-02-17 18:00:57 [restartedMain] INFO  s.d.s.w.r.o.CachingOperationNameGenerator -
				Generating unique operation named: UnassignedBlocksWithWardenUsingGET_1
2025-02-17 18:00:57 [restartedMain] INFO  s.d.s.w.r.o.CachingOperationNameGenerator -
				Generating unique operation named: UnassignedFloorsWithWardenUsingGET_1
2025-02-17 18:00:57 [restartedMain] INFO  s.d.s.w.r.o.CachingOperationNameGenerator -
				Generating unique operation named: deleteUsingDELETE_253
2025-02-17 18:00:57 [restartedMain] INFO  s.d.s.w.r.o.CachingOperationNameGenerator -
				Generating unique operation named: delete1UsingDELETE_198
2025-02-17 18:00:57 [restartedMain] INFO  s.d.s.w.r.o.CachingOperationNameGenerator -
				Generating unique operation named: fetchDoctorUnassignedBlocksUsingGET_1
2025-02-17 18:00:57 [restartedMain] INFO  s.d.s.w.r.o.CachingOperationNameGenerator -
				Generating unique operation named: fetchUnassignedUsersUsingGET_1
2025-02-17 18:00:57 [restartedMain] INFO  s.d.s.w.r.o.CachingOperationNameGenerator -
				Generating unique operation named: fetchWardensUsingGET_1
2025-02-17 18:00:57 [restartedMain] INFO  s.d.s.w.r.o.CachingOperationNameGenerator -
				Generating unique operation named: floorsAssignedToWardenUsingGET_1
2025-02-17 18:00:57 [restartedMain] INFO  s.d.s.w.r.o.CachingOperationNameGenerator -
				Generating unique operation named: getUsingGET_391
2025-02-17 18:00:57 [restartedMain] INFO  s.d.s.w.r.o.CachingOperationNameGenerator -
				Generating unique operation named: listAllUsingGET_321
2025-02-17 18:00:57 [restartedMain] INFO  s.d.s.w.r.o.CachingOperationNameGenerator -
				Generating unique operation named: listAll1UsingGET_152
2025-02-17 18:00:57 [restartedMain] INFO  s.d.s.w.r.o.CachingOperationNameGenerator -
				Generating unique operation named: saveDoctorWardenUsingPOST_1
2025-02-17 18:00:57 [restartedMain] INFO  s.d.s.w.r.o.CachingOperationNameGenerator -
				Generating unique operation named: updateUsingPUT_354
2025-02-17 18:00:57 [restartedMain] INFO  s.d.s.w.r.o.CachingOperationNameGenerator -
				Generating unique operation named: activateHostelBedAssignmentUsingDELETE_1
2025-02-17 18:00:57 [restartedMain] INFO  s.d.s.w.r.o.CachingOperationNameGenerator -
				Generating unique operation named: cancelhostelBedAssignmentDetailsUsingGET_1
2025-02-17 18:00:57 [restartedMain] INFO  s.d.s.w.r.o.CachingOperationNameGenerator -
				Generating unique operation named: deactiveHostelBedAssignmentUsingDELETE_1
2025-02-17 18:00:57 [restartedMain] INFO  s.d.s.w.r.o.CachingOperationNameGenerator -
				Generating unique operation named: downloadFileUsingGET_20
2025-02-17 18:00:57 [restartedMain] INFO  s.d.s.w.r.o.CachingOperationNameGenerator -
				Generating unique operation named: fetchAllHostelBedAssignmentUsingGET_2
2025-02-17 18:00:57 [restartedMain] INFO  s.d.s.w.r.o.CachingOperationNameGenerator -
				Generating unique operation named: getHostelDetailsForLedgerUsingGET_1
2025-02-17 18:00:57 [restartedMain] INFO  s.d.s.w.r.o.CachingOperationNameGenerator -
				Generating unique operation named: getStudentDetailDataBasedOnBlockUsingGET_1
2025-02-17 18:00:57 [restartedMain] INFO  s.d.s.w.r.o.CachingOperationNameGenerator -
				Generating unique operation named: hostelBedAssignmentUsingGET_1
2025-02-17 18:00:57 [restartedMain] INFO  s.d.s.w.r.o.CachingOperationNameGenerator -
				Generating unique operation named: hostelBedAssignmentUsingPOST_1
2025-02-17 18:00:57 [restartedMain] INFO  s.d.s.w.r.o.CachingOperationNameGenerator -
				Generating unique operation named: hostelBedAssignmentByAcYearAndhostelBlockUsingGET_1
2025-02-17 18:00:57 [restartedMain] INFO  s.d.s.w.r.o.CachingOperationNameGenerator -
				Generating unique operation named: hostelBedAssignmentByAcYearIdAndStudentIdUsingGET_1
2025-02-17 18:00:57 [restartedMain] INFO  s.d.s.w.r.o.CachingOperationNameGenerator -
				Generating unique operation named: hostelBedAssignmentForBedChangeHistoryUsingGET_1
2025-02-17 18:00:57 [restartedMain] INFO  s.d.s.w.r.o.CachingOperationNameGenerator -
				Generating unique operation named: isHostelBedAssignedByAcademicYearAndStudentIdUsingGET_1
2025-02-17 18:00:57 [restartedMain] INFO  s.d.s.w.r.o.CachingOperationNameGenerator -
				Generating unique operation named: updateHostelBedAssignmentUsingPUT_1
2025-02-17 18:00:57 [restartedMain] INFO  s.d.s.w.r.o.CachingOperationNameGenerator -
				Generating unique operation named: updateHostelIdCardUsingPUT_1
2025-02-17 18:00:57 [restartedMain] INFO  s.d.s.w.r.o.CachingOperationNameGenerator -
				Generating unique operation named: uploadFileUsingPOST_52
2025-02-17 18:00:57 [restartedMain] INFO  s.d.s.w.r.o.CachingOperationNameGenerator -
				Generating unique operation named: approvalOfBedChangeUsingPUT_1
2025-02-17 18:00:57 [restartedMain] INFO  s.d.s.w.r.o.CachingOperationNameGenerator -
				Generating unique operation named: fetchAllHostelBedAssignmentUsingGET_3
2025-02-17 18:00:57 [restartedMain] INFO  s.d.s.w.r.o.CachingOperationNameGenerator -
				Generating unique operation named: hostelBedChangeUsingPOST_1
2025-02-17 18:00:57 [restartedMain] INFO  s.d.s.w.r.o.CachingOperationNameGenerator -
				Generating unique operation named: deleteUsingDELETE_254
2025-02-17 18:00:57 [restartedMain] INFO  s.d.s.w.r.o.CachingOperationNameGenerator -
				Generating unique operation named: delete1UsingDELETE_199
2025-02-17 18:00:57 [restartedMain] INFO  s.d.s.w.r.o.CachingOperationNameGenerator -
				Generating unique operation named: getUsingGET_392
2025-02-17 18:00:57 [restartedMain] INFO  s.d.s.w.r.o.CachingOperationNameGenerator -
				Generating unique operation named: getAllBedsDetailsUsingGET_1
2025-02-17 18:00:57 [restartedMain] INFO  s.d.s.w.r.o.CachingOperationNameGenerator -
				Generating unique operation named: getCountOfFloorsRoomsBedsUsingGET_1
2025-02-17 18:00:57 [restartedMain] INFO  s.d.s.w.r.o.CachingOperationNameGenerator -
				Generating unique operation named: getHosteBedDetailsUsingGET_1
2025-02-17 18:00:57 [restartedMain] INFO  s.d.s.w.r.o.CachingOperationNameGenerator -
				Generating unique operation named: hostelBedsByHostelBlockAndFloorUsingGET_1
2025-02-17 18:00:57 [restartedMain] INFO  s.d.s.w.r.o.CachingOperationNameGenerator -
				Generating unique operation named: hostelBedsByHostelBlockIdUsingGET_1
2025-02-17 18:00:57 [restartedMain] INFO  s.d.s.w.r.o.CachingOperationNameGenerator -
				Generating unique operation named: listAllUsingGET_322
2025-02-17 18:00:57 [restartedMain] INFO  s.d.s.w.r.o.CachingOperationNameGenerator -
				Generating unique operation named: listAll1UsingGET_153
2025-02-17 18:00:57 [restartedMain] INFO  s.d.s.w.r.o.CachingOperationNameGenerator -
				Generating unique operation named: saveSubjectTypeUsingPOST_34
2025-02-17 18:00:57 [restartedMain] INFO  s.d.s.w.r.o.CachingOperationNameGenerator -
				Generating unique operation named: unassignedBedDetailsUsingGET_1
2025-02-17 18:00:57 [restartedMain] INFO  s.d.s.w.r.o.CachingOperationNameGenerator -
				Generating unique operation named: updateUsingPUT_355
2025-02-17 18:00:57 [restartedMain] INFO  s.d.s.w.r.o.CachingOperationNameGenerator -
				Generating unique operation named: deleteUsingDELETE_255
2025-02-17 18:00:57 [restartedMain] INFO  s.d.s.w.r.o.CachingOperationNameGenerator -
				Generating unique operation named: delete1UsingDELETE_200
2025-02-17 18:00:57 [restartedMain] INFO  s.d.s.w.r.o.CachingOperationNameGenerator -
				Generating unique operation named: getUsingGET_393
2025-02-17 18:00:57 [restartedMain] INFO  s.d.s.w.r.o.CachingOperationNameGenerator -
				Generating unique operation named: getAllDoctorWardenDetailsUsingGET_1
2025-02-17 18:00:57 [restartedMain] INFO  s.d.s.w.r.o.CachingOperationNameGenerator -
				Generating unique operation named: getAllHostelBlocksDetailsUsingGET_3
2025-02-17 18:00:57 [restartedMain] INFO  s.d.s.w.r.o.CachingOperationNameGenerator -
				Generating unique operation named: getDetailsOfFloorsAndRoomsForGridViewUsingGET_1
2025-02-17 18:00:57 [restartedMain] INFO  s.d.s.w.r.o.CachingOperationNameGenerator -
				Generating unique operation named: getHostelBlockDetailsByHostelFeeTemplateUsingGET_1
2025-02-17 18:00:57 [restartedMain] INFO  s.d.s.w.r.o.CachingOperationNameGenerator -
				Generating unique operation named: getHostelFloorDetailsUsingGET_1
2025-02-17 18:00:57 [restartedMain] INFO  s.d.s.w.r.o.CachingOperationNameGenerator -
				Generating unique operation named: listAllUsingGET_323
2025-02-17 18:00:57 [restartedMain] INFO  s.d.s.w.r.o.CachingOperationNameGenerator -
				Generating unique operation named: saveSubjectTypeUsingPOST_35
2025-02-17 18:00:57 [restartedMain] INFO  s.d.s.w.r.o.CachingOperationNameGenerator -
				Generating unique operation named: updateUsingPUT_356
2025-02-17 18:00:57 [restartedMain] INFO  s.d.s.w.r.o.CachingOperationNameGenerator -
				Generating unique operation named: deleteUsingDELETE_256
2025-02-17 18:00:57 [restartedMain] INFO  s.d.s.w.r.o.CachingOperationNameGenerator -
				Generating unique operation named: delete1UsingDELETE_201
2025-02-17 18:00:57 [restartedMain] INFO  s.d.s.w.r.o.CachingOperationNameGenerator -
				Generating unique operation named: fetchhostelFloorIndexUsingGET_1
2025-02-17 18:00:57 [restartedMain] INFO  s.d.s.w.r.o.CachingOperationNameGenerator -
				Generating unique operation named: getUsingGET_394
2025-02-17 18:00:57 [restartedMain] INFO  s.d.s.w.r.o.CachingOperationNameGenerator -
				Generating unique operation named: getFloorByBlockidUsingGET_1
2025-02-17 18:00:57 [restartedMain] INFO  s.d.s.w.r.o.CachingOperationNameGenerator -
				Generating unique operation named: listAllUsingGET_324
2025-02-17 18:00:57 [restartedMain] INFO  s.d.s.w.r.o.CachingOperationNameGenerator -
				Generating unique operation named: listAll1UsingGET_154
2025-02-17 18:00:57 [restartedMain] INFO  s.d.s.w.r.o.CachingOperationNameGenerator -
				Generating unique operation named: saveSubjectTypeUsingPOST_36
2025-02-17 18:00:57 [restartedMain] INFO  s.d.s.w.r.o.CachingOperationNameGenerator -
				Generating unique operation named: updateUsingPUT_357
2025-02-17 18:00:57 [restartedMain] INFO  s.d.s.w.r.o.CachingOperationNameGenerator -
				Generating unique operation named: updateWardenId1UsingPUT_1
2025-02-17 18:00:57 [restartedMain] INFO  s.d.s.w.r.o.CachingOperationNameGenerator -
				Generating unique operation named: hostelRoomAssignmentUsingPOST_1
2025-02-17 18:00:57 [restartedMain] INFO  s.d.s.w.r.o.CachingOperationNameGenerator -
				Generating unique operation named: deleteUsingDELETE_257
2025-02-17 18:00:57 [restartedMain] INFO  s.d.s.w.r.o.CachingOperationNameGenerator -
				Generating unique operation named: delete1UsingDELETE_202
2025-02-17 18:00:57 [restartedMain] INFO  s.d.s.w.r.o.CachingOperationNameGenerator -
				Generating unique operation named: getUsingGET_395
2025-02-17 18:00:57 [restartedMain] INFO  s.d.s.w.r.o.CachingOperationNameGenerator -
				Generating unique operation named: listAllUsingGET_325
2025-02-17 18:00:57 [restartedMain] INFO  s.d.s.w.r.o.CachingOperationNameGenerator -
				Generating unique operation named: listAll1UsingGET_155
2025-02-17 18:00:57 [restartedMain] INFO  s.d.s.w.r.o.CachingOperationNameGenerator -
				Generating unique operation named: saveSubjectTypeUsingPOST_37
2025-02-17 18:00:57 [restartedMain] INFO  s.d.s.w.r.o.CachingOperationNameGenerator -
				Generating unique operation named: updateUsingPUT_358
2025-02-17 18:00:57 [restartedMain] INFO  s.d.s.w.r.o.CachingOperationNameGenerator -
				Generating unique operation named: allHostelOnBlockAndFloorUsingGET_1
2025-02-17 18:00:57 [restartedMain] INFO  s.d.s.w.r.o.CachingOperationNameGenerator -
				Generating unique operation named: deleteUsingDELETE_258
2025-02-17 18:00:57 [restartedMain] INFO  s.d.s.w.r.o.CachingOperationNameGenerator -
				Generating unique operation named: delete1UsingDELETE_203
2025-02-17 18:00:57 [restartedMain] INFO  s.d.s.w.r.o.CachingOperationNameGenerator -
				Generating unique operation named: fetchAllDetailsUsingGET_1
2025-02-17 18:00:57 [restartedMain] INFO  s.d.s.w.r.o.CachingOperationNameGenerator -
				Generating unique operation named: fetchAllUnassignedRoomUsingGET_1
2025-02-17 18:00:57 [restartedMain] INFO  s.d.s.w.r.o.CachingOperationNameGenerator -
				Generating unique operation named: getUsingGET_396
2025-02-17 18:00:57 [restartedMain] INFO  s.d.s.w.r.o.CachingOperationNameGenerator -
				Generating unique operation named: getAllHostelBedDetailsUsingGET_1
2025-02-17 18:00:57 [restartedMain] INFO  s.d.s.w.r.o.CachingOperationNameGenerator -
				Generating unique operation named: listAllUsingGET_326
2025-02-17 18:00:57 [restartedMain] INFO  s.d.s.w.r.o.CachingOperationNameGenerator -
				Generating unique operation named: listAll1UsingGET_156
2025-02-17 18:00:57 [restartedMain] INFO  s.d.s.w.r.o.CachingOperationNameGenerator -
				Generating unique operation named: saveHostelRoomsUsingPOST_1
2025-02-17 18:00:57 [restartedMain] INFO  s.d.s.w.r.o.CachingOperationNameGenerator -
				Generating unique operation named: updateUsingPUT_359
2025-02-17 18:00:57 [restartedMain] INFO  s.d.s.w.r.o.CachingOperationNameGenerator -
				Generating unique operation named: saveHostelRoomsHistoryUsingPOST_1
2025-02-17 18:00:57 [restartedMain] INFO  s.d.s.w.r.o.CachingOperationNameGenerator -
				Generating unique operation named: deleteUsingDELETE_259
2025-02-17 18:00:57 [restartedMain] INFO  s.d.s.w.r.o.CachingOperationNameGenerator -
				Generating unique operation named: delete1UsingDELETE_204
2025-02-17 18:00:57 [restartedMain] INFO  s.d.s.w.r.o.CachingOperationNameGenerator -
				Generating unique operation named: getUsingGET_397
2025-02-17 18:00:57 [restartedMain] INFO  s.d.s.w.r.o.CachingOperationNameGenerator -
				Generating unique operation named: listAllUsingGET_327
2025-02-17 18:00:57 [restartedMain] INFO  s.d.s.w.r.o.CachingOperationNameGenerator -
				Generating unique operation named: listAll1UsingGET_157
2025-02-17 18:00:57 [restartedMain] INFO  s.d.s.w.r.o.CachingOperationNameGenerator -
				Generating unique operation named: saveSubjectTypeUsingPOST_38
2025-02-17 18:00:57 [restartedMain] INFO  s.d.s.w.r.o.CachingOperationNameGenerator -
				Generating unique operation named: updateUsingPUT_360
2025-02-17 18:00:57 [restartedMain] INFO  s.d.s.w.r.o.CachingOperationNameGenerator -
				Generating unique operation named: deleteUsingDELETE_260
2025-02-17 18:00:57 [restartedMain] INFO  s.d.s.w.r.o.CachingOperationNameGenerator -
				Generating unique operation named: delete1UsingDELETE_205
2025-02-17 18:00:57 [restartedMain] INFO  s.d.s.w.r.o.CachingOperationNameGenerator -
				Generating unique operation named: getUsingGET_398
2025-02-17 18:00:57 [restartedMain] INFO  s.d.s.w.r.o.CachingOperationNameGenerator -
				Generating unique operation named: getAllHostelWardenDetailsUsingGET_1
2025-02-17 18:00:57 [restartedMain] INFO  s.d.s.w.r.o.CachingOperationNameGenerator -
				Generating unique operation named: listAllUsingGET_328
2025-02-17 18:00:57 [restartedMain] INFO  s.d.s.w.r.o.CachingOperationNameGenerator -
				Generating unique operation named: saveSubjectTypeUsingPOST_39
2025-02-17 18:00:57 [restartedMain] INFO  s.d.s.w.r.o.CachingOperationNameGenerator -
				Generating unique operation named: updateUsingPUT_361
2025-02-17 18:00:57 [restartedMain] INFO  s.d.s.w.r.o.CachingOperationNameGenerator -
				Generating unique operation named: deleteUsingDELETE_261
2025-02-17 18:00:57 [restartedMain] INFO  s.d.s.w.r.o.CachingOperationNameGenerator -
				Generating unique operation named: delete1UsingDELETE_206
2025-02-17 18:00:57 [restartedMain] INFO  s.d.s.w.r.o.CachingOperationNameGenerator -
				Generating unique operation named: getUsingGET_399
2025-02-17 18:00:57 [restartedMain] INFO  s.d.s.w.r.o.CachingOperationNameGenerator -
				Generating unique operation named: getAllHostelStandardAccessoriesUsingGET_1
2025-02-17 18:00:57 [restartedMain] INFO  s.d.s.w.r.o.CachingOperationNameGenerator -
				Generating unique operation named: listAllUsingGET_329
2025-02-17 18:00:57 [restartedMain] INFO  s.d.s.w.r.o.CachingOperationNameGenerator -
				Generating unique operation named: saveSubjectTypeUsingPOST_40
2025-02-17 18:00:57 [restartedMain] INFO  s.d.s.w.r.o.CachingOperationNameGenerator -
				Generating unique operation named: updateUsingPUT_362
2025-02-17 18:00:57 [restartedMain] INFO  s.d.s.w.s.ApiListingReferenceScanner -
				Scanning for api listing references
2025-02-17 18:00:57 [restartedMain] INFO  s.d.s.w.r.o.CachingOperationNameGenerator -
				Generating unique operation named: activateUsingDELETE_136
2025-02-17 18:00:57 [restartedMain] INFO  s.d.s.w.r.o.CachingOperationNameGenerator -
				Generating unique operation named: deactivateUsingDELETE_136
2025-02-17 18:00:57 [restartedMain] INFO  s.d.s.w.r.o.CachingOperationNameGenerator -
				Generating unique operation named: getUsingGET_400
2025-02-17 18:00:57 [restartedMain] INFO  s.d.s.w.r.o.CachingOperationNameGenerator -
				Generating unique operation named: getAllLeaveApplyUsingGET_1
2025-02-17 18:00:57 [restartedMain] INFO  s.d.s.w.r.o.CachingOperationNameGenerator -
				Generating unique operation named: listAllUsingGET_330
2025-02-17 18:00:57 [restartedMain] INFO  s.d.s.w.r.o.CachingOperationNameGenerator -
				Generating unique operation named: saveDocumentsUsingPOST_1
2025-02-17 18:00:57 [restartedMain] INFO  s.d.s.w.r.o.CachingOperationNameGenerator -
				Generating unique operation named: updateUsingPUT_363
2025-02-17 18:00:57 [restartedMain] INFO  s.d.s.w.r.o.CachingOperationNameGenerator -
				Generating unique operation named: uploadFileUsingPOST_53
2025-02-17 18:00:57 [restartedMain] INFO  s.d.s.w.r.o.CachingOperationNameGenerator -
				Generating unique operation named: viewFilesUsingGET_50
2025-02-17 18:00:57 [restartedMain] INFO  s.d.s.w.r.o.CachingOperationNameGenerator -
				Generating unique operation named: deleteUsingDELETE_262
2025-02-17 18:00:57 [restartedMain] INFO  s.d.s.w.r.o.CachingOperationNameGenerator -
				Generating unique operation named: delete1UsingDELETE_207
2025-02-17 18:00:57 [restartedMain] INFO  s.d.s.w.r.o.CachingOperationNameGenerator -
				Generating unique operation named: getUsingGET_401
2025-02-17 18:00:57 [restartedMain] INFO  s.d.s.w.r.o.CachingOperationNameGenerator -
				Generating unique operation named: getAvailableBlockAndRoomsUsingGET_1
2025-02-17 18:00:57 [restartedMain] INFO  s.d.s.w.r.o.CachingOperationNameGenerator -
				Generating unique operation named: listAllUsingGET_331
2025-02-17 18:00:57 [restartedMain] INFO  s.d.s.w.r.o.CachingOperationNameGenerator -
				Generating unique operation named: listAll1UsingGET_158
2025-02-17 18:00:57 [restartedMain] INFO  s.d.s.w.r.o.CachingOperationNameGenerator -
				Generating unique operation named: saveEventBlockedRoomsUsingPOST_1
2025-02-17 18:00:57 [restartedMain] INFO  s.d.s.w.r.o.CachingOperationNameGenerator -
				Generating unique operation named: updateUsingPUT_364
2025-02-17 18:00:57 [restartedMain] INFO  s.d.s.w.r.o.CachingOperationNameGenerator -
				Generating unique operation named: deleteUsingDELETE_263
2025-02-17 18:00:57 [restartedMain] INFO  s.d.s.w.r.o.CachingOperationNameGenerator -
				Generating unique operation named: delete1UsingDELETE_208
2025-02-17 18:00:57 [restartedMain] INFO  s.d.s.w.r.o.CachingOperationNameGenerator -
				Generating unique operation named: fetchAllEventCreationDetailsUsingGET_1
2025-02-17 18:00:57 [restartedMain] INFO  s.d.s.w.r.o.CachingOperationNameGenerator -
				Generating unique operation named: fetchAllEventCreationForApproverUsingGET_1
2025-02-17 18:00:57 [restartedMain] INFO  s.d.s.w.r.o.CachingOperationNameGenerator -
				Generating unique operation named: fetchEventDetailsOnSchoolIdUsingGET_1
2025-02-17 18:00:57 [restartedMain] INFO  s.d.s.w.r.o.CachingOperationNameGenerator -
				Generating unique operation named: getUsingGET_402
2025-02-17 18:00:57 [restartedMain] INFO  s.d.s.w.r.o.CachingOperationNameGenerator -
				Generating unique operation named: getEventReportDetailsUsingGET_1
2025-02-17 18:00:57 [restartedMain] INFO  s.d.s.w.r.o.CachingOperationNameGenerator -
				Generating unique operation named: listAllUsingGET_332
2025-02-17 18:00:57 [restartedMain] INFO  s.d.s.w.r.o.CachingOperationNameGenerator -
				Generating unique operation named: saveEventCreationUsingPOST_1
2025-02-17 18:00:57 [restartedMain] INFO  s.d.s.w.r.o.CachingOperationNameGenerator -
				Generating unique operation named: updateUsingPUT_365
2025-02-17 18:00:57 [restartedMain] INFO  s.d.s.w.r.o.CachingOperationNameGenerator -
				Generating unique operation named: updateEventCreationUsingPUT_1
2025-02-17 18:00:57 [restartedMain] INFO  s.d.s.w.r.o.CachingOperationNameGenerator -
				Generating unique operation named: downloadImageFileUsingGET_5
2025-02-17 18:00:57 [restartedMain] INFO  s.d.s.w.r.o.CachingOperationNameGenerator -
				Generating unique operation named: eventImageAttachmentsDetailsUsingGET_1
2025-02-17 18:00:57 [restartedMain] INFO  s.d.s.w.r.o.CachingOperationNameGenerator -
				Generating unique operation named: uploadFileUsingPOST_54
2025-02-17 18:00:57 [restartedMain] INFO  s.d.s.w.r.o.CachingOperationNameGenerator -
				Generating unique operation named: deleteUsingDELETE_264
2025-02-17 18:00:57 [restartedMain] INFO  s.d.s.w.r.o.CachingOperationNameGenerator -
				Generating unique operation named: delete1UsingDELETE_209
2025-02-17 18:00:57 [restartedMain] INFO  s.d.s.w.r.o.CachingOperationNameGenerator -
				Generating unique operation named: fetchAllAdministrationEmailIdsDetailUsingGET_24
2025-02-17 18:00:57 [restartedMain] INFO  s.d.s.w.r.o.CachingOperationNameGenerator -
				Generating unique operation named: fetchAllNotificationsForIndexBasedOnUserUsingGET_1
2025-02-17 18:00:57 [restartedMain] INFO  s.d.s.w.r.o.CachingOperationNameGenerator -
				Generating unique operation named: getUsingGET_403
2025-02-17 18:00:57 [restartedMain] INFO  s.d.s.w.r.o.CachingOperationNameGenerator -
				Generating unique operation named: getCountOfNotificationUsingGET_1
2025-02-17 18:00:57 [restartedMain] INFO  s.d.s.w.r.o.CachingOperationNameGenerator -
				Generating unique operation named: getDepartmentWithSchoolsUsingGET_1
2025-02-17 18:00:57 [restartedMain] INFO  s.d.s.w.r.o.CachingOperationNameGenerator -
				Generating unique operation named: getLatestFiveNotificationsUsingGET_1
2025-02-17 18:00:57 [restartedMain] INFO  s.d.s.w.r.o.CachingOperationNameGenerator -
				Generating unique operation named: getNotificationDataBasedOnDeptUsingGET_1
2025-02-17 18:00:57 [restartedMain] INFO  s.d.s.w.r.o.CachingOperationNameGenerator -
				Generating unique operation named: getNotificationDataOfTodayUsingGET_1
2025-02-17 18:00:57 [restartedMain] INFO  s.d.s.w.r.o.CachingOperationNameGenerator -
				Generating unique operation named: listAllUsingGET_333
2025-02-17 18:00:57 [restartedMain] INFO  s.d.s.w.r.o.CachingOperationNameGenerator -
				Generating unique operation named: listAll1UsingGET_159
2025-02-17 18:00:57 [restartedMain] INFO  s.d.s.w.r.o.CachingOperationNameGenerator -
				Generating unique operation named: saveNotificationUsingPOST_1
2025-02-17 18:00:57 [restartedMain] INFO  s.d.s.w.r.o.CachingOperationNameGenerator -
				Generating unique operation named: updateNotificationUsingPUT_1
2025-02-17 18:00:57 [restartedMain] INFO  s.d.s.w.r.o.CachingOperationNameGenerator -
				Generating unique operation named: uploadFileUsingPOST_55
2025-02-17 18:00:57 [restartedMain] INFO  s.d.s.w.r.o.CachingOperationNameGenerator -
				Generating unique operation named: viewFilesUsingGET_51
2025-02-17 18:00:57 [restartedMain] INFO  s.d.s.w.r.o.CachingOperationNameGenerator -
				Generating unique operation named: deleteUsingDELETE_265
2025-02-17 18:00:57 [restartedMain] INFO  s.d.s.w.r.o.CachingOperationNameGenerator -
				Generating unique operation named: delete1UsingDELETE_210
2025-02-17 18:00:57 [restartedMain] INFO  s.d.s.w.r.o.CachingOperationNameGenerator -
				Generating unique operation named: getUsingGET_404
2025-02-17 18:00:57 [restartedMain] INFO  s.d.s.w.r.o.CachingOperationNameGenerator -
				Generating unique operation named: listAllUsingGET_334
2025-02-17 18:00:57 [restartedMain] INFO  s.d.s.w.r.o.CachingOperationNameGenerator -
				Generating unique operation named: listAll1UsingGET_160
2025-02-17 18:00:57 [restartedMain] INFO  s.d.s.w.r.o.CachingOperationNameGenerator -
				Generating unique operation named: saveOrganizationUsingPOST_1
2025-02-17 18:00:57 [restartedMain] INFO  s.d.s.w.r.o.CachingOperationNameGenerator -
				Generating unique operation named: schoolValidationUsingGET_2
2025-02-17 18:00:57 [restartedMain] INFO  s.d.s.w.r.o.CachingOperationNameGenerator -
				Generating unique operation named: updateUsingPUT_366
2025-02-17 18:00:57 [restartedMain] INFO  s.d.s.w.r.o.CachingOperationNameGenerator -
				Generating unique operation named: activateUsingDELETE_137
2025-02-17 18:00:57 [restartedMain] INFO  s.d.s.w.r.o.CachingOperationNameGenerator -
				Generating unique operation named: deactivateUsingDELETE_137
2025-02-17 18:00:57 [restartedMain] INFO  s.d.s.w.r.o.CachingOperationNameGenerator -
				Generating unique operation named: getUsingGET_405
2025-02-17 18:00:57 [restartedMain] INFO  s.d.s.w.r.o.CachingOperationNameGenerator -
				Generating unique operation named: getAllSchoolsDataUsingGET_1
2025-02-17 18:00:57 [restartedMain] INFO  s.d.s.w.r.o.CachingOperationNameGenerator -
				Generating unique operation named: getSchoolDetailsUsingGET_1
2025-02-17 18:00:57 [restartedMain] INFO  s.d.s.w.r.o.CachingOperationNameGenerator -
				Generating unique operation named: getschoolCountUsingGET_1
2025-02-17 18:00:57 [restartedMain] INFO  s.d.s.w.r.o.CachingOperationNameGenerator -
				Generating unique operation named: listAllUsingGET_335
2025-02-17 18:00:57 [restartedMain] INFO  s.d.s.w.r.o.CachingOperationNameGenerator -
				Generating unique operation named: listAll13UsingGET_1
2025-02-17 18:00:57 [restartedMain] INFO  s.d.s.w.r.o.CachingOperationNameGenerator -
				Generating unique operation named: listAll15UsingGET_1
2025-02-17 18:00:57 [restartedMain] INFO  s.d.s.w.r.o.CachingOperationNameGenerator -
				Generating unique operation named: listAll16UsingGET_1
2025-02-17 18:00:57 [restartedMain] INFO  s.d.s.w.r.o.CachingOperationNameGenerator -
				Generating unique operation named: listAll3UsingGET_1
2025-02-17 18:00:57 [restartedMain] INFO  s.d.s.w.r.o.CachingOperationNameGenerator -
				Generating unique operation named: saveSchoolUsingPOST_1
2025-02-17 18:00:57 [restartedMain] INFO  s.d.s.w.r.o.CachingOperationNameGenerator -
				Generating unique operation named: schoolValidationUsingGET_3
2025-02-17 18:00:57 [restartedMain] INFO  s.d.s.w.r.o.CachingOperationNameGenerator -
				Generating unique operation named: updateUsingPUT_367
2025-02-17 18:00:58 [restartedMain] INFO  s.d.s.w.s.ApiListingReferenceScanner -
				Scanning for api listing references
2025-02-17 18:00:58 [restartedMain] INFO  s.d.s.w.r.o.CachingOperationNameGenerator -
				Generating unique operation named: activeListUsingGET_1
2025-02-17 18:00:58 [restartedMain] INFO  s.d.s.w.r.o.CachingOperationNameGenerator -
				Generating unique operation named: createUsingPOST_1
2025-02-17 18:00:58 [restartedMain] INFO  s.d.s.w.r.o.CachingOperationNameGenerator -
				Generating unique operation named: deleteUsingDELETE_266
2025-02-17 18:00:58 [restartedMain] INFO  s.d.s.w.r.o.CachingOperationNameGenerator -
				Generating unique operation named: delete1UsingDELETE_211
2025-02-17 18:00:58 [restartedMain] INFO  s.d.s.w.r.o.CachingOperationNameGenerator -
				Generating unique operation named: getUsingGET_406
2025-02-17 18:00:58 [restartedMain] INFO  s.d.s.w.r.o.CachingOperationNameGenerator -
				Generating unique operation named: getAllRolesDetailsUsingGET_8
2025-02-17 18:00:58 [restartedMain] INFO  s.d.s.w.r.o.CachingOperationNameGenerator -
				Generating unique operation named: getItemNameConcatWithdescriptionAndMakeUsingGET_1
2025-02-17 18:00:58 [restartedMain] INFO  s.d.s.w.r.o.CachingOperationNameGenerator -
				Generating unique operation named: updateUsingPUT_368
2025-02-17 18:00:58 [restartedMain] INFO  s.d.s.w.r.o.CachingOperationNameGenerator -
				Generating unique operation named: activateItemAssignmentUsingDELETE_2
2025-02-17 18:00:58 [restartedMain] INFO  s.d.s.w.r.o.CachingOperationNameGenerator -
				Generating unique operation named: deactivateItemAssignmentUsingDELETE_2
2025-02-17 18:00:58 [restartedMain] INFO  s.d.s.w.r.o.CachingOperationNameGenerator -
				Generating unique operation named: getUsingGET_407
2025-02-17 18:00:58 [restartedMain] INFO  s.d.s.w.r.o.CachingOperationNameGenerator -
				Generating unique operation named: getAllItemCreationDetailsUsingGET_3
2025-02-17 18:00:58 [restartedMain] INFO  s.d.s.w.r.o.CachingOperationNameGenerator -
				Generating unique operation named: listAllActiveItemAssignmentUsingGET_1
2025-02-17 18:00:58 [restartedMain] INFO  s.d.s.w.r.o.CachingOperationNameGenerator -
				Generating unique operation named: saveItemAssignmentUsingPOST_1
2025-02-17 18:00:58 [restartedMain] INFO  s.d.s.w.r.o.CachingOperationNameGenerator -
				Generating unique operation named: updateItemCreationUsingPUT_2
2025-02-17 18:00:58 [restartedMain] INFO  s.d.s.w.r.o.CachingOperationNameGenerator -
				Generating unique operation named: allActiveitemsDetailsUsingGET_1
2025-02-17 18:00:58 [restartedMain] INFO  s.d.s.w.r.o.CachingOperationNameGenerator -
				Generating unique operation named: deleteUsingDELETE_267
2025-02-17 18:00:58 [restartedMain] INFO  s.d.s.w.r.o.CachingOperationNameGenerator -
				Generating unique operation named: delete1UsingDELETE_212
2025-02-17 18:00:58 [restartedMain] INFO  s.d.s.w.r.o.CachingOperationNameGenerator -
				Generating unique operation named: getUsingGET_408
2025-02-17 18:00:58 [restartedMain] INFO  s.d.s.w.r.o.CachingOperationNameGenerator -
				Generating unique operation named: getAllItemCreationDetailsUsingGET_4
2025-02-17 18:00:58 [restartedMain] INFO  s.d.s.w.r.o.CachingOperationNameGenerator -
				Generating unique operation named: listAll1UsingGET_161
2025-02-17 18:00:58 [restartedMain] INFO  s.d.s.w.r.o.CachingOperationNameGenerator -
				Generating unique operation named: saveItemsCreationUsingPOST_1
2025-02-17 18:00:58 [restartedMain] INFO  s.d.s.w.r.o.CachingOperationNameGenerator -
				Generating unique operation named: updateItemCreationUsingPUT_3
2025-02-17 18:00:58 [restartedMain] INFO  s.d.s.w.r.o.CachingOperationNameGenerator -
				Generating unique operation named: activateUsingDELETE_138
2025-02-17 18:00:58 [restartedMain] INFO  s.d.s.w.r.o.CachingOperationNameGenerator -
				Generating unique operation named: deactivateUsingDELETE_138
2025-02-17 18:00:58 [restartedMain] INFO  s.d.s.w.r.o.CachingOperationNameGenerator -
				Generating unique operation named: fetchAllStoreIndentRequestBasedOnUserIdUsingGET_1
2025-02-17 18:00:58 [restartedMain] INFO  s.d.s.w.r.o.CachingOperationNameGenerator -
				Generating unique operation named: getUsingGET_409
2025-02-17 18:00:58 [restartedMain] INFO  s.d.s.w.r.o.CachingOperationNameGenerator -
				Generating unique operation named: getAllExamDetailsUsingGET_4
2025-02-17 18:00:58 [restartedMain] INFO  s.d.s.w.r.o.CachingOperationNameGenerator -
				Generating unique operation named: getApprovedDataUsingGET_1
2025-02-17 18:00:58 [restartedMain] INFO  s.d.s.w.r.o.CachingOperationNameGenerator -
				Generating unique operation named: getApprovedStoreIndentRequestByIndentTicketUsingGET_1
2025-02-17 18:00:58 [restartedMain] INFO  s.d.s.w.r.o.CachingOperationNameGenerator -
				Generating unique operation named: getApproveddataUsingGET_1
2025-02-17 18:00:58 [restartedMain] INFO  s.d.s.w.r.o.CachingOperationNameGenerator -
				Generating unique operation named: getDataForDisplayingUsingGET_2
2025-02-17 18:00:58 [restartedMain] INFO  s.d.s.w.r.o.CachingOperationNameGenerator -
				Generating unique operation named: getDataForDisplayingUsingGET_3
2025-02-17 18:00:58 [restartedMain] INFO  s.d.s.w.r.o.CachingOperationNameGenerator -
				Generating unique operation named: getDataForDisplaying2UsingGET_1
2025-02-17 18:00:58 [restartedMain] INFO  s.d.s.w.r.o.CachingOperationNameGenerator -
				Generating unique operation named: getEmpNameConcatWithDateUsingGET_1
2025-02-17 18:00:58 [restartedMain] INFO  s.d.s.w.r.o.CachingOperationNameGenerator -
				Generating unique operation named: getItemApproverDataBasedOnIndentTicketUsingGET_1
2025-02-17 18:00:58 [restartedMain] INFO  s.d.s.w.r.o.CachingOperationNameGenerator -
				Generating unique operation named: getItemApproverdataUsingGET_2
2025-02-17 18:00:58 [restartedMain] INFO  s.d.s.w.r.o.CachingOperationNameGenerator -
				Generating unique operation named: getItemApproverdataBasedOnUserIdUsingGET_1
2025-02-17 18:00:58 [restartedMain] INFO  s.d.s.w.r.o.CachingOperationNameGenerator -
				Generating unique operation named: getStoreIndentdetailsByStoreIndentIdUsingGET_1
2025-02-17 18:00:58 [restartedMain] INFO  s.d.s.w.r.o.CachingOperationNameGenerator -
				Generating unique operation named: listAllUsingGET_336
2025-02-17 18:00:58 [restartedMain] INFO  s.d.s.w.r.o.CachingOperationNameGenerator -
				Generating unique operation named: saveStoreIndentRequestUsingPOST_2
2025-02-17 18:00:58 [restartedMain] INFO  s.d.s.w.r.o.CachingOperationNameGenerator -
				Generating unique operation named: storeIndentRequestApprovedDataUsingGET_1
2025-02-17 18:00:58 [restartedMain] INFO  s.d.s.w.r.o.CachingOperationNameGenerator -
				Generating unique operation named: updateUsingPUT_369
2025-02-17 18:00:58 [restartedMain] INFO  s.d.s.w.r.o.CachingOperationNameGenerator -
				Generating unique operation named: updateAvailableItemInStoreUsingPUT_1
2025-02-17 18:00:58 [restartedMain] INFO  s.d.s.w.r.o.CachingOperationNameGenerator -
				Generating unique operation named: updateReceiveStatusUsingPUT_1
2025-02-17 18:00:58 [restartedMain] INFO  s.d.s.w.r.o.CachingOperationNameGenerator -
				Generating unique operation named: uploadFileUsingPOST_56
2025-02-17 18:00:58 [restartedMain] INFO  s.d.s.w.r.o.CachingOperationNameGenerator -
				Generating unique operation named: viewFilesUsingGET_52
2025-02-17 18:00:58 [restartedMain] INFO  s.d.s.w.r.o.CachingOperationNameGenerator -
				Generating unique operation named: getItemApproverdataUsingGET_3
2025-02-17 18:00:58 [restartedMain] INFO  s.d.s.w.r.o.CachingOperationNameGenerator -
				Generating unique operation named: saveStoreIndentRequestUsingPOST_3
2025-02-17 18:00:58 [restartedMain] INFO  s.d.s.w.r.o.CachingOperationNameGenerator -
				Generating unique operation named: activateItemAssignmentUsingDELETE_3
2025-02-17 18:00:58 [restartedMain] INFO  s.d.s.w.r.o.CachingOperationNameGenerator -
				Generating unique operation named: deactivateItemAssignmentUsingDELETE_3
2025-02-17 18:00:58 [restartedMain] INFO  s.d.s.w.r.o.CachingOperationNameGenerator -
				Generating unique operation named: getUsingGET_410
2025-02-17 18:00:58 [restartedMain] INFO  s.d.s.w.r.o.CachingOperationNameGenerator -
				Generating unique operation named: getAllItemCreationDetailsUsingGET_5
2025-02-17 18:00:58 [restartedMain] INFO  s.d.s.w.r.o.CachingOperationNameGenerator -
				Generating unique operation named: getEmpNameConcatWithCodeUsingGET_1
2025-02-17 18:00:58 [restartedMain] INFO  s.d.s.w.r.o.CachingOperationNameGenerator -
				Generating unique operation named: listAllActiveStorePurchaseUsingGET_1
2025-02-17 18:00:58 [restartedMain] INFO  s.d.s.w.r.o.CachingOperationNameGenerator -
				Generating unique operation named: savestorePurchaseUsingPOST_1
2025-02-17 18:00:58 [restartedMain] INFO  s.d.s.w.r.o.CachingOperationNameGenerator -
				Generating unique operation named: updateStorePurchaseUsingPUT_1
2025-02-17 18:00:58 [restartedMain] INFO  s.d.s.w.r.o.CachingOperationNameGenerator -
				Generating unique operation named: allStoresStockDetailsUsingGET_1
2025-02-17 18:00:58 [restartedMain] INFO  s.d.s.w.r.o.CachingOperationNameGenerator -
				Generating unique operation named: createStoresStockUsingPOST_1
2025-02-17 18:00:58 [restartedMain] INFO  s.d.s.w.r.o.CachingOperationNameGenerator -
				Generating unique operation named: deleteUsingDELETE_268
2025-02-17 18:00:58 [restartedMain] INFO  s.d.s.w.r.o.CachingOperationNameGenerator -
				Generating unique operation named: delete1UsingDELETE_213
2025-02-17 18:00:58 [restartedMain] INFO  s.d.s.w.r.o.CachingOperationNameGenerator -
				Generating unique operation named: getUsingGET_411
2025-02-17 18:00:58 [restartedMain] INFO  s.d.s.w.r.o.CachingOperationNameGenerator -
				Generating unique operation named: getActiveDetailsUsingGET_7
2025-02-17 18:00:58 [restartedMain] INFO  s.d.s.w.r.o.CachingOperationNameGenerator -
				Generating unique operation named: getAllDetailsUsingGET_5
2025-02-17 18:00:58 [restartedMain] INFO  s.d.s.w.r.o.CachingOperationNameGenerator -
				Generating unique operation named: updateUsingPUT_370
2025-02-17 18:00:58 [restartedMain] INFO  s.d.s.w.r.o.CachingOperationNameGenerator -
				Generating unique operation named: downloadFileUsingGET_21
2025-02-17 18:00:58 [restartedMain] INFO  s.d.s.w.r.o.CachingOperationNameGenerator -
				Generating unique operation named: getUsingGET_412
2025-02-17 18:00:58 [restartedMain] INFO  s.d.s.w.r.o.CachingOperationNameGenerator -
				Generating unique operation named: saveVendorAttachmentsUsingPOST_1
2025-02-17 18:00:58 [restartedMain] INFO  s.d.s.w.r.o.CachingOperationNameGenerator -
				Generating unique operation named: uploadFileUsingPOST_57
2025-02-17 18:00:58 [restartedMain] INFO  s.d.s.w.r.o.CachingOperationNameGenerator -
				Generating unique operation named: vendorAttachmentDetailsUsingGET_1
2025-02-17 18:00:58 [restartedMain] INFO  s.d.s.w.r.o.CachingOperationNameGenerator -
				Generating unique operation named: deleteUsingDELETE_269
2025-02-17 18:00:58 [restartedMain] INFO  s.d.s.w.r.o.CachingOperationNameGenerator -
				Generating unique operation named: delete1UsingDELETE_214
2025-02-17 18:00:58 [restartedMain] INFO  s.d.s.w.r.o.CachingOperationNameGenerator -
				Generating unique operation named: getActiveVendorDetailsUsingGET_2
2025-02-17 18:00:58 [restartedMain] INFO  s.d.s.w.r.o.CachingOperationNameGenerator -
				Generating unique operation named: getAllVendorDetailsUsingGET_2
2025-02-17 18:00:58 [restartedMain] INFO  s.d.s.w.r.o.CachingOperationNameGenerator -
				Generating unique operation named: getVendorDetailsByIdUsingGET_1
2025-02-17 18:00:58 [restartedMain] INFO  s.d.s.w.r.o.CachingOperationNameGenerator -
				Generating unique operation named: getVoucherHeadNewDataFromVendorUsingGET_1
2025-02-17 18:00:58 [restartedMain] INFO  s.d.s.w.r.o.CachingOperationNameGenerator -
				Generating unique operation named: saveVendorUsingPOST_1
2025-02-17 18:00:58 [restartedMain] INFO  s.d.s.w.r.o.CachingOperationNameGenerator -
				Generating unique operation named: updateUsingPUT_371
2025-02-17 18:00:58 [restartedMain] INFO  s.d.s.w.r.o.CachingOperationNameGenerator -
				Generating unique operation named: getActiveVendorDetailsUsingGET_3
2025-02-17 18:00:58 [restartedMain] INFO  s.d.s.w.r.o.CachingOperationNameGenerator -
				Generating unique operation named: getAllVendorDetailsUsingGET_3
2025-02-17 18:00:58 [restartedMain] INFO  s.d.s.w.r.o.CachingOperationNameGenerator -
				Generating unique operation named: saveVendorHistoryUsingPOST_1
2025-02-17 18:00:58 [restartedMain] INFO  s.d.s.w.r.o.CachingOperationNameGenerator -
				Generating unique operation named: ListAll1UsingGET_1
2025-02-17 18:00:58 [restartedMain] INFO  s.d.s.w.r.o.CachingOperationNameGenerator -
				Generating unique operation named: deleteUsingDELETE_270
2025-02-17 18:00:58 [restartedMain] INFO  s.d.s.w.r.o.CachingOperationNameGenerator -
				Generating unique operation named: delete1UsingDELETE_215
2025-02-17 18:00:58 [restartedMain] INFO  s.d.s.w.r.o.CachingOperationNameGenerator -
				Generating unique operation named: getUsingGET_413
2025-02-17 18:00:58 [restartedMain] INFO  s.d.s.w.r.o.CachingOperationNameGenerator -
				Generating unique operation named: getAllVendorOpeningbalanceUsingGET_1
2025-02-17 18:00:58 [restartedMain] INFO  s.d.s.w.r.o.CachingOperationNameGenerator -
				Generating unique operation named: getVendorOpeningBalanceByVoucherHeadIdUsingGET_1
2025-02-17 18:00:58 [restartedMain] INFO  s.d.s.w.r.o.CachingOperationNameGenerator -
				Generating unique operation named: saveVendorOpeningBalanceUsingPOST_1
2025-02-17 18:00:58 [restartedMain] INFO  s.d.s.w.r.o.CachingOperationNameGenerator -
				Generating unique operation named: updateUsingPUT_372
2025-02-17 18:00:58 [restartedMain] INFO  s.d.s.w.r.o.CachingOperationNameGenerator -
				Generating unique operation named: updateUsingPUT_373
2025-02-17 18:00:58 [restartedMain] INFO  s.d.s.w.s.ApiListingReferenceScanner -
				Scanning for api listing references
2025-02-17 18:00:58 [restartedMain] INFO  s.d.s.w.r.o.CachingOperationNameGenerator -
				Generating unique operation named: deleteUsingDELETE_271
2025-02-17 18:00:58 [restartedMain] INFO  s.d.s.w.r.o.CachingOperationNameGenerator -
				Generating unique operation named: delete1UsingDELETE_216
2025-02-17 18:00:58 [restartedMain] INFO  s.d.s.w.r.o.CachingOperationNameGenerator -
				Generating unique operation named: getUsingGET_414
2025-02-17 18:00:58 [restartedMain] INFO  s.d.s.w.r.o.CachingOperationNameGenerator -
				Generating unique operation named: getAllActiveProctorsUsingGET_1
2025-02-17 18:00:58 [restartedMain] INFO  s.d.s.w.r.o.CachingOperationNameGenerator -
				Generating unique operation named: getAllProctorHeadDetailsUsingGET_3
2025-02-17 18:00:58 [restartedMain] INFO  s.d.s.w.r.o.CachingOperationNameGenerator -
				Generating unique operation named: listAllUsingGET_337
2025-02-17 18:00:58 [restartedMain] INFO  s.d.s.w.r.o.CachingOperationNameGenerator -
				Generating unique operation named: saveProctorHeadUsingPOST_1
2025-02-17 18:00:58 [restartedMain] INFO  s.d.s.w.r.o.CachingOperationNameGenerator -
				Generating unique operation named: updateUsingPUT_374
2025-02-17 18:00:58 [restartedMain] INFO  s.d.s.w.r.o.CachingOperationNameGenerator -
				Generating unique operation named: fetch1UsingGET_7
2025-02-17 18:00:58 [restartedMain] INFO  s.d.s.w.r.o.CachingOperationNameGenerator -
				Generating unique operation named: listAllUsingGET_338
2025-02-17 18:00:58 [restartedMain] INFO  s.d.s.w.r.o.CachingOperationNameGenerator -
				Generating unique operation named: saveProctorHeadHistoryUsingPOST_1
2025-02-17 18:00:58 [restartedMain] INFO  s.d.s.w.r.o.CachingOperationNameGenerator -
				Generating unique operation named: saveProctorHeadHistory1UsingPOST_1
2025-02-17 18:00:58 [restartedMain] INFO  s.d.s.w.r.o.CachingOperationNameGenerator -
				Generating unique operation named: deleteUsingDELETE_272
2025-02-17 18:00:58 [restartedMain] INFO  s.d.s.w.r.o.CachingOperationNameGenerator -
				Generating unique operation named: delete1UsingDELETE_217
2025-02-17 18:00:58 [restartedMain] INFO  s.d.s.w.r.o.CachingOperationNameGenerator -
				Generating unique operation named: getUsingGET_415
2025-02-17 18:00:58 [restartedMain] INFO  s.d.s.w.r.o.CachingOperationNameGenerator -
				Generating unique operation named: getAllListUsingGET_1
2025-02-17 18:00:58 [restartedMain] INFO  s.d.s.w.r.o.CachingOperationNameGenerator -
				Generating unique operation named: getAllProctorHeadDetailsUsingGET_4
2025-02-17 18:00:58 [restartedMain] INFO  s.d.s.w.r.o.CachingOperationNameGenerator -
				Generating unique operation named: getCountOfStudentBasedOnUserIdUsingGET_1
2025-02-17 18:00:58 [restartedMain] INFO  s.d.s.w.r.o.CachingOperationNameGenerator -
				Generating unique operation named: getProctorStatusAssignedStudentDetailsListUsingGET_1
2025-02-17 18:00:58 [restartedMain] INFO  s.d.s.w.r.o.CachingOperationNameGenerator -
				Generating unique operation named: getProctorStatusAssignedStudentDetailsListByUserIdUsingGET_1
2025-02-17 18:00:58 [restartedMain] INFO  s.d.s.w.r.o.CachingOperationNameGenerator -
				Generating unique operation named: getProctorStatusAssignedStudentsByUserIdUsingGET_1
2025-02-17 18:00:58 [restartedMain] INFO  s.d.s.w.r.o.CachingOperationNameGenerator -
				Generating unique operation named: listAllUsingGET_339
2025-02-17 18:00:58 [restartedMain] INFO  s.d.s.w.r.o.CachingOperationNameGenerator -
				Generating unique operation named: saveProctorStudentAssignmentUsingPOST_2
2025-02-17 18:00:58 [restartedMain] INFO  s.d.s.w.r.o.CachingOperationNameGenerator -
				Generating unique operation named: updateUsingPUT_375
2025-02-17 18:00:58 [restartedMain] INFO  s.d.s.w.r.o.CachingOperationNameGenerator -
				Generating unique operation named: getAllProctorHeadDetailsUsingGET_5
2025-02-17 18:00:58 [restartedMain] INFO  s.d.s.w.r.o.CachingOperationNameGenerator -
				Generating unique operation named: proctorStudentAssignmentHistoryDetailByUserIdUsingGET_1
2025-02-17 18:00:58 [restartedMain] INFO  s.d.s.w.r.o.CachingOperationNameGenerator -
				Generating unique operation named: saveProctorStudentAssignmentUsingPOST_3
2025-02-17 18:00:58 [restartedMain] INFO  s.d.s.w.r.o.CachingOperationNameGenerator -
				Generating unique operation named: deleteUsingDELETE_273
2025-02-17 18:00:58 [restartedMain] INFO  s.d.s.w.r.o.CachingOperationNameGenerator -
				Generating unique operation named: delete1UsingDELETE_218
2025-02-17 18:00:58 [restartedMain] INFO  s.d.s.w.r.o.CachingOperationNameGenerator -
				Generating unique operation named: fetchAllProctorStudentMeetingUsingGET_1
2025-02-17 18:00:58 [restartedMain] INFO  s.d.s.w.r.o.CachingOperationNameGenerator -
				Generating unique operation named: fetchAllProctorStudentMeetingBasedOnUserIdUsingGET_1
2025-02-17 18:00:58 [restartedMain] INFO  s.d.s.w.r.o.CachingOperationNameGenerator -
				Generating unique operation named: getUsingGET_416
2025-02-17 18:00:58 [restartedMain] INFO  s.d.s.w.r.o.CachingOperationNameGenerator -
				Generating unique operation named: getAllMailHistoryBasedOnMentorUsingGET_1
2025-02-17 18:00:58 [restartedMain] INFO  s.d.s.w.r.o.CachingOperationNameGenerator -
				Generating unique operation named: saveProctorStudentMeetingUsingPOST_1
2025-02-17 18:00:58 [restartedMain] INFO  s.d.s.w.r.o.CachingOperationNameGenerator -
				Generating unique operation named: sendEmailMessageForMeetingUsingPOST_1
2025-02-17 18:00:58 [restartedMain] INFO  s.d.s.w.r.o.CachingOperationNameGenerator -
				Generating unique operation named: updateProctorStudentMeetingUsingPUT_1
2025-02-17 18:00:58 [restartedMain] INFO  s.d.s.w.s.ApiListingReferenceScanner -
				Scanning for api listing references
2025-02-17 18:00:58 [restartedMain] INFO  s.d.s.w.s.ApiListingReferenceScanner -
				Scanning for api listing references
2025-02-17 18:00:58 [restartedMain] INFO  s.d.s.w.r.o.CachingOperationNameGenerator -
				Generating unique operation named: activateUsingDELETE_139
2025-02-17 18:00:58 [restartedMain] INFO  s.d.s.w.r.o.CachingOperationNameGenerator -
				Generating unique operation named: checkAuidWithFeeTypeIsAlreadyPresentOrNotUsingGET_1
2025-02-17 18:00:58 [restartedMain] INFO  s.d.s.w.r.o.CachingOperationNameGenerator -
				Generating unique operation named: createAcerpAmountUsingPOST_1
2025-02-17 18:00:58 [restartedMain] INFO  s.d.s.w.r.o.CachingOperationNameGenerator -
				Generating unique operation named: deactivateUsingDELETE_139
2025-02-17 18:00:58 [restartedMain] INFO  s.d.s.w.r.o.CachingOperationNameGenerator -
				Generating unique operation named: fetchAllAcerpAmountUsingGET_1
2025-02-17 18:00:58 [restartedMain] INFO  s.d.s.w.r.o.CachingOperationNameGenerator -
				Generating unique operation named: getUsingGET_417
2025-02-17 18:00:58 [restartedMain] INFO  s.d.s.w.r.o.CachingOperationNameGenerator -
				Generating unique operation named: getAcerpAmountByAuidUsingGET_1
2025-02-17 18:00:58 [restartedMain] INFO  s.d.s.w.r.o.CachingOperationNameGenerator -
				Generating unique operation named: listAllUsingGET_340
2025-02-17 18:00:58 [restartedMain] INFO  s.d.s.w.r.o.CachingOperationNameGenerator -
				Generating unique operation named: updateUsingPUT_376
2025-02-17 18:00:58 [restartedMain] INFO  s.d.s.w.r.o.CachingOperationNameGenerator -
				Generating unique operation named: updateAcerpAmountByacerpAmountIdUsingPUT_1
2025-02-17 18:00:58 [restartedMain] INFO  s.d.s.w.r.o.CachingOperationNameGenerator -
				Generating unique operation named: uploadFileUsingPOST_58
2025-02-17 18:00:58 [restartedMain] INFO  s.d.s.w.r.o.CachingOperationNameGenerator -
				Generating unique operation named: viewFilesUsingGET_53
2025-02-17 18:00:58 [restartedMain] INFO  s.d.s.w.r.o.CachingOperationNameGenerator -
				Generating unique operation named: deleteUsingDELETE_274
2025-02-17 18:00:58 [restartedMain] INFO  s.d.s.w.r.o.CachingOperationNameGenerator -
				Generating unique operation named: getUsingGET_418
2025-02-17 18:00:58 [restartedMain] INFO  s.d.s.w.r.o.CachingOperationNameGenerator -
				Generating unique operation named: getApplicationDetailsUsingGET_1
2025-02-17 18:00:58 [restartedMain] INFO  s.d.s.w.r.o.CachingOperationNameGenerator -
				Generating unique operation named: listAllUsingGET_341
2025-02-17 18:00:58 [restartedMain] INFO  s.d.s.w.r.o.CachingOperationNameGenerator -
				Generating unique operation named: saveApplicantDetailsUsingPOST_1
2025-02-17 18:00:58 [restartedMain] INFO  s.d.s.w.r.o.CachingOperationNameGenerator -
				Generating unique operation named: updateUsingPUT_377
2025-02-17 18:00:58 [restartedMain] INFO  s.d.s.w.r.o.CachingOperationNameGenerator -
				Generating unique operation named: getUsingGET_419
2025-02-17 18:00:58 [restartedMain] INFO  s.d.s.w.r.o.CachingOperationNameGenerator -
				Generating unique operation named: getAllActiveApplicantPaidDetailsUsingGET_1
2025-02-17 18:00:58 [restartedMain] INFO  s.d.s.w.r.o.CachingOperationNameGenerator -
				Generating unique operation named: getApplicantPaidDetailsBasedOnIdUsingGET_1
2025-02-17 18:00:58 [restartedMain] INFO  s.d.s.w.r.o.CachingOperationNameGenerator -
				Generating unique operation named: saveApplicantPaidDetailsUsingPOST_1
2025-02-17 18:00:58 [restartedMain] INFO  s.d.s.w.r.o.CachingOperationNameGenerator -
				Generating unique operation named: updateApplicantPaidDetailsUsingPUT_1
2025-02-17 18:00:58 [restartedMain] INFO  s.d.s.w.r.o.CachingOperationNameGenerator -
				Generating unique operation named: activateUsingDELETE_140
2025-02-17 18:00:58 [restartedMain] INFO  s.d.s.w.r.o.CachingOperationNameGenerator -
				Generating unique operation named: bankImportSettlementUsingPOST_1
2025-02-17 18:00:58 [restartedMain] INFO  s.d.s.w.r.o.CachingOperationNameGenerator -
				Generating unique operation named: bankImportSettlementTriggerUsingPOST_1
2025-02-17 18:00:58 [restartedMain] INFO  s.d.s.w.r.o.CachingOperationNameGenerator -
				Generating unique operation named: bankImportTransactionUsingGET_1
2025-02-17 18:00:58 [restartedMain] INFO  s.d.s.w.r.o.CachingOperationNameGenerator -
				Generating unique operation named: bankImportTransactionDetailsOnAmountUsingGET_1
2025-02-17 18:00:58 [restartedMain] INFO  s.d.s.w.r.o.CachingOperationNameGenerator -
				Generating unique operation named: bankImportTransactionWithVoucherNameUsingGET_1
2025-02-17 18:00:58 [restartedMain] INFO  s.d.s.w.r.o.CachingOperationNameGenerator -
				Generating unique operation named: deactivateUsingDELETE_140
2025-02-17 18:00:58 [restartedMain] INFO  s.d.s.w.r.o.CachingOperationNameGenerator -
				Generating unique operation named: deleteBankImportTransactionUsingDELETE_1
2025-02-17 18:00:58 [restartedMain] INFO  s.d.s.w.r.o.CachingOperationNameGenerator -
				Generating unique operation named: fetchAllInactivebankImportTransactionDetailUsingGET_1
2025-02-17 18:00:58 [restartedMain] INFO  s.d.s.w.r.o.CachingOperationNameGenerator -
				Generating unique operation named: fetchAllbankImportTransactionDetailsForClearedHistoryUsingGET_1
2025-02-17 18:00:58 [restartedMain] INFO  s.d.s.w.r.o.CachingOperationNameGenerator -
				Generating unique operation named: getUsingGET_420
2025-02-17 18:00:58 [restartedMain] INFO  s.d.s.w.r.o.CachingOperationNameGenerator -
				Generating unique operation named: getAllBankImportTransactionUsingGET_5
2025-02-17 18:00:58 [restartedMain] INFO  s.d.s.w.r.o.CachingOperationNameGenerator -
				Generating unique operation named: listAllUsingGET_342
2025-02-17 18:00:58 [restartedMain] INFO  s.d.s.w.r.o.CachingOperationNameGenerator -
				Generating unique operation named: postDataFromFileUsingPOST_3
2025-02-17 18:00:58 [restartedMain] INFO  s.d.s.w.r.o.CachingOperationNameGenerator -
				Generating unique operation named: saveBankImportTransactionUsingPOST_1
2025-02-17 18:00:58 [restartedMain] INFO  s.d.s.w.r.o.CachingOperationNameGenerator -
				Generating unique operation named: saveBankImportTransaction1UsingPOST_1
2025-02-17 18:00:58 [restartedMain] INFO  s.d.s.w.r.o.CachingOperationNameGenerator -
				Generating unique operation named: updateUsingPUT_378
2025-02-17 18:00:58 [restartedMain] INFO  s.d.s.w.r.o.CachingOperationNameGenerator -
				Generating unique operation named: updateBankDetailsDataUsingPUT_1
2025-02-17 18:00:58 [restartedMain] INFO  s.d.s.w.r.o.CachingOperationNameGenerator -
				Generating unique operation named: deleteUsingDELETE_275
2025-02-17 18:00:58 [restartedMain] INFO  s.d.s.w.r.o.CachingOperationNameGenerator -
				Generating unique operation named: delete1UsingDELETE_219
2025-02-17 18:00:58 [restartedMain] INFO  s.d.s.w.r.o.CachingOperationNameGenerator -
				Generating unique operation named: getUsingGET_421
2025-02-17 18:00:58 [restartedMain] INFO  s.d.s.w.r.o.CachingOperationNameGenerator -
				Generating unique operation named: listAllUsingGET_343
2025-02-17 18:00:58 [restartedMain] INFO  s.d.s.w.r.o.CachingOperationNameGenerator -
				Generating unique operation named: listAll1UsingGET_162
2025-02-17 18:00:58 [restartedMain] INFO  s.d.s.w.r.o.CachingOperationNameGenerator -
				Generating unique operation named: saveBoardUsingPOST_1
2025-02-17 18:00:58 [restartedMain] INFO  s.d.s.w.r.o.CachingOperationNameGenerator -
				Generating unique operation named: updateUsingPUT_379
2025-02-17 18:00:58 [restartedMain] INFO  s.d.s.w.r.o.CachingOperationNameGenerator -
				Generating unique operation named: deleteUsingDELETE_276
2025-02-17 18:00:58 [restartedMain] INFO  s.d.s.w.r.o.CachingOperationNameGenerator -
				Generating unique operation named: delete1UsingDELETE_220
2025-02-17 18:00:58 [restartedMain] INFO  s.d.s.w.r.o.CachingOperationNameGenerator -
				Generating unique operation named: getUsingGET_422
2025-02-17 18:00:58 [restartedMain] INFO  s.d.s.w.r.o.CachingOperationNameGenerator -
				Generating unique operation named: getBoardBySchoolUsingGET_1
2025-02-17 18:00:58 [restartedMain] INFO  s.d.s.w.r.o.CachingOperationNameGenerator -
				Generating unique operation named: getBoardSchoolUsingGET_1
2025-02-17 18:00:58 [restartedMain] INFO  s.d.s.w.r.o.CachingOperationNameGenerator -
				Generating unique operation named: listAllUsingGET_344
2025-02-17 18:00:58 [restartedMain] INFO  s.d.s.w.r.o.CachingOperationNameGenerator -
				Generating unique operation named: listAll1UsingGET_163
2025-02-17 18:00:58 [restartedMain] INFO  s.d.s.w.r.o.CachingOperationNameGenerator -
				Generating unique operation named: saveAcademicYearUsingPOST_12
2025-02-17 18:00:58 [restartedMain] INFO  s.d.s.w.r.o.CachingOperationNameGenerator -
				Generating unique operation named: updateUsingPUT_380
2025-02-17 18:00:58 [restartedMain] INFO  s.d.s.w.r.o.CachingOperationNameGenerator -
				Generating unique operation named: getUsingGET_423
2025-02-17 18:00:58 [restartedMain] INFO  s.d.s.w.r.o.CachingOperationNameGenerator -
				Generating unique operation named: listAllUsingGET_345
2025-02-17 18:00:58 [restartedMain] INFO  s.d.s.w.r.o.CachingOperationNameGenerator -
				Generating unique operation named: listAllUsingGET_346
2025-02-17 18:00:58 [restartedMain] INFO  s.d.s.w.r.o.CachingOperationNameGenerator -
				Generating unique operation named: listAll1UsingGET_164
2025-02-17 18:00:58 [restartedMain] INFO  s.d.s.w.r.o.CachingOperationNameGenerator -
				Generating unique operation named: saveCandidateCounsellorSwappingUsingPOST_1
2025-02-17 18:00:58 [restartedMain] INFO  s.d.s.w.r.o.CachingOperationNameGenerator -
				Generating unique operation named: deleteUsingDELETE_277
2025-02-17 18:00:58 [restartedMain] INFO  s.d.s.w.r.o.CachingOperationNameGenerator -
				Generating unique operation named: delete1UsingDELETE_221
2025-02-17 18:00:58 [restartedMain] INFO  s.d.s.w.r.o.CachingOperationNameGenerator -
				Generating unique operation named: fetchAllCandidateFollowUpUsingGET_1
2025-02-17 18:00:58 [restartedMain] INFO  s.d.s.w.r.o.CachingOperationNameGenerator -
				Generating unique operation named: fetchCandidateFollowUpDataUsingGET_1
2025-02-17 18:00:58 [restartedMain] INFO  s.d.s.w.r.o.CachingOperationNameGenerator -
				Generating unique operation named: getUsingGET_424
2025-02-17 18:00:58 [restartedMain] INFO  s.d.s.w.r.o.CachingOperationNameGenerator -
				Generating unique operation named: getDataUsingGET_1
2025-02-17 18:00:58 [restartedMain] INFO  s.d.s.w.r.o.CachingOperationNameGenerator -
				Generating unique operation named: listAllUsingGET_347
2025-02-17 18:00:58 [restartedMain] INFO  s.d.s.w.r.o.CachingOperationNameGenerator -
				Generating unique operation named: saveCandidateFollowUpUsingPOST_1
2025-02-17 18:00:58 [restartedMain] INFO  s.d.s.w.r.o.CachingOperationNameGenerator -
				Generating unique operation named: updateUsingPUT_381
2025-02-17 18:00:58 [restartedMain] INFO  s.d.s.w.r.o.CachingOperationNameGenerator -
				Generating unique operation named: fetchAllCandidateResultsUsingGET_1
2025-02-17 18:00:58 [restartedMain] INFO  s.d.s.w.r.o.CachingOperationNameGenerator -
				Generating unique operation named: getAllDataOfCandidateResultUsingGET_1
2025-02-17 18:00:58 [restartedMain] INFO  s.d.s.w.r.o.CachingOperationNameGenerator -
				Generating unique operation named: getCandidateResultsUsingPOST_1
2025-02-17 18:00:58 [restartedMain] INFO  s.d.s.w.r.o.CachingOperationNameGenerator -
				Generating unique operation named: getCountOfResultUsingGET_1
2025-02-17 18:00:58 [restartedMain] INFO  s.d.s.w.r.o.CachingOperationNameGenerator -
				Generating unique operation named: candidatePhotoAttachmentDetailsUsingGET_1
2025-02-17 18:00:58 [restartedMain] INFO  s.d.s.w.r.o.CachingOperationNameGenerator -
				Generating unique operation named: downloadFileUsingGET_22
2025-02-17 18:00:58 [restartedMain] INFO  s.d.s.w.r.o.CachingOperationNameGenerator -
				Generating unique operation named: getUsingGET_425
2025-02-17 18:00:58 [restartedMain] INFO  s.d.s.w.r.o.CachingOperationNameGenerator -
				Generating unique operation named: imageDownloadOfCandidateAttachmentUsingGET_1
2025-02-17 18:00:58 [restartedMain] INFO  s.d.s.w.r.o.CachingOperationNameGenerator -
				Generating unique operation named: uploadCandidateAttachmentUsingPOST_5
2025-02-17 18:00:58 [restartedMain] INFO  s.d.s.w.r.o.CachingOperationNameGenerator -
				Generating unique operation named: uploadCandidateAttachmentFromStudentProfileUsingPOST_1
2025-02-17 18:00:58 [restartedMain] INFO  s.d.s.w.r.o.CachingOperationNameGenerator -
				Generating unique operation named: Candidate_WalkinForLsqUsingPOST_1
2025-02-17 18:00:58 [restartedMain] INFO  s.d.s.w.r.o.CachingOperationNameGenerator -
				Generating unique operation named: callLeadSquaredApiForUpdateAuidUsingGET_1
2025-02-17 18:00:58 [restartedMain] INFO  s.d.s.w.r.o.CachingOperationNameGenerator -
				Generating unique operation named: candidateWalkinForLsqApplicationStatusUsingPOST_1
2025-02-17 18:00:58 [restartedMain] INFO  s.d.s.w.r.o.CachingOperationNameGenerator -
				Generating unique operation named: deleteUsingDELETE_278
2025-02-17 18:00:58 [restartedMain] INFO  s.d.s.w.r.o.CachingOperationNameGenerator -
				Generating unique operation named: delete1UsingDELETE_222
2025-02-17 18:00:58 [restartedMain] INFO  s.d.s.w.r.o.CachingOperationNameGenerator -
				Generating unique operation named: emailForOfferUsingPOST_3
2025-02-17 18:00:58 [restartedMain] INFO  s.d.s.w.r.o.CachingOperationNameGenerator -
				Generating unique operation named: fetchNonIndianDataFromCandidateWalkinUsingGET_1
2025-02-17 18:00:58 [restartedMain] INFO  s.d.s.w.r.o.CachingOperationNameGenerator -
				Generating unique operation named: getUsingGET_426
2025-02-17 18:00:58 [restartedMain] INFO  s.d.s.w.r.o.CachingOperationNameGenerator -
				Generating unique operation named: getAllCandidateWalkinDataUsingGET_1
2025-02-17 18:00:58 [restartedMain] INFO  s.d.s.w.r.o.CachingOperationNameGenerator -
				Generating unique operation named: getAllCandidateWalkinData1UsingGET_1
2025-02-17 18:00:58 [restartedMain] INFO  s.d.s.w.r.o.CachingOperationNameGenerator -
				Generating unique operation named: getCandidateWalkinDataLsqUsingGET_1
2025-02-17 18:00:58 [restartedMain] INFO  s.d.s.w.r.o.CachingOperationNameGenerator -
				Generating unique operation named: listAllUsingGET_348
2025-02-17 18:00:58 [restartedMain] INFO  s.d.s.w.r.o.CachingOperationNameGenerator -
				Generating unique operation named: listAll1UsingGET_165
2025-02-17 18:00:58 [restartedMain] INFO  s.d.s.w.r.o.CachingOperationNameGenerator -
				Generating unique operation named: listAll2UsingGET_4
2025-02-17 18:00:58 [restartedMain] INFO  s.d.s.w.r.o.CachingOperationNameGenerator -
				Generating unique operation named: listAll6UsingGET_1
2025-02-17 18:00:58 [restartedMain] INFO  s.d.s.w.r.o.CachingOperationNameGenerator -
				Generating unique operation named: saveCandidateWalkinUsingPOST_2
2025-02-17 18:00:58 [restartedMain] INFO  s.d.s.w.r.o.CachingOperationNameGenerator -
				Generating unique operation named: saveCandidateWalkinUsingPOST_3
2025-02-17 18:00:58 [restartedMain] INFO  s.d.s.w.r.o.CachingOperationNameGenerator -
				Generating unique operation named: updateUsingPUT_382
2025-02-17 18:00:58 [restartedMain] INFO  s.d.s.w.r.o.CachingOperationNameGenerator -
				Generating unique operation named: updateUsingPUT_383
2025-02-17 18:00:58 [restartedMain] INFO  s.d.s.w.r.o.CachingOperationNameGenerator -
				Generating unique operation named: updateCandidate_WalkinForLsqUsingPUT_1
2025-02-17 18:00:58 [restartedMain] INFO  s.d.s.w.r.o.CachingOperationNameGenerator -
				Generating unique operation named: updateLeadStatusUsingPUT_1
2025-02-17 18:00:58 [restartedMain] INFO  s.d.s.w.r.o.CachingOperationNameGenerator -
				Generating unique operation named: deleteUsingDELETE_279
2025-02-17 18:00:58 [restartedMain] INFO  s.d.s.w.r.o.CachingOperationNameGenerator -
				Generating unique operation named: delete1UsingDELETE_223
2025-02-17 18:00:58 [restartedMain] INFO  s.d.s.w.r.o.CachingOperationNameGenerator -
				Generating unique operation named: getUsingGET_427
2025-02-17 18:00:58 [restartedMain] INFO  s.d.s.w.r.o.CachingOperationNameGenerator -
				Generating unique operation named: getAllCandidateWalkinDumpDataUsingGET_1
2025-02-17 18:00:58 [restartedMain] INFO  s.d.s.w.r.o.CachingOperationNameGenerator -
				Generating unique operation named: listAllUsingGET_349
2025-02-17 18:00:58 [restartedMain] INFO  s.d.s.w.r.o.CachingOperationNameGenerator -
				Generating unique operation named: saveCandidateWalkinDumpUsingPOST_1
2025-02-17 18:00:58 [restartedMain] INFO  s.d.s.w.r.o.CachingOperationNameGenerator -
				Generating unique operation named: updateUsingPUT_384
2025-02-17 18:00:58 [restartedMain] INFO  s.d.s.w.r.o.CachingOperationNameGenerator -
				Generating unique operation named: approveChangeOfCourseProgramRequestUsingPUT_1
2025-02-17 18:00:58 [restartedMain] INFO  s.d.s.w.r.o.CachingOperationNameGenerator -
				Generating unique operation named: changeOfCourseProgramUsingPOST_1
2025-02-17 18:00:58 [restartedMain] INFO  s.d.s.w.r.o.CachingOperationNameGenerator -
				Generating unique operation named: changeOfCourseProgramAttachmentDetailUsingGET_1
2025-02-17 18:00:58 [restartedMain] INFO  s.d.s.w.r.o.CachingOperationNameGenerator -
				Generating unique operation named: downloadFileUsingGET_23
2025-02-17 18:00:58 [restartedMain] INFO  s.d.s.w.r.o.CachingOperationNameGenerator -
				Generating unique operation named: initiatedChangeOfCourseProgramStudentDetailsUsingGET_1
2025-02-17 18:00:58 [restartedMain] INFO  s.d.s.w.r.o.CachingOperationNameGenerator -
				Generating unique operation named: uploadFileUsingPOST_59
2025-02-17 18:00:58 [restartedMain] INFO  s.d.s.w.r.o.CachingOperationNameGenerator -
				Generating unique operation named: activateUsingDELETE_141
2025-02-17 18:00:58 [restartedMain] INFO  s.d.s.w.r.o.CachingOperationNameGenerator -
				Generating unique operation named: deactivateUsingDELETE_141
2025-02-17 18:00:58 [restartedMain] INFO  s.d.s.w.r.o.CachingOperationNameGenerator -
				Generating unique operation named: getClassFeedbackAnswersUsingGET_1
2025-02-17 18:00:58 [restartedMain] INFO  s.d.s.w.r.o.CachingOperationNameGenerator -
				Generating unique operation named: listAllUsingGET_350
2025-02-17 18:00:58 [restartedMain] INFO  s.d.s.w.r.o.CachingOperationNameGenerator -
				Generating unique operation named: saveClassFeedbackAnswersUsingPOST_3
2025-02-17 18:00:58 [restartedMain] INFO  s.d.s.w.r.o.CachingOperationNameGenerator -
				Generating unique operation named: updateClassFeedbackAnswersUsingPUT_1
2025-02-17 18:00:58 [restartedMain] INFO  s.d.s.w.r.o.CachingOperationNameGenerator -
				Generating unique operation named: activateUsingDELETE_142
2025-02-17 18:00:58 [restartedMain] INFO  s.d.s.w.r.o.CachingOperationNameGenerator -
				Generating unique operation named: deactivateUsingDELETE_142
2025-02-17 18:00:58 [restartedMain] INFO  s.d.s.w.r.o.CachingOperationNameGenerator -
				Generating unique operation named: getUsingGET_428
2025-02-17 18:00:58 [restartedMain] INFO  s.d.s.w.r.o.CachingOperationNameGenerator -
				Generating unique operation named: getAllClassFeedbackQuestionsUsingGET_1
2025-02-17 18:00:58 [restartedMain] INFO  s.d.s.w.r.o.CachingOperationNameGenerator -
				Generating unique operation named: getClassFeedbackQuestionsUsingGET_1
2025-02-17 18:00:58 [restartedMain] INFO  s.d.s.w.r.o.CachingOperationNameGenerator -
				Generating unique operation named: listAllUsingGET_351
2025-02-17 18:00:58 [restartedMain] INFO  s.d.s.w.r.o.CachingOperationNameGenerator -
				Generating unique operation named: save_clsfeedbackqueUsingPOST_1
2025-02-17 18:00:58 [restartedMain] INFO  s.d.s.w.r.o.CachingOperationNameGenerator -
				Generating unique operation named: updateUsingPUT_385
2025-02-17 18:00:58 [restartedMain] INFO  s.d.s.w.r.o.CachingOperationNameGenerator -
				Generating unique operation named: getClickPaymentStatusUsingGET_1
2025-02-17 18:00:58 [restartedMain] INFO  s.d.s.w.r.o.CachingOperationNameGenerator -
				Generating unique operation named: saveResponseOfCompleteClickPaymentUsingPOST_1
2025-02-17 18:00:58 [restartedMain] INFO  s.d.s.w.r.o.CachingOperationNameGenerator -
				Generating unique operation named: saveResponseOfPrepareClickPaymentUsingPOST_1
2025-02-17 18:00:58 [restartedMain] INFO  s.d.s.w.r.o.CachingOperationNameGenerator -
				Generating unique operation named: startingOfPaymentUsingPOST_2
2025-02-17 18:00:58 [restartedMain] INFO  s.d.s.w.r.o.CachingOperationNameGenerator -
				Generating unique operation named: activateUsingDELETE_143
2025-02-17 18:00:58 [restartedMain] INFO  s.d.s.w.r.o.CachingOperationNameGenerator -
				Generating unique operation named: deactivateUsingDELETE_143
2025-02-17 18:00:58 [restartedMain] INFO  s.d.s.w.r.o.CachingOperationNameGenerator -
				Generating unique operation named: getUsingGET_429
2025-02-17 18:00:58 [restartedMain] INFO  s.d.s.w.r.o.CachingOperationNameGenerator -
				Generating unique operation named: getAllExamDetailsUsingGET_5
2025-02-17 18:00:58 [restartedMain] INFO  s.d.s.w.r.o.CachingOperationNameGenerator -
				Generating unique operation named: getExamCenterWithDateUsingGET_1
2025-02-17 18:00:58 [restartedMain] INFO  s.d.s.w.r.o.CachingOperationNameGenerator -
				Generating unique operation named: getExamDetailsForHallTicketGenerationUsingGET_1
2025-02-17 18:00:58 [restartedMain] INFO  s.d.s.w.r.o.CachingOperationNameGenerator -
				Generating unique operation named: listAllUsingGET_352
2025-02-17 18:00:58 [restartedMain] INFO  s.d.s.w.r.o.CachingOperationNameGenerator -
				Generating unique operation named: saveExamDetailsUsingPOST_1
2025-02-17 18:00:58 [restartedMain] INFO  s.d.s.w.r.o.CachingOperationNameGenerator -
				Generating unique operation named: updateUsingPUT_386
2025-02-17 18:00:58 [restartedMain] INFO  s.d.s.w.r.o.CachingOperationNameGenerator -
				Generating unique operation named: activateUsingDELETE_144
2025-02-17 18:00:58 [restartedMain] INFO  s.d.s.w.r.o.CachingOperationNameGenerator -
				Generating unique operation named: deactivateUsingDELETE_144
2025-02-17 18:00:58 [restartedMain] INFO  s.d.s.w.r.o.CachingOperationNameGenerator -
				Generating unique operation named: getUsingGET_430
2025-02-17 18:00:58 [restartedMain] INFO  s.d.s.w.r.o.CachingOperationNameGenerator -
				Generating unique operation named: getAdmitCardDetailUsingGET_1
2025-02-17 18:00:58 [restartedMain] INFO  s.d.s.w.r.o.CachingOperationNameGenerator -
				Generating unique operation named: getAllExamHallTicketUsingGET_1
2025-02-17 18:00:58 [restartedMain] INFO  s.d.s.w.r.o.CachingOperationNameGenerator -
				Generating unique operation named: getCandidateNameConcatWithApplicationNumberUsingGET_1
2025-02-17 18:00:58 [restartedMain] INFO  s.d.s.w.r.o.CachingOperationNameGenerator -
				Generating unique operation named: listAllUsingGET_353
2025-02-17 18:00:58 [restartedMain] INFO  s.d.s.w.r.o.CachingOperationNameGenerator -
				Generating unique operation named: saveExamHallTicketUsingPOST_1
2025-02-17 18:00:58 [restartedMain] INFO  s.d.s.w.r.o.CachingOperationNameGenerator -
				Generating unique operation named: updateUsingPUT_387
2025-02-17 18:00:58 [restartedMain] INFO  s.d.s.w.r.o.CachingOperationNameGenerator -
				Generating unique operation named: activateUsingDELETE_145
2025-02-17 18:00:58 [restartedMain] INFO  s.d.s.w.r.o.CachingOperationNameGenerator -
				Generating unique operation named: deactivateUsingDELETE_145
2025-02-17 18:00:58 [restartedMain] INFO  s.d.s.w.r.o.CachingOperationNameGenerator -
				Generating unique operation named: fetchAllExternalMarksAssignmentUsingGET_1
2025-02-17 18:00:58 [restartedMain] INFO  s.d.s.w.r.o.CachingOperationNameGenerator -
				Generating unique operation named: getUsingGET_431
2025-02-17 18:00:58 [restartedMain] INFO  s.d.s.w.r.o.CachingOperationNameGenerator -
				Generating unique operation named: getAllActiveExternalMarksAssignmentUsingGET_1
2025-02-17 18:00:58 [restartedMain] INFO  s.d.s.w.r.o.CachingOperationNameGenerator -
				Generating unique operation named: saveExternalMarksAssignmentUsingPOST_1
2025-02-17 18:00:58 [restartedMain] INFO  s.d.s.w.r.o.CachingOperationNameGenerator -
				Generating unique operation named: updateExternalMarksAssignmentUsingPUT_1
2025-02-17 18:00:58 [restartedMain] INFO  s.d.s.w.r.o.CachingOperationNameGenerator -
				Generating unique operation named: activateUsingDELETE_146
2025-02-17 18:00:58 [restartedMain] INFO  s.d.s.w.r.o.CachingOperationNameGenerator -
				Generating unique operation named: courseConcateWithNameUsingGET_1
2025-02-17 18:00:58 [restartedMain] INFO  s.d.s.w.r.o.CachingOperationNameGenerator -
				Generating unique operation named: deactivateUsingDELETE_146
2025-02-17 18:00:58 [restartedMain] INFO  s.d.s.w.r.o.CachingOperationNameGenerator -
				Generating unique operation named: fetchAllAdministrationEmailIdsDetailUsingGET_25
2025-02-17 18:00:58 [restartedMain] INFO  s.d.s.w.r.o.CachingOperationNameGenerator -
				Generating unique operation named: getUsingGET_432
2025-02-17 18:00:58 [restartedMain] INFO  s.d.s.w.r.o.CachingOperationNameGenerator -
				Generating unique operation named: getAllActiveExternalMarksUsingGET_1
2025-02-17 18:00:58 [restartedMain] INFO  s.d.s.w.r.o.CachingOperationNameGenerator -
				Generating unique operation named: saveExternalMarksUsingPOST_1
2025-02-17 18:00:58 [restartedMain] INFO  s.d.s.w.r.o.CachingOperationNameGenerator -
				Generating unique operation named: updateExternalMarksUsingPUT_1
2025-02-17 18:00:58 [restartedMain] INFO  s.d.s.w.r.o.CachingOperationNameGenerator -
				Generating unique operation named: deleteUsingDELETE_280
2025-02-17 18:00:58 [restartedMain] INFO  s.d.s.w.r.o.CachingOperationNameGenerator -
				Generating unique operation named: delete1UsingDELETE_224
2025-02-17 18:00:58 [restartedMain] INFO  s.d.s.w.r.o.CachingOperationNameGenerator -
				Generating unique operation named: getUsingGET_433
2025-02-17 18:00:58 [restartedMain] INFO  s.d.s.w.r.o.CachingOperationNameGenerator -
				Generating unique operation named: listAllUsingGET_354
2025-02-17 18:00:58 [restartedMain] INFO  s.d.s.w.r.o.CachingOperationNameGenerator -
				Generating unique operation named: listAll1UsingGET_166
2025-02-17 18:00:58 [restartedMain] INFO  s.d.s.w.r.o.CachingOperationNameGenerator -
				Generating unique operation named: saveFeeAdmissionCategoryUsingPOST_1
2025-02-17 18:00:58 [restartedMain] INFO  s.d.s.w.r.o.CachingOperationNameGenerator -
				Generating unique operation named: updateUsingPUT_388
2025-02-17 18:00:58 [restartedMain] INFO  s.d.s.w.r.o.CachingOperationNameGenerator -
				Generating unique operation named: concateFeeAdmissionSubCategoryDetailUsingGET_1
2025-02-17 18:00:58 [restartedMain] INFO  s.d.s.w.r.o.CachingOperationNameGenerator -
				Generating unique operation named: deleteUsingDELETE_281
2025-02-17 18:00:58 [restartedMain] INFO  s.d.s.w.r.o.CachingOperationNameGenerator -
				Generating unique operation named: delete1UsingDELETE_225
2025-02-17 18:00:58 [restartedMain] INFO  s.d.s.w.r.o.CachingOperationNameGenerator -
				Generating unique operation named: getUsingGET_434
2025-02-17 18:00:58 [restartedMain] INFO  s.d.s.w.r.o.CachingOperationNameGenerator -
				Generating unique operation named: getFeeAdmissionByFeeAdmissionCategoryIdUsingGET_1
2025-02-17 18:00:58 [restartedMain] INFO  s.d.s.w.r.o.CachingOperationNameGenerator -
				Generating unique operation named: getFeeAdmissionSubCategoryUsingGET_1
2025-02-17 18:00:58 [restartedMain] INFO  s.d.s.w.r.o.CachingOperationNameGenerator -
				Generating unique operation named: listAllUsingGET_355
2025-02-17 18:00:58 [restartedMain] INFO  s.d.s.w.r.o.CachingOperationNameGenerator -
				Generating unique operation named: listAll1UsingGET_167
2025-02-17 18:00:58 [restartedMain] INFO  s.d.s.w.r.o.CachingOperationNameGenerator -
				Generating unique operation named: saveFeeAdmissionSubCategoryUsingPOST_1
2025-02-17 18:00:58 [restartedMain] INFO  s.d.s.w.r.o.CachingOperationNameGenerator -
				Generating unique operation named: updateUsingPUT_389
2025-02-17 18:00:58 [restartedMain] INFO  s.d.s.w.r.o.CachingOperationNameGenerator -
				Generating unique operation named: FeeHeadAmountRestrictionDetailByfeeHeadAmountRestrictionIdUsingGET_1
2025-02-17 18:00:58 [restartedMain] INFO  s.d.s.w.r.o.CachingOperationNameGenerator -
				Generating unique operation named: activateFeeHeadAmountRestrictionDetailUsingDELETE_1
2025-02-17 18:00:58 [restartedMain] INFO  s.d.s.w.r.o.CachingOperationNameGenerator -
				Generating unique operation named: deactivateFeeHeadAmountRestrictionDetailUsingDELETE_1
2025-02-17 18:00:58 [restartedMain] INFO  s.d.s.w.r.o.CachingOperationNameGenerator -
				Generating unique operation named: downloadFileUsingGET_24
2025-02-17 18:00:58 [restartedMain] INFO  s.d.s.w.r.o.CachingOperationNameGenerator -
				Generating unique operation named: feeHeadAmountRestrictionDetailsForPaymentUsingGET_1
2025-02-17 18:00:58 [restartedMain] INFO  s.d.s.w.r.o.CachingOperationNameGenerator -
				Generating unique operation named: feeHeadAmountRestrictionPaidDetailsUsingGET_1
2025-02-17 18:00:58 [restartedMain] INFO  s.d.s.w.r.o.CachingOperationNameGenerator -
				Generating unique operation named: fetchAllFeeHeadAmountRestrictionDetailsUsingGET_1
2025-02-17 18:00:58 [restartedMain] INFO  s.d.s.w.r.o.CachingOperationNameGenerator -
				Generating unique operation named: getActiveFeeHeadAmountRestrictionUsingGET_1
2025-02-17 18:00:58 [restartedMain] INFO  s.d.s.w.r.o.CachingOperationNameGenerator -
				Generating unique operation named: saveFeeHeadAmountRestrictionUsingPOST_1
2025-02-17 18:00:58 [restartedMain] INFO  s.d.s.w.r.o.CachingOperationNameGenerator -
				Generating unique operation named: updateFeeHeadAmountRestrictionDetailByfeeHeadAmountRestrictionIdUsingPUT_1
2025-02-17 18:00:58 [restartedMain] INFO  s.d.s.w.r.o.CachingOperationNameGenerator -
				Generating unique operation named: uploadFileUsingPOST_60
2025-02-17 18:00:58 [restartedMain] INFO  s.d.s.w.r.o.CachingOperationNameGenerator -
				Generating unique operation named: activateUsingDELETE_147
2025-02-17 18:00:58 [restartedMain] INFO  s.d.s.w.r.o.CachingOperationNameGenerator -
				Generating unique operation named: deactivateUsingDELETE_147
2025-02-17 18:00:58 [restartedMain] INFO  s.d.s.w.r.o.CachingOperationNameGenerator -
				Generating unique operation named: downloadFileUsingGET_25
2025-02-17 18:00:58 [restartedMain] INFO  s.d.s.w.r.o.CachingOperationNameGenerator -
				Generating unique operation named: getUsingGET_435
2025-02-17 18:00:58 [restartedMain] INFO  s.d.s.w.r.o.CachingOperationNameGenerator -
				Generating unique operation named: getAllRolesDetailsUsingGET_9
2025-02-17 18:00:58 [restartedMain] INFO  s.d.s.w.r.o.CachingOperationNameGenerator -
				Generating unique operation named: listAllUsingGET_356
2025-02-17 18:00:58 [restartedMain] INFO  s.d.s.w.r.o.CachingOperationNameGenerator -
				Generating unique operation named: saveForeignRegionalRegistrationOfficesDetailsUsingPOST_1
2025-02-17 18:00:58 [restartedMain] INFO  s.d.s.w.r.o.CachingOperationNameGenerator -
				Generating unique operation named: updateForeignRegionalRegistrationOfficesDetailsUsingPUT_1
2025-02-17 18:00:58 [restartedMain] INFO  s.d.s.w.r.o.CachingOperationNameGenerator -
				Generating unique operation named: uploadFileUsingPOST_61
2025-02-17 18:00:58 [restartedMain] INFO  s.d.s.w.r.o.CachingOperationNameGenerator -
				Generating unique operation named: deleteUsingDELETE_282
2025-02-17 18:00:58 [restartedMain] INFO  s.d.s.w.r.o.CachingOperationNameGenerator -
				Generating unique operation named: delete1UsingDELETE_226
2025-02-17 18:00:58 [restartedMain] INFO  s.d.s.w.r.o.CachingOperationNameGenerator -
				Generating unique operation named: getUsingGET_436
2025-02-17 18:00:58 [restartedMain] INFO  s.d.s.w.r.o.CachingOperationNameGenerator -
				Generating unique operation named: getActiveLeadAssignmentUsingGET_1
2025-02-17 18:00:58 [restartedMain] INFO  s.d.s.w.r.o.CachingOperationNameGenerator -
				Generating unique operation named: getLeadsAssignedToUserUsingGET_1
2025-02-17 18:00:58 [restartedMain] INFO  s.d.s.w.r.o.CachingOperationNameGenerator -
				Generating unique operation named: listAll1UsingGET_168
2025-02-17 18:00:58 [restartedMain] INFO  s.d.s.w.r.o.CachingOperationNameGenerator -
				Generating unique operation named: saveLeadAssignmentUsingPOST_1
2025-02-17 18:00:58 [restartedMain] INFO  s.d.s.w.r.o.CachingOperationNameGenerator -
				Generating unique operation named: updateUsingPUT_390
2025-02-17 18:00:58 [restartedMain] INFO  s.d.s.w.r.o.CachingOperationNameGenerator -
				Generating unique operation named: updateMultipleLeadAssignmentUsingPUT_1
2025-02-17 18:00:58 [restartedMain] INFO  s.d.s.w.r.o.CachingOperationNameGenerator -
				Generating unique operation named: deleteUsingDELETE_283
2025-02-17 18:00:58 [restartedMain] INFO  s.d.s.w.r.o.CachingOperationNameGenerator -
				Generating unique operation named: delete1UsingDELETE_227
2025-02-17 18:00:58 [restartedMain] INFO  s.d.s.w.r.o.CachingOperationNameGenerator -
				Generating unique operation named: getUsingGET_437
2025-02-17 18:00:58 [restartedMain] INFO  s.d.s.w.r.o.CachingOperationNameGenerator -
				Generating unique operation named: getAllPassedOutStatusDetailsUsingGET_1
2025-02-17 18:00:58 [restartedMain] INFO  s.d.s.w.r.o.CachingOperationNameGenerator -
				Generating unique operation named: listAllUsingGET_357
2025-02-17 18:00:58 [restartedMain] INFO  s.d.s.w.r.o.CachingOperationNameGenerator -
				Generating unique operation named: savePassedOutStatusUsingPOST_1
2025-02-17 18:00:58 [restartedMain] INFO  s.d.s.w.r.o.CachingOperationNameGenerator -
				Generating unique operation named: updateUsingPUT_391
2025-02-17 18:00:58 [restartedMain] INFO  s.d.s.w.r.o.CachingOperationNameGenerator -
				Generating unique operation named: getPaymentStatusUsingGET_1
2025-02-17 18:00:58 [restartedMain] INFO  s.d.s.w.r.o.CachingOperationNameGenerator -
				Generating unique operation named: saveResponseOFPaymeUsingPOST_1
2025-02-17 18:00:58 [restartedMain] INFO  s.d.s.w.r.o.CachingOperationNameGenerator -
				Generating unique operation named: startingOfPaymentUsingPOST_3
2025-02-17 18:00:58 [restartedMain] INFO  s.d.s.w.r.o.CachingOperationNameGenerator -
				Generating unique operation named: deleteUsingDELETE_284
2025-02-17 18:00:58 [restartedMain] INFO  s.d.s.w.r.o.CachingOperationNameGenerator -
				Generating unique operation named: getUsingGET_438
2025-02-17 18:00:58 [restartedMain] INFO  s.d.s.w.r.o.CachingOperationNameGenerator -
				Generating unique operation named: listAllUsingGET_358
2025-02-17 18:00:58 [restartedMain] INFO  s.d.s.w.r.o.CachingOperationNameGenerator -
				Generating unique operation named: savePGApplicableUsingPOST_1
2025-02-17 18:00:58 [restartedMain] INFO  s.d.s.w.r.o.CachingOperationNameGenerator -
				Generating unique operation named: updateUsingPUT_392
2025-02-17 18:00:58 [restartedMain] INFO  s.d.s.w.r.o.CachingOperationNameGenerator -
				Generating unique operation named: activatePreAdmissionProcessUsingDELETE_1
2025-02-17 18:00:58 [restartedMain] INFO  s.d.s.w.r.o.CachingOperationNameGenerator -
				Generating unique operation named: deactivatePreAdmissionProcessUsingDELETE_1
2025-02-17 18:00:58 [restartedMain] INFO  s.d.s.w.r.o.CachingOperationNameGenerator -
				Generating unique operation named: deleteUsingDELETE_285
2025-02-17 18:00:58 [restartedMain] INFO  s.d.s.w.r.o.CachingOperationNameGenerator -
				Generating unique operation named: findAllDetailUsingGET_1
2025-02-17 18:00:58 [restartedMain] INFO  s.d.s.w.r.o.CachingOperationNameGenerator -
				Generating unique operation named: findAllDetailsPreAdmission1UsingGET_1
2025-02-17 18:00:58 [restartedMain] INFO  s.d.s.w.r.o.CachingOperationNameGenerator -
				Generating unique operation named: findCandidateIdUsingGET_1
2025-02-17 18:00:58 [restartedMain] INFO  s.d.s.w.r.o.CachingOperationNameGenerator -
				Generating unique operation named: getUsingGET_439
2025-02-17 18:00:58 [restartedMain] INFO  s.d.s.w.r.o.CachingOperationNameGenerator -
				Generating unique operation named: getFeeDetailsUsingGET_1
2025-02-17 18:00:58 [restartedMain] INFO  s.d.s.w.r.o.CachingOperationNameGenerator -
				Generating unique operation named: listAllUsingGET_359
2025-02-17 18:00:58 [restartedMain] INFO  s.d.s.w.r.o.CachingOperationNameGenerator -
				Generating unique operation named: listAll2UsingGET_5
2025-02-17 18:00:58 [restartedMain] INFO  s.d.s.w.r.o.CachingOperationNameGenerator -
				Generating unique operation named: savePreAdmissionProcessUsingPOST_1
2025-02-17 18:00:58 [restartedMain] INFO  s.d.s.w.r.o.CachingOperationNameGenerator -
				Generating unique operation named: savePreAdmissionProcess1UsingPOST_1
2025-02-17 18:00:58 [restartedMain] INFO  s.d.s.w.r.o.CachingOperationNameGenerator -
				Generating unique operation named: updateUsingPUT_393
2025-02-17 18:00:58 [restartedMain] INFO  s.d.s.w.r.o.CachingOperationNameGenerator -
				Generating unique operation named: activateUsingDELETE_148
2025-02-17 18:00:58 [restartedMain] INFO  s.d.s.w.r.o.CachingOperationNameGenerator -
				Generating unique operation named: checkDuesUsingPOST_1
2025-02-17 18:00:58 [restartedMain] INFO  s.d.s.w.r.o.CachingOperationNameGenerator -
				Generating unique operation named: createReadmissionUsingPOST_1
2025-02-17 18:00:58 [restartedMain] INFO  s.d.s.w.r.o.CachingOperationNameGenerator -
				Generating unique operation named: deactivateUsingDELETE_148
2025-02-17 18:00:58 [restartedMain] INFO  s.d.s.w.r.o.CachingOperationNameGenerator -
				Generating unique operation named: fetchAllReadmissionUsingGET_1
2025-02-17 18:00:58 [restartedMain] INFO  s.d.s.w.r.o.CachingOperationNameGenerator -
				Generating unique operation named: getUsingGET_440
2025-02-17 18:00:58 [restartedMain] INFO  s.d.s.w.r.o.CachingOperationNameGenerator -
				Generating unique operation named: listAllUsingGET_360
2025-02-17 18:00:58 [restartedMain] INFO  s.d.s.w.r.o.CachingOperationNameGenerator -
				Generating unique operation named: updateUsingPUT_394
2025-02-17 18:00:58 [restartedMain] INFO  s.d.s.w.r.o.CachingOperationNameGenerator -
				Generating unique operation named: deleteUsingDELETE_286
2025-02-17 18:00:58 [restartedMain] INFO  s.d.s.w.r.o.CachingOperationNameGenerator -
				Generating unique operation named: delete1UsingDELETE_228
2025-02-17 18:00:58 [restartedMain] INFO  s.d.s.w.r.o.CachingOperationNameGenerator -
				Generating unique operation named: getUsingGET_441
2025-02-17 18:00:58 [restartedMain] INFO  s.d.s.w.r.o.CachingOperationNameGenerator -
				Generating unique operation named: listAllUsingGET_361
2025-02-17 18:00:58 [restartedMain] INFO  s.d.s.w.r.o.CachingOperationNameGenerator -
				Generating unique operation named: listAll1UsingGET_169
2025-02-17 18:00:58 [restartedMain] INFO  s.d.s.w.r.o.CachingOperationNameGenerator -
				Generating unique operation named: saveSlabDetailUsingPOST_6
2025-02-17 18:00:58 [restartedMain] INFO  s.d.s.w.r.o.CachingOperationNameGenerator -
				Generating unique operation named: updateUsingPUT_395
2025-02-17 18:00:58 [restartedMain] INFO  s.d.s.w.r.o.CachingOperationNameGenerator -
				Generating unique operation named: allNotReportedStudentDetailsUsingGET_1
2025-02-17 18:00:58 [restartedMain] INFO  s.d.s.w.r.o.CachingOperationNameGenerator -
				Generating unique operation named: deleteUsingDELETE_287
2025-02-17 18:00:58 [restartedMain] INFO  s.d.s.w.r.o.CachingOperationNameGenerator -
				Generating unique operation named: fetchAllStudentDetailsWithNoStatusUsingGET_1
2025-02-17 18:00:58 [restartedMain] INFO  s.d.s.w.r.o.CachingOperationNameGenerator -
				Generating unique operation named: fetchAllStudentDetailssWithEligibleStatusUsingGET_1
2025-02-17 18:00:58 [restartedMain] INFO  s.d.s.w.r.o.CachingOperationNameGenerator -
				Generating unique operation named: fetchAllStudentDetailssWithNoStatusAndNotEligibleStatusUsingGET_1
2025-02-17 18:00:58 [restartedMain] INFO  s.d.s.w.r.o.CachingOperationNameGenerator -
				Generating unique operation named: getUsingGET_442
2025-02-17 18:00:58 [restartedMain] INFO  s.d.s.w.r.o.CachingOperationNameGenerator -
				Generating unique operation named: listAllUsingGET_362
2025-02-17 18:00:58 [restartedMain] INFO  s.d.s.w.r.o.CachingOperationNameGenerator -
				Generating unique operation named: reportingStudentByStudentIdUsingGET_1
2025-02-17 18:00:58 [restartedMain] INFO  s.d.s.w.r.o.CachingOperationNameGenerator -
				Generating unique operation named: saveReportingStudentsUsingPOST_1
2025-02-17 18:00:58 [restartedMain] INFO  s.d.s.w.r.o.CachingOperationNameGenerator -
				Generating unique operation named: updateUsingPUT_396
2025-02-17 18:00:58 [restartedMain] INFO  s.d.s.w.r.o.CachingOperationNameGenerator -
				Generating unique operation named: updationOfStudentReportingYearAndUsnUsingPUT_1
2025-02-17 18:00:58 [restartedMain] INFO  s.d.s.w.r.o.CachingOperationNameGenerator -
				Generating unique operation named: activateScholarshipapprovalstatusUsingDELETE_1
2025-02-17 18:00:58 [restartedMain] INFO  s.d.s.w.r.o.CachingOperationNameGenerator -
				Generating unique operation named: deactivatescholarshipapprovalstatusUsingDELETE_1
2025-02-17 18:00:58 [restartedMain] INFO  s.d.s.w.r.o.CachingOperationNameGenerator -
				Generating unique operation named: deleteUsingDELETE_288
2025-02-17 18:00:58 [restartedMain] INFO  s.d.s.w.r.o.CachingOperationNameGenerator -
				Generating unique operation named: getUsingGET_443
2025-02-17 18:00:58 [restartedMain] INFO  s.d.s.w.r.o.CachingOperationNameGenerator -
				Generating unique operation named: getDataForTestimonialsUsingGET_1
2025-02-17 18:00:58 [restartedMain] INFO  s.d.s.w.r.o.CachingOperationNameGenerator -
				Generating unique operation named: getIsApprovedDataForIndexUsingGET_1
2025-02-17 18:00:58 [restartedMain] INFO  s.d.s.w.r.o.CachingOperationNameGenerator -
				Generating unique operation named: getIsVerifiedDataForIndexUsingGET_1
2025-02-17 18:00:58 [restartedMain] INFO  s.d.s.w.r.o.CachingOperationNameGenerator -
				Generating unique operation named: getYearWiseDataByStudentIdUsingGET_1
2025-02-17 18:00:58 [restartedMain] INFO  s.d.s.w.r.o.CachingOperationNameGenerator -
				Generating unique operation named: listAllUsingGET_363
2025-02-17 18:00:58 [restartedMain] INFO  s.d.s.w.r.o.CachingOperationNameGenerator -
				Generating unique operation named: saveScholarshipapprovalstatusUsingPOST_2
2025-02-17 18:00:58 [restartedMain] INFO  s.d.s.w.r.o.CachingOperationNameGenerator -
				Generating unique operation named: updateUsingPUT_397
2025-02-17 18:00:58 [restartedMain] INFO  s.d.s.w.r.o.CachingOperationNameGenerator -
				Generating unique operation named: update1UsingPUT_5
2025-02-17 18:00:58 [restartedMain] INFO  s.d.s.w.r.o.CachingOperationNameGenerator -
				Generating unique operation named: update2UsingPUT_4
2025-02-17 18:00:58 [restartedMain] INFO  s.d.s.w.r.o.CachingOperationNameGenerator -
				Generating unique operation named: update2UsingPUT_5
2025-02-17 18:00:58 [restartedMain] INFO  s.d.s.w.r.o.CachingOperationNameGenerator -
				Generating unique operation named: getScholarshipApprovalStatusHistoryDataUsingGET_1
2025-02-17 18:00:58 [restartedMain] INFO  s.d.s.w.r.o.CachingOperationNameGenerator -
				Generating unique operation named: listAllUsingGET_364
2025-02-17 18:00:58 [restartedMain] INFO  s.d.s.w.r.o.CachingOperationNameGenerator -
				Generating unique operation named: saveScholarshipapprovalstatusUsingPOST_3
2025-02-17 18:00:58 [restartedMain] INFO  s.d.s.w.r.o.CachingOperationNameGenerator -
				Generating unique operation named: activateScholarshipAttachmentUsingDELETE_1
2025-02-17 18:00:58 [restartedMain] INFO  s.d.s.w.r.o.CachingOperationNameGenerator -
				Generating unique operation named: deactivateScholarshipAttachmentUsingDELETE_1
2025-02-17 18:00:58 [restartedMain] INFO  s.d.s.w.r.o.CachingOperationNameGenerator -
				Generating unique operation named: deleteUsingDELETE_289
2025-02-17 18:00:58 [restartedMain] INFO  s.d.s.w.r.o.CachingOperationNameGenerator -
				Generating unique operation named: getUsingGET_444
2025-02-17 18:00:58 [restartedMain] INFO  s.d.s.w.r.o.CachingOperationNameGenerator -
				Generating unique operation named: getAllDeptUsingGET_36
2025-02-17 18:00:58 [restartedMain] INFO  s.d.s.w.r.o.CachingOperationNameGenerator -
				Generating unique operation named: getDetailByCandidateIdUsingGET_1
2025-02-17 18:00:58 [restartedMain] INFO  s.d.s.w.r.o.CachingOperationNameGenerator -
				Generating unique operation named: saveCourseAssignmentUsingPOST_5
2025-02-17 18:00:58 [restartedMain] INFO  s.d.s.w.r.o.CachingOperationNameGenerator -
				Generating unique operation named: updateUsingPUT_398
2025-02-17 18:00:58 [restartedMain] INFO  s.d.s.w.r.o.CachingOperationNameGenerator -
				Generating unique operation named: update2UsingPUT_6
2025-02-17 18:00:58 [restartedMain] INFO  s.d.s.w.r.o.CachingOperationNameGenerator -
				Generating unique operation named: activateScholarshipUsingDELETE_1
2025-02-17 18:00:58 [restartedMain] INFO  s.d.s.w.r.o.CachingOperationNameGenerator -
				Generating unique operation named: checkForScholarshipAlreadyPresentOrNotUsingGET_1
2025-02-17 18:00:58 [restartedMain] INFO  s.d.s.w.r.o.CachingOperationNameGenerator -
				Generating unique operation named: deactivateScholarshipUsingDELETE_1
2025-02-17 18:00:58 [restartedMain] INFO  s.d.s.w.r.o.CachingOperationNameGenerator -
				Generating unique operation named: deleteUsingDELETE_290
2025-02-17 18:00:58 [restartedMain] INFO  s.d.s.w.r.o.CachingOperationNameGenerator -
				Generating unique operation named: fetchScholarshipDetailsForVerifiedUsingGET_1
2025-02-17 18:00:58 [restartedMain] INFO  s.d.s.w.r.o.CachingOperationNameGenerator -
				Generating unique operation named: getUsingGET_445
2025-02-17 18:00:58 [restartedMain] INFO  s.d.s.w.r.o.CachingOperationNameGenerator -
				Generating unique operation named: get1UsingGET_8
2025-02-17 18:00:58 [restartedMain] INFO  s.d.s.w.r.o.CachingOperationNameGenerator -
				Generating unique operation named: get2UsingGET_2
2025-02-17 18:00:58 [restartedMain] INFO  s.d.s.w.r.o.CachingOperationNameGenerator -
				Generating unique operation named: indexAfterVerificationUsingGET_1
2025-02-17 18:00:58 [restartedMain] INFO  s.d.s.w.r.o.CachingOperationNameGenerator -
				Generating unique operation named: indexForVerificationUsingGET_1
2025-02-17 18:00:58 [restartedMain] INFO  s.d.s.w.r.o.CachingOperationNameGenerator -
				Generating unique operation named: listAllUsingGET_365
2025-02-17 18:00:58 [restartedMain] INFO  s.d.s.w.r.o.CachingOperationNameGenerator -
				Generating unique operation named: saveAcademicYearUsingPOST_13
2025-02-17 18:00:58 [restartedMain] INFO  s.d.s.w.r.o.CachingOperationNameGenerator -
				Generating unique operation named: saveDirectScholarshipUsingPOST_1
2025-02-17 18:00:58 [restartedMain] INFO  s.d.s.w.r.o.CachingOperationNameGenerator -
				Generating unique operation named: updateUsingPUT_399
2025-02-17 18:00:58 [restartedMain] INFO  s.d.s.w.r.o.CachingOperationNameGenerator -
				Generating unique operation named: update2UsingPUT_7
2025-02-17 18:00:58 [restartedMain] INFO  s.d.s.w.r.o.CachingOperationNameGenerator -
				Generating unique operation named: activateScholarshipHeadWiseAmountDetailsUsingDELETE_2
2025-02-17 18:00:58 [restartedMain] INFO  s.d.s.w.r.o.CachingOperationNameGenerator -
				Generating unique operation named: deactivateScholarshipHeadWiseAmountDetailsUsingDELETE_2
2025-02-17 18:00:58 [restartedMain] INFO  s.d.s.w.r.o.CachingOperationNameGenerator -
				Generating unique operation named: saveScholarshipVocherHeadWiseAmountDetailsUsingPOST_2
2025-02-17 18:00:58 [restartedMain] INFO  s.d.s.w.r.o.CachingOperationNameGenerator -
				Generating unique operation named: scholarshipHeadWiseAmountDetailsOnScholarshipIdUsingGET_2
2025-02-17 18:00:58 [restartedMain] INFO  s.d.s.w.r.o.CachingOperationNameGenerator -
				Generating unique operation named: scholarshipHeadWiseAmountDetailsOnStudentIdUsingGET_1
2025-02-17 18:00:58 [restartedMain] INFO  s.d.s.w.r.o.CachingOperationNameGenerator -
				Generating unique operation named: scholarshipHeadWiseAmountDetailsOnVocherHeadNewIdUsingGET_2
2025-02-17 18:00:58 [restartedMain] INFO  s.d.s.w.r.o.CachingOperationNameGenerator -
				Generating unique operation named: updateUsingPUT_400
2025-02-17 18:00:58 [restartedMain] INFO  s.d.s.w.r.o.CachingOperationNameGenerator -
				Generating unique operation named: activateScholarshipHeadWiseAmountDetailsUsingDELETE_3
2025-02-17 18:00:58 [restartedMain] INFO  s.d.s.w.r.o.CachingOperationNameGenerator -
				Generating unique operation named: deactivateScholarshipHeadWiseAmountDetailsUsingDELETE_3
2025-02-17 18:00:58 [restartedMain] INFO  s.d.s.w.r.o.CachingOperationNameGenerator -
				Generating unique operation named: fetchAllCancelAdmissionsDetailUsingGET_2
2025-02-17 18:00:58 [restartedMain] INFO  s.d.s.w.r.o.CachingOperationNameGenerator -
				Generating unique operation named: saveScholarshipVocherHeadWiseAmountDetailsUsingPOST_3
2025-02-17 18:00:58 [restartedMain] INFO  s.d.s.w.r.o.CachingOperationNameGenerator -
				Generating unique operation named: scholarshipHeadWiseAmountDetailsOnScholarshipIdUsingGET_3
2025-02-17 18:00:58 [restartedMain] INFO  s.d.s.w.r.o.CachingOperationNameGenerator -
				Generating unique operation named: scholarshipHeadWiseAmountDetailsOnVocherHeadNewIdUsingGET_3
2025-02-17 18:00:58 [restartedMain] INFO  s.d.s.w.r.o.CachingOperationNameGenerator -
				Generating unique operation named: updateUsingPUT_401
2025-02-17 18:00:58 [restartedMain] INFO  s.d.s.w.r.o.CachingOperationNameGenerator -
				Generating unique operation named: deleteUsingDELETE_291
2025-02-17 18:00:58 [restartedMain] INFO  s.d.s.w.r.o.CachingOperationNameGenerator -
				Generating unique operation named: getUsingGET_446
2025-02-17 18:00:58 [restartedMain] INFO  s.d.s.w.r.o.CachingOperationNameGenerator -
				Generating unique operation named: getEntranceDetailsUsingGET_1
2025-02-17 18:00:58 [restartedMain] INFO  s.d.s.w.r.o.CachingOperationNameGenerator -
				Generating unique operation named: listAllUsingGET_366
2025-02-17 18:00:58 [restartedMain] INFO  s.d.s.w.r.o.CachingOperationNameGenerator -
				Generating unique operation named: saveStdEntranceExamUsingPOST_1
2025-02-17 18:00:58 [restartedMain] INFO  s.d.s.w.r.o.CachingOperationNameGenerator -
				Generating unique operation named: updateUsingPUT_402
2025-02-17 18:00:58 [restartedMain] INFO  s.d.s.w.r.o.CachingOperationNameGenerator -
				Generating unique operation named: createMultipleStdReportingStudentsHistoryUsingPOST_1
2025-02-17 18:00:58 [restartedMain] INFO  s.d.s.w.r.o.CachingOperationNameGenerator -
				Generating unique operation named: deleteUsingDELETE_292
2025-02-17 18:00:58 [restartedMain] INFO  s.d.s.w.r.o.CachingOperationNameGenerator -
				Generating unique operation named: fetchProgramWithSpecializationBySchoolIdUsingGET_1
2025-02-17 18:00:58 [restartedMain] INFO  s.d.s.w.r.o.CachingOperationNameGenerator -
				Generating unique operation named: fetchReportingStudentsHistoryByStudentIdUsingGET_1
2025-02-17 18:00:58 [restartedMain] INFO  s.d.s.w.r.o.CachingOperationNameGenerator -
				Generating unique operation named: getUsingGET_447
2025-02-17 18:00:58 [restartedMain] INFO  s.d.s.w.r.o.CachingOperationNameGenerator -
				Generating unique operation named: getAllStdReportingStudentsHistoryUsingGET_1
2025-02-17 18:00:58 [restartedMain] INFO  s.d.s.w.r.o.CachingOperationNameGenerator -
				Generating unique operation named: getAllStudentDetailsForHistoryIndexUsingGET_1
2025-02-17 18:00:58 [restartedMain] INFO  s.d.s.w.r.o.CachingOperationNameGenerator -
				Generating unique operation named: getNumOfSemAndYearByProgram_IdAndSchool_IdUsingGET_1
2025-02-17 18:00:58 [restartedMain] INFO  s.d.s.w.r.o.CachingOperationNameGenerator -
				Generating unique operation named: saveCourseUsingPOST_7
2025-02-17 18:00:58 [restartedMain] INFO  s.d.s.w.r.o.CachingOperationNameGenerator -
				Generating unique operation named: updateUsingPUT_403
2025-02-17 18:00:58 [restartedMain] INFO  s.d.s.w.r.o.CachingOperationNameGenerator -
				Generating unique operation named: deleteUsingDELETE_293
2025-02-17 18:00:58 [restartedMain] INFO  s.d.s.w.r.o.CachingOperationNameGenerator -
				Generating unique operation named: getUsingGET_448
2025-02-17 18:00:58 [restartedMain] INFO  s.d.s.w.r.o.CachingOperationNameGenerator -
				Generating unique operation named: listAllUsingGET_367
2025-02-17 18:00:58 [restartedMain] INFO  s.d.s.w.r.o.CachingOperationNameGenerator -
				Generating unique operation named: saveStudentAttachmentsUsingPOST_1
2025-02-17 18:00:58 [restartedMain] INFO  s.d.s.w.r.o.CachingOperationNameGenerator -
				Generating unique operation named: updateUsingPUT_404
2025-02-17 18:00:58 [restartedMain] INFO  s.d.s.w.r.o.CachingOperationNameGenerator -
				Generating unique operation named: deleteUsingDELETE_294
2025-02-17 18:00:58 [restartedMain] INFO  s.d.s.w.r.o.CachingOperationNameGenerator -
				Generating unique operation named: delete1UsingDELETE_229
2025-02-17 18:00:58 [restartedMain] INFO  s.d.s.w.r.o.CachingOperationNameGenerator -
				Generating unique operation named: getUsingGET_449
2025-02-17 18:00:58 [restartedMain] INFO  s.d.s.w.r.o.CachingOperationNameGenerator -
				Generating unique operation named: getAssignedCoursesDetailsUsingGET_3
2025-02-17 18:00:58 [restartedMain] INFO  s.d.s.w.r.o.CachingOperationNameGenerator -
				Generating unique operation named: getAttendanceDataUsingGET_1
2025-02-17 18:00:58 [restartedMain] INFO  s.d.s.w.r.o.CachingOperationNameGenerator -
				Generating unique operation named: getAttendanceReportForStudentProfileByStudentIdUsingGET_1
2025-02-17 18:00:58 [restartedMain] INFO  s.d.s.w.r.o.CachingOperationNameGenerator -
				Generating unique operation named: getCheckPresentOrAbsentForFeedbackUsingGET_1
2025-02-17 18:00:58 [restartedMain] INFO  s.d.s.w.r.o.CachingOperationNameGenerator -
				Generating unique operation named: getDetailedStudentAttendanceOfStudentByCourseUsingGET_1
2025-02-17 18:00:58 [restartedMain] INFO  s.d.s.w.r.o.CachingOperationNameGenerator -
				Generating unique operation named: getDetailedStudentAttendanceReportSectionwiseUsingGET_2
2025-02-17 18:00:58 [restartedMain] INFO  s.d.s.w.r.o.CachingOperationNameGenerator -
				Generating unique operation named: getDetailedStudentAttendanceReportSectionwiseUsingGET_3
2025-02-17 18:00:58 [restartedMain] INFO  s.d.s.w.r.o.CachingOperationNameGenerator -
				Generating unique operation named: getDetailedStudentAttendanceReportSectionwiseForEmployeeUsingGET_1
2025-02-17 18:00:58 [restartedMain] INFO  s.d.s.w.r.o.CachingOperationNameGenerator -
				Generating unique operation named: getFacultiesForFeedbackUsingGET_1
2025-02-17 18:00:58 [restartedMain] INFO  s.d.s.w.r.o.CachingOperationNameGenerator -
				Generating unique operation named: getPresentAbsentDataUsingGET_1
2025-02-17 18:00:58 [restartedMain] INFO  s.d.s.w.r.o.CachingOperationNameGenerator -
				Generating unique operation named: getStudentAttendanceReportSectionwiseUsingGET_1
2025-02-17 18:00:58 [restartedMain] INFO  s.d.s.w.r.o.CachingOperationNameGenerator -
				Generating unique operation named: listAllUsingGET_368
2025-02-17 18:00:58 [restartedMain] INFO  s.d.s.w.r.o.CachingOperationNameGenerator -
				Generating unique operation named: listAll1UsingGET_170
2025-02-17 18:00:58 [restartedMain] INFO  s.d.s.w.r.o.CachingOperationNameGenerator -
				Generating unique operation named: saveStudentAttendanceUsingPOST_1
2025-02-17 18:00:58 [restartedMain] INFO  s.d.s.w.r.o.CachingOperationNameGenerator -
				Generating unique operation named: studentAttendanceDetailsUsingGET_1
2025-02-17 18:00:58 [restartedMain] INFO  s.d.s.w.r.o.CachingOperationNameGenerator -
				Generating unique operation named: studentAttendanceDetailsForMobileAppUsingGET_1
2025-02-17 18:00:58 [restartedMain] INFO  s.d.s.w.r.o.CachingOperationNameGenerator -
				Generating unique operation named: studentAttendanceDetailsForReportUsingGET_1
2025-02-17 18:00:58 [restartedMain] INFO  s.d.s.w.r.o.CachingOperationNameGenerator -
				Generating unique operation named: studentAttendanceDetailsOfAllCourseForAbsentAndPresentUsingGET_1
2025-02-17 18:00:58 [restartedMain] INFO  s.d.s.w.r.o.CachingOperationNameGenerator -
				Generating unique operation named: studentAttendanceReportSectionwiseUsingGET_1
2025-02-17 18:00:58 [restartedMain] INFO  s.d.s.w.r.o.CachingOperationNameGenerator -
				Generating unique operation named: studentDetailsForAttendanceByTimeTableUsingGET_1
2025-02-17 18:00:58 [restartedMain] INFO  s.d.s.w.r.o.CachingOperationNameGenerator -
				Generating unique operation named: updateUsingPUT_405
2025-02-17 18:00:58 [restartedMain] INFO  s.d.s.w.r.o.CachingOperationNameGenerator -
				Generating unique operation named: activateUsingDELETE_149
2025-02-17 18:00:58 [restartedMain] INFO  s.d.s.w.r.o.CachingOperationNameGenerator -
				Generating unique operation named: deactivateUsingDELETE_149
2025-02-17 18:00:58 [restartedMain] INFO  s.d.s.w.r.o.CachingOperationNameGenerator -
				Generating unique operation named: generatePdfUsingPOST_1
2025-02-17 18:00:58 [restartedMain] INFO  s.d.s.w.r.o.CachingOperationNameGenerator -
				Generating unique operation named: getUsingGET_450
2025-02-17 18:00:58 [restartedMain] INFO  s.d.s.w.r.o.CachingOperationNameGenerator -
				Generating unique operation named: getAllStudentBonafideUsingGET_1
2025-02-17 18:00:58 [restartedMain] INFO  s.d.s.w.r.o.CachingOperationNameGenerator -
				Generating unique operation named: getStudentBonafideDetailsUsingGET_1
2025-02-17 18:00:58 [restartedMain] INFO  s.d.s.w.r.o.CachingOperationNameGenerator -
				Generating unique operation named: list1UsingGET_1
2025-02-17 18:00:58 [restartedMain] INFO  s.d.s.w.r.o.CachingOperationNameGenerator -
				Generating unique operation named: listAllUsingGET_369
2025-02-17 18:00:58 [restartedMain] INFO  s.d.s.w.r.o.CachingOperationNameGenerator -
				Generating unique operation named: save_studentbonafideUsingPOST_1
2025-02-17 18:00:58 [restartedMain] INFO  s.d.s.w.r.o.CachingOperationNameGenerator -
				Generating unique operation named: studentBonafideAddOnDetailsUsingGET_1
2025-02-17 18:00:58 [restartedMain] INFO  s.d.s.w.r.o.CachingOperationNameGenerator -
				Generating unique operation named: studentBonafideDetailsDropDownUsingGET_1
2025-02-17 18:00:58 [restartedMain] INFO  s.d.s.w.r.o.CachingOperationNameGenerator -
				Generating unique operation named: updateUsingPUT_406
2025-02-17 18:00:58 [restartedMain] INFO  s.d.s.w.r.o.CachingOperationNameGenerator -
				Generating unique operation named: activateUsingDELETE_150
2025-02-17 18:00:58 [restartedMain] INFO  s.d.s.w.r.o.CachingOperationNameGenerator -
				Generating unique operation named: checkStudentClassFeedbackUsingGET_1
2025-02-17 18:00:58 [restartedMain] INFO  s.d.s.w.r.o.CachingOperationNameGenerator -
				Generating unique operation named: deactivateUsingDELETE_150
2025-02-17 18:00:58 [restartedMain] INFO  s.d.s.w.r.o.CachingOperationNameGenerator -
				Generating unique operation named: getStudentClassFeedbackUsingGET_1
2025-02-17 18:00:58 [restartedMain] INFO  s.d.s.w.r.o.CachingOperationNameGenerator -
				Generating unique operation named: listAllUsingGET_370
2025-02-17 18:00:58 [restartedMain] INFO  s.d.s.w.r.o.CachingOperationNameGenerator -
				Generating unique operation named: saveStudentClassFeedbackUsingPOST_1
2025-02-17 18:00:58 [restartedMain] INFO  s.d.s.w.r.o.CachingOperationNameGenerator -
				Generating unique operation named: updateStudentClassFeedbackUsingPUT_1
2025-02-17 18:00:58 [restartedMain] INFO  s.d.s.w.r.o.CachingOperationNameGenerator -
				Generating unique operation named: InactiveStudentDetailsByDeptUsingGET_1
2025-02-17 18:00:58 [restartedMain] INFO  s.d.s.w.r.o.CachingOperationNameGenerator -
				Generating unique operation named: activateStudentPermissionUsingGET_1
2025-02-17 18:00:58 [restartedMain] INFO  s.d.s.w.r.o.CachingOperationNameGenerator -
				Generating unique operation named: activeStudentDetailsListUsingGET_1
2025-02-17 18:00:58 [restartedMain] INFO  s.d.s.w.r.o.CachingOperationNameGenerator -
				Generating unique operation named: acyearUsingGET_1
2025-02-17 18:00:58 [restartedMain] INFO  s.d.s.w.r.o.CachingOperationNameGenerator -
				Generating unique operation named: auidNextUsingGET_1
2025-02-17 18:00:58 [restartedMain] INFO  s.d.s.w.r.o.CachingOperationNameGenerator -
				Generating unique operation named: branchWiseDueReportUsingGET_1
2025-02-17 18:00:58 [restartedMain] INFO  s.d.s.w.r.o.CachingOperationNameGenerator -
				Generating unique operation named: bulkPaymentUsingPOST_1
2025-02-17 18:00:58 [restartedMain] INFO  s.d.s.w.r.o.CachingOperationNameGenerator -
				Generating unique operation named: bulkPaymentStatusUsingPOST_1
2025-02-17 18:00:58 [restartedMain] INFO  s.d.s.w.r.o.CachingOperationNameGenerator -
				Generating unique operation named: checkAuidIsAlreadyPresentOrNotUsingGET_1
2025-02-17 18:00:58 [restartedMain] INFO  s.d.s.w.r.o.CachingOperationNameGenerator -
				Generating unique operation named: checkPreferredNameForEmailUsingGET_1
2025-02-17 18:00:58 [restartedMain] INFO  s.d.s.w.r.o.CachingOperationNameGenerator -
				Generating unique operation named: deleteUsingDELETE_295
2025-02-17 18:00:58 [restartedMain] INFO  s.d.s.w.r.o.CachingOperationNameGenerator -
				Generating unique operation named: deleteStudentPermissionUsingDELETE_1
2025-02-17 18:00:58 [restartedMain] INFO  s.d.s.w.r.o.CachingOperationNameGenerator -
				Generating unique operation named: downloadImageFileUsingGET_6
2025-02-17 18:00:58 [restartedMain] INFO  s.d.s.w.r.o.CachingOperationNameGenerator -
				Generating unique operation named: examFeeUsingPOST_1
2025-02-17 18:00:58 [restartedMain] INFO  s.d.s.w.r.o.CachingOperationNameGenerator -
				Generating unique operation named: fetchAllAssignedStudentDetailForSectionAssignmentForUpdateUsingGET_1
2025-02-17 18:00:58 [restartedMain] INFO  s.d.s.w.r.o.CachingOperationNameGenerator -
				Generating unique operation named: fetchAllStudentDetailForStudentMarksUsingGET_1
2025-02-17 18:00:58 [restartedMain] INFO  s.d.s.w.r.o.CachingOperationNameGenerator -
				Generating unique operation named: fetchAllUnAssignedStudentDetailForSectionAssignmentFromIndexUsingGET_1
2025-02-17 18:00:58 [restartedMain] INFO  s.d.s.w.r.o.CachingOperationNameGenerator -
				Generating unique operation named: fetchSectionAssignDetailsUsingGET_1
2025-02-17 18:00:58 [restartedMain] INFO  s.d.s.w.r.o.CachingOperationNameGenerator -
				Generating unique operation named: fetchStudentDetailForSectionAssignmentUsingGET_2
2025-02-17 18:00:58 [restartedMain] INFO  s.d.s.w.r.o.CachingOperationNameGenerator -
				Generating unique operation named: fetchStudentDetailForSectionAssignmentUsingGET_3
2025-02-17 18:00:58 [restartedMain] INFO  s.d.s.w.r.o.CachingOperationNameGenerator -
				Generating unique operation named: getUsingGET_451
2025-02-17 18:00:58 [restartedMain] INFO  s.d.s.w.r.o.CachingOperationNameGenerator -
				Generating unique operation named: getAllStudentDetailsDataUsingGET_1
2025-02-17 18:00:58 [restartedMain] INFO  s.d.s.w.r.o.CachingOperationNameGenerator -
				Generating unique operation named: getAuidFilterCountUsingGET_1
2025-02-17 18:00:58 [restartedMain] INFO  s.d.s.w.r.o.CachingOperationNameGenerator -
				Generating unique operation named: getBulkPayTransactionUsingGET_1
2025-02-17 18:00:58 [restartedMain] INFO  s.d.s.w.r.o.CachingOperationNameGenerator -
				Generating unique operation named: getBulkTransactionDetailsUsingGET_1
2025-02-17 18:00:58 [restartedMain] INFO  s.d.s.w.r.o.CachingOperationNameGenerator -
				Generating unique operation named: getCandidateTransactionDetailsUsingGET_1
2025-02-17 18:00:58 [restartedMain] INFO  s.d.s.w.r.o.CachingOperationNameGenerator -
				Generating unique operation named: getCountOfAdmissionDateUsingGET_1
2025-02-17 18:00:58 [restartedMain] INFO  s.d.s.w.r.o.CachingOperationNameGenerator -
				Generating unique operation named: getCourseDetailDataUsingGET_3
2025-02-17 18:00:58 [restartedMain] INFO  s.d.s.w.r.o.CachingOperationNameGenerator -
				Generating unique operation named: getFineConcessionUsingGET_1
2025-02-17 18:00:58 [restartedMain] INFO  s.d.s.w.r.o.CachingOperationNameGenerator -
				Generating unique operation named: getFineConcessionByAuidUsingGET_1
2025-02-17 18:00:58 [restartedMain] INFO  s.d.s.w.r.o.CachingOperationNameGenerator -
				Generating unique operation named: getRegistrationFeeDetailsUsingGET_1
2025-02-17 18:00:58 [restartedMain] INFO  s.d.s.w.r.o.CachingOperationNameGenerator -
				Generating unique operation named: getStudentAddOnAndUniformStationaryAmountUsingGET_1
2025-02-17 18:00:58 [restartedMain] INFO  s.d.s.w.r.o.CachingOperationNameGenerator -
				Generating unique operation named: getStudentDetailUsingGET_1
2025-02-17 18:00:58 [restartedMain] INFO  s.d.s.w.r.o.CachingOperationNameGenerator -
				Generating unique operation named: getStudentDetailsBasedOnAuidAndStrudentIdUsingGET_1
2025-02-17 18:00:58 [restartedMain] INFO  s.d.s.w.r.o.CachingOperationNameGenerator -
				Generating unique operation named: getStudentDetailsBasedOnUserIdUsingGET_1
2025-02-17 18:00:58 [restartedMain] INFO  s.d.s.w.r.o.CachingOperationNameGenerator -
				Generating unique operation named: getStudentDetailsByAuidUsingGET_1
2025-02-17 18:00:58 [restartedMain] INFO  s.d.s.w.r.o.CachingOperationNameGenerator -
				Generating unique operation named: getStudentDetailsDueIndexForNotReportedAndNotEligibleUsingGET_1
2025-02-17 18:00:58 [restartedMain] INFO  s.d.s.w.r.o.CachingOperationNameGenerator -
				Generating unique operation named: getStudentDetailsDueIndexForReportedAndEligibleUsingGET_1
2025-02-17 18:00:58 [restartedMain] INFO  s.d.s.w.r.o.CachingOperationNameGenerator -
				Generating unique operation named: getStudentDetailsForIdCardUsingGET_1
2025-02-17 18:00:58 [restartedMain] INFO  s.d.s.w.r.o.CachingOperationNameGenerator -
				Generating unique operation named: getStudentDetailsForPermissionUsingGET_1
2025-02-17 18:00:58 [restartedMain] INFO  s.d.s.w.r.o.CachingOperationNameGenerator -
				Generating unique operation named: getStudentDetailsForTransactionUsingGET_1
2025-02-17 18:00:58 [restartedMain] INFO  s.d.s.w.r.o.CachingOperationNameGenerator -
				Generating unique operation named: getStudentDueDetailsUsingGET_1
2025-02-17 18:00:58 [restartedMain] INFO  s.d.s.w.r.o.CachingOperationNameGenerator -
				Generating unique operation named: getStudentDuesUsingGET_1
2025-02-17 18:00:58 [restartedMain] INFO  s.d.s.w.r.o.CachingOperationNameGenerator -
				Generating unique operation named: getStudentFeeDetailsUsingGET_1
2025-02-17 18:00:58 [restartedMain] INFO  s.d.s.w.r.o.CachingOperationNameGenerator -
				Generating unique operation named: getStudentIndexUsingGET_5
2025-02-17 18:00:58 [restartedMain] INFO  s.d.s.w.r.o.CachingOperationNameGenerator -
				Generating unique operation named: getStudentIndexUsingGET_6
2025-02-17 18:00:58 [restartedMain] INFO  s.d.s.w.r.o.CachingOperationNameGenerator -
				Generating unique operation named: getStudentIndexUsingGET_7
2025-02-17 18:00:58 [restartedMain] INFO  s.d.s.w.r.o.CachingOperationNameGenerator -
				Generating unique operation named: getStudentIndexUsingGET_8
2025-02-17 18:00:58 [restartedMain] INFO  s.d.s.w.r.o.CachingOperationNameGenerator -
				Generating unique operation named: getStudentListWithTotalDuesUsingGET_1
2025-02-17 18:00:58 [restartedMain] INFO  s.d.s.w.r.o.CachingOperationNameGenerator -
				Generating unique operation named: getStudentListsUsingGET_1
2025-02-17 18:00:58 [restartedMain] INFO  s.d.s.w.r.o.CachingOperationNameGenerator -
				Generating unique operation named: getStudentPermissionListUsingGET_1
2025-02-17 18:00:58 [restartedMain] INFO  s.d.s.w.r.o.CachingOperationNameGenerator -
				Generating unique operation named: getStudentViewDetailsByAuidUsingGET_1
2025-02-17 18:00:58 [restartedMain] INFO  s.d.s.w.r.o.CachingOperationNameGenerator -
				Generating unique operation named: getSumOfAllByCategoryIdUsingGET_1
2025-02-17 18:00:58 [restartedMain] INFO  s.d.s.w.r.o.CachingOperationNameGenerator -
				Generating unique operation named: getTotalDueofStudentUsingGET_1
2025-02-17 18:00:58 [restartedMain] INFO  s.d.s.w.r.o.CachingOperationNameGenerator -
				Generating unique operation named: getTotalLateFeeUsingGET_1
2025-02-17 18:00:58 [restartedMain] INFO  s.d.s.w.r.o.CachingOperationNameGenerator -
				Generating unique operation named: getTotalStudentAndFeeDueForProgramUsingGET_1
2025-02-17 18:00:58 [restartedMain] INFO  s.d.s.w.r.o.CachingOperationNameGenerator -
				Generating unique operation named: getTransactionDetailsUsingGET_1
2025-02-17 18:00:58 [restartedMain] INFO  s.d.s.w.r.o.CachingOperationNameGenerator -
				Generating unique operation named: getTransactionDetailsDataUsingGET_1
2025-02-17 18:00:58 [restartedMain] INFO  s.d.s.w.r.o.CachingOperationNameGenerator -
				Generating unique operation named: getTransactionDetailsForPhpUsingGET_1
2025-02-17 18:00:58 [restartedMain] INFO  s.d.s.w.r.o.CachingOperationNameGenerator -
				Generating unique operation named: getUniformTransactionDetailsUsingGET_1
2025-02-17 18:00:58 [restartedMain] INFO  s.d.s.w.r.o.CachingOperationNameGenerator -
				Generating unique operation named: hostelFeeUsingPOST_1
2025-02-17 18:00:58 [restartedMain] INFO  s.d.s.w.r.o.CachingOperationNameGenerator -
				Generating unique operation named: inActiveStudentDetailsByAuidUsingGET_1
2025-02-17 18:00:58 [restartedMain] INFO  s.d.s.w.r.o.CachingOperationNameGenerator -
				Generating unique operation named: inActiveStudentDetailsIndexUsingGET_1
2025-02-17 18:00:58 [restartedMain] INFO  s.d.s.w.r.o.CachingOperationNameGenerator -
				Generating unique operation named: institutesUsingGET_1
2025-02-17 18:00:58 [restartedMain] INFO  s.d.s.w.r.o.CachingOperationNameGenerator -
				Generating unique operation named: listAllUsingGET_371
2025-02-17 18:00:58 [restartedMain] INFO  s.d.s.w.r.o.CachingOperationNameGenerator -
				Generating unique operation named: paymentCaptureFromRazorpayUsingPOST_1
2025-02-17 18:00:59 [restartedMain] INFO  s.d.s.w.r.o.CachingOperationNameGenerator -
				Generating unique operation named: paymentStatusUsingPOST_1
2025-02-17 18:00:59 [restartedMain] INFO  s.d.s.w.r.o.CachingOperationNameGenerator -
				Generating unique operation named: registrationFeeUsingPOST_1
2025-02-17 18:00:59 [restartedMain] INFO  s.d.s.w.r.o.CachingOperationNameGenerator -
				Generating unique operation named: registrationFeeDetailsForStudentUsingGET_1
2025-02-17 18:00:59 [restartedMain] INFO  s.d.s.w.r.o.CachingOperationNameGenerator -
				Generating unique operation named: registrationFeePaymentStatusUsingPOST_1
2025-02-17 18:00:59 [restartedMain] INFO  s.d.s.w.r.o.CachingOperationNameGenerator -
				Generating unique operation named: saveExamPermissionUsingPOST_1
2025-02-17 18:00:59 [restartedMain] INFO  s.d.s.w.r.o.CachingOperationNameGenerator -
				Generating unique operation named: saveFineConcessionUsingPOST_1
2025-02-17 18:00:59 [restartedMain] INFO  s.d.s.w.r.o.CachingOperationNameGenerator -
				Generating unique operation named: saveSpotStudent_DetailsUsingPOST_1
2025-02-17 18:00:59 [restartedMain] INFO  s.d.s.w.r.o.CachingOperationNameGenerator -
				Generating unique operation named: saveStudentDetailsUsingPOST_1
2025-02-17 18:00:59 [restartedMain] INFO  s.d.s.w.r.o.CachingOperationNameGenerator -
				Generating unique operation named: saveStudentForPermissionUsingPOST_1
2025-02-17 18:00:59 [restartedMain] INFO  s.d.s.w.r.o.CachingOperationNameGenerator -
				Generating unique operation named: schoolWiseDueReportUsingGET_1
2025-02-17 18:00:59 [restartedMain] INFO  s.d.s.w.r.o.CachingOperationNameGenerator -
				Generating unique operation named: studenDetailsForIdCardUsingGET_1
2025-02-17 18:00:59 [restartedMain] INFO  s.d.s.w.r.o.CachingOperationNameGenerator -
				Generating unique operation named: studentDetailsByAdmissionCategoryUsingGET_1
2025-02-17 18:00:59 [restartedMain] INFO  s.d.s.w.r.o.CachingOperationNameGenerator -
				Generating unique operation named: studentDetailsByDeptUsingGET_1
2025-02-17 18:00:59 [restartedMain] INFO  s.d.s.w.r.o.CachingOperationNameGenerator -
				Generating unique operation named: studentDetailsBySchoolIdUsingGET_1
2025-02-17 18:00:59 [restartedMain] INFO  s.d.s.w.r.o.CachingOperationNameGenerator -
				Generating unique operation named: studentDetailsByStudentIdsUsingGET_1
2025-02-17 18:00:59 [restartedMain] INFO  s.d.s.w.r.o.CachingOperationNameGenerator -
				Generating unique operation named: studentDetailsByUserUsingGET_1
2025-02-17 18:00:59 [restartedMain] INFO  s.d.s.w.r.o.CachingOperationNameGenerator -
				Generating unique operation named: studentDetailsForChangeOFCourseUsingGET_1
2025-02-17 18:00:59 [restartedMain] INFO  s.d.s.w.r.o.CachingOperationNameGenerator -
				Generating unique operation named: studentDetailsForMobileAppUsingGET_1
2025-02-17 18:00:59 [restartedMain] INFO  s.d.s.w.r.o.CachingOperationNameGenerator -
				Generating unique operation named: studentDetailsImageCheckUsingPUT_1
2025-02-17 18:00:59 [restartedMain] INFO  s.d.s.w.r.o.CachingOperationNameGenerator -
				Generating unique operation named: studentDetailsIndexCustomExpoetUsingGET_1
2025-02-17 18:00:59 [restartedMain] INFO  s.d.s.w.r.o.CachingOperationNameGenerator -
				Generating unique operation named: studentDueReportTriggerUsingPOST_1
2025-02-17 18:00:59 [restartedMain] INFO  s.d.s.w.r.o.CachingOperationNameGenerator -
				Generating unique operation named: studentEmailExistorNotUsingGET_1
2025-02-17 18:00:59 [restartedMain] INFO  s.d.s.w.r.o.CachingOperationNameGenerator -
				Generating unique operation named: studentFeetemplateUsingGET_1
2025-02-17 18:00:59 [restartedMain] INFO  s.d.s.w.r.o.CachingOperationNameGenerator -
				Generating unique operation named: studentImageUploadFileFromPhpServerUsingPOST_1
2025-02-17 18:00:59 [restartedMain] INFO  s.d.s.w.r.o.CachingOperationNameGenerator -
				Generating unique operation named: studentNoDueStudentDetailsUsingGET_1
2025-02-17 18:00:59 [restartedMain] INFO  s.d.s.w.r.o.CachingOperationNameGenerator -
				Generating unique operation named: studentPermissionFileDownloadUsingGET_1
2025-02-17 18:00:59 [restartedMain] INFO  s.d.s.w.r.o.CachingOperationNameGenerator -
				Generating unique operation named: studentTransactionUsingPOST_1
2025-02-17 18:00:59 [restartedMain] INFO  s.d.s.w.r.o.CachingOperationNameGenerator -
				Generating unique operation named: studentWiseDueReportUsingGET_1
2025-02-17 18:00:59 [restartedMain] INFO  s.d.s.w.r.o.CachingOperationNameGenerator -
				Generating unique operation named: studentWiseDueReportByStudentIdUsingGET_1
2025-02-17 18:00:59 [restartedMain] INFO  s.d.s.w.r.o.CachingOperationNameGenerator -
				Generating unique operation named: triggerEmailWithPdfContentUsingPOST_1
2025-02-17 18:00:59 [restartedMain] INFO  s.d.s.w.r.o.CachingOperationNameGenerator -
				Generating unique operation named: uniformFeeUsingPOST_1
2025-02-17 18:00:59 [restartedMain] INFO  s.d.s.w.r.o.CachingOperationNameGenerator -
				Generating unique operation named: uniformFeePaymentStatusUsingPOST_1
2025-02-17 18:00:59 [restartedMain] INFO  s.d.s.w.r.o.CachingOperationNameGenerator -
				Generating unique operation named: uniformadmissioncountUsingGET_1
2025-02-17 18:00:59 [restartedMain] INFO  s.d.s.w.r.o.CachingOperationNameGenerator -
				Generating unique operation named: uniformdetailstemplateUsingGET_1
2025-02-17 18:00:59 [restartedMain] INFO  s.d.s.w.r.o.CachingOperationNameGenerator -
				Generating unique operation named: uniformfeereceiptsUsingGET_1
2025-02-17 18:00:59 [restartedMain] INFO  s.d.s.w.r.o.CachingOperationNameGenerator -
				Generating unique operation named: uniformnamesUsingGET_1
2025-02-17 18:00:59 [restartedMain] INFO  s.d.s.w.r.o.CachingOperationNameGenerator -
				Generating unique operation named: updateUsingPUT_407
2025-02-17 18:00:59 [restartedMain] INFO  s.d.s.w.r.o.CachingOperationNameGenerator -
				Generating unique operation named: updateFineConcessionByAuidUsingPUT_1
2025-02-17 18:00:59 [restartedMain] INFO  s.d.s.w.r.o.CachingOperationNameGenerator -
				Generating unique operation named: updateProctorUsingDELETE_1
2025-02-17 18:00:59 [restartedMain] INFO  s.d.s.w.r.o.CachingOperationNameGenerator -
				Generating unique operation named: updateStudentUsingPATCH_1
2025-02-17 18:00:59 [restartedMain] INFO  s.d.s.w.r.o.CachingOperationNameGenerator -
				Generating unique operation named: updateStudentForPermissionUsingPOST_1
2025-02-17 18:00:59 [restartedMain] INFO  s.d.s.w.r.o.CachingOperationNameGenerator -
				Generating unique operation named: updateUsnDetailsDataUsingPUT_1
2025-02-17 18:00:59 [restartedMain] INFO  s.d.s.w.r.o.CachingOperationNameGenerator -
				Generating unique operation named: uploadFileUsingPOST_62
2025-02-17 18:00:59 [restartedMain] INFO  s.d.s.w.r.o.CachingOperationNameGenerator -
				Generating unique operation named: uploadStudentPermissionFileUsingPOST_1
2025-02-17 18:00:59 [restartedMain] INFO  s.d.s.w.r.o.CachingOperationNameGenerator -
				Generating unique operation named: validateauidUsingGET_1
2025-02-17 18:00:59 [restartedMain] INFO  s.d.s.w.r.o.CachingOperationNameGenerator -
				Generating unique operation named: activateUsingDELETE_151
2025-02-17 18:00:59 [restartedMain] INFO  s.d.s.w.r.o.CachingOperationNameGenerator -
				Generating unique operation named: deactivateUsingDELETE_151
2025-02-17 18:00:59 [restartedMain] INFO  s.d.s.w.r.o.CachingOperationNameGenerator -
				Generating unique operation named: fetchAllStudentDocumentAuditUsingGET_1
2025-02-17 18:00:59 [restartedMain] INFO  s.d.s.w.r.o.CachingOperationNameGenerator -
				Generating unique operation named: getUsingGET_452
2025-02-17 18:00:59 [restartedMain] INFO  s.d.s.w.r.o.CachingOperationNameGenerator -
				Generating unique operation named: getAllActiveStudentDocumentAuditUsingGET_1
2025-02-17 18:00:59 [restartedMain] INFO  s.d.s.w.r.o.CachingOperationNameGenerator -
				Generating unique operation named: saveStudentDocumentAuditUsingPOST_1
2025-02-17 18:00:59 [restartedMain] INFO  s.d.s.w.r.o.CachingOperationNameGenerator -
				Generating unique operation named: updateStudentDocumentAuditUsingPUT_1
2025-02-17 18:00:59 [restartedMain] INFO  s.d.s.w.r.o.CachingOperationNameGenerator -
				Generating unique operation named: removeStudentDetailsFromBucketUsingDELETE_1
2025-02-17 18:00:59 [restartedMain] INFO  s.d.s.w.r.o.CachingOperationNameGenerator -
				Generating unique operation named: studentIdCardBucketUsingPOST_1
2025-02-17 18:00:59 [restartedMain] INFO  s.d.s.w.r.o.CachingOperationNameGenerator -
				Generating unique operation named: studentIdCardBucketDetailsUsingGET_1
2025-02-17 18:00:59 [restartedMain] INFO  s.d.s.w.r.o.CachingOperationNameGenerator -
				Generating unique operation named: studentDuplicateIdCardCreationWithHistoryUsingPOST_1
2025-02-17 18:00:59 [restartedMain] INFO  s.d.s.w.r.o.CachingOperationNameGenerator -
				Generating unique operation named: studentIdCardCreationWithHistoryUsingPOST_1
2025-02-17 18:00:59 [restartedMain] INFO  s.d.s.w.r.o.CachingOperationNameGenerator -
				Generating unique operation named: studentIdCardHistoryDetailsUsingGET_1
2025-02-17 18:00:59 [restartedMain] INFO  s.d.s.w.r.o.CachingOperationNameGenerator -
				Generating unique operation named: coursecodeConcateWithNameUsingGET_1
2025-02-17 18:00:59 [restartedMain] INFO  s.d.s.w.r.o.CachingOperationNameGenerator -
				Generating unique operation named: createExternalStudentMarkUsingPOST_1
2025-02-17 18:00:59 [restartedMain] INFO  s.d.s.w.r.o.CachingOperationNameGenerator -
				Generating unique operation named: deleteUsingDELETE_296
2025-02-17 18:00:59 [restartedMain] INFO  s.d.s.w.r.o.CachingOperationNameGenerator -
				Generating unique operation named: delete1UsingDELETE_230
2025-02-17 18:00:59 [restartedMain] INFO  s.d.s.w.r.o.CachingOperationNameGenerator -
				Generating unique operation named: fetchAllAdministrationEmailIdsDetailUsingGET_26
2025-02-17 18:00:59 [restartedMain] INFO  s.d.s.w.r.o.CachingOperationNameGenerator -
				Generating unique operation named: fetchAllExternalStudentMarksDetailUsingGET_1
2025-02-17 18:00:59 [restartedMain] INFO  s.d.s.w.r.o.CachingOperationNameGenerator -
				Generating unique operation named: fetchStudentInternalsReportWithFilteredDataUsingGET_1
2025-02-17 18:00:59 [restartedMain] INFO  s.d.s.w.r.o.CachingOperationNameGenerator -
				Generating unique operation named: getUsingGET_453
2025-02-17 18:00:59 [restartedMain] INFO  s.d.s.w.r.o.CachingOperationNameGenerator -
				Generating unique operation named: getAllActiveInternalUsingGET_1
2025-02-17 18:00:59 [restartedMain] INFO  s.d.s.w.r.o.CachingOperationNameGenerator -
				Generating unique operation named: getCourseAssignmentDetailsUsingGET_1
2025-02-17 18:00:59 [restartedMain] INFO  s.d.s.w.r.o.CachingOperationNameGenerator -
				Generating unique operation named: getGraphicalScorecardDataUsingGET_1
2025-02-17 18:00:59 [restartedMain] INFO  s.d.s.w.r.o.CachingOperationNameGenerator -
				Generating unique operation named: getInternalDetailsDataUsingGET_3
2025-02-17 18:00:59 [restartedMain] INFO  s.d.s.w.r.o.CachingOperationNameGenerator -
				Generating unique operation named: getScorecardDataUsingGET_1
2025-02-17 18:00:59 [restartedMain] INFO  s.d.s.w.r.o.CachingOperationNameGenerator -
				Generating unique operation named: getScorecardDataOnInternalUsingGET_1
2025-02-17 18:00:59 [restartedMain] INFO  s.d.s.w.r.o.CachingOperationNameGenerator -
				Generating unique operation named: getStudentMarkDetailsUsingGET_1
2025-02-17 18:00:59 [restartedMain] INFO  s.d.s.w.r.o.CachingOperationNameGenerator -
				Generating unique operation named: getStudentMarkDetailsBasedOnProctorUsingGET_1
2025-02-17 18:00:59 [restartedMain] INFO  s.d.s.w.r.o.CachingOperationNameGenerator -
				Generating unique operation named: getStudentMarkDetailsByInternalSessionIdUsingGET_1
2025-02-17 18:00:59 [restartedMain] INFO  s.d.s.w.r.o.CachingOperationNameGenerator -
				Generating unique operation named: listAllUsingGET_372
2025-02-17 18:00:59 [restartedMain] INFO  s.d.s.w.r.o.CachingOperationNameGenerator -
				Generating unique operation named: listAll1UsingGET_171
2025-02-17 18:00:59 [restartedMain] INFO  s.d.s.w.r.o.CachingOperationNameGenerator -
				Generating unique operation named: saveStudentMarkUsingPOST_1
2025-02-17 18:00:59 [restartedMain] INFO  s.d.s.w.r.o.CachingOperationNameGenerator -
				Generating unique operation named: updateUsingPUT_408
2025-02-17 18:00:59 [restartedMain] INFO  s.d.s.w.r.o.CachingOperationNameGenerator -
				Generating unique operation named: activateUsingDELETE_152
2025-02-17 18:00:59 [restartedMain] INFO  s.d.s.w.r.o.CachingOperationNameGenerator -
				Generating unique operation named: deactivateUsingDELETE_152
2025-02-17 18:00:59 [restartedMain] INFO  s.d.s.w.r.o.CachingOperationNameGenerator -
				Generating unique operation named: fetchAllAdministrationEmailIdsDetailUsingGET_27
2025-02-17 18:00:59 [restartedMain] INFO  s.d.s.w.r.o.CachingOperationNameGenerator -
				Generating unique operation named: getUsingGET_454
2025-02-17 18:00:59 [restartedMain] INFO  s.d.s.w.r.o.CachingOperationNameGenerator -
				Generating unique operation named: getAllActiveStudentNoDueUsingGET_1
2025-02-17 18:00:59 [restartedMain] INFO  s.d.s.w.r.o.CachingOperationNameGenerator -
				Generating unique operation named: saveStudentNoDueUsingPOST_1
2025-02-17 18:00:59 [restartedMain] INFO  s.d.s.w.r.o.CachingOperationNameGenerator -
				Generating unique operation named: updateStudentNoDueUsingPUT_1
2025-02-17 18:00:59 [restartedMain] INFO  s.d.s.w.r.o.CachingOperationNameGenerator -
				Generating unique operation named: uploadFileUsingPOST_63
2025-02-17 18:00:59 [restartedMain] INFO  s.d.s.w.r.o.CachingOperationNameGenerator -
				Generating unique operation named: viewFilesUsingGET_54
2025-02-17 18:00:59 [restartedMain] INFO  s.d.s.w.r.o.CachingOperationNameGenerator -
				Generating unique operation named: activeStudentOfferAcceptanceDetailsUsingGET_1
2025-02-17 18:00:59 [restartedMain] INFO  s.d.s.w.r.o.CachingOperationNameGenerator -
				Generating unique operation named: saveStudentOfferAcceptanceUsingPOST_1
2025-02-17 18:00:59 [restartedMain] INFO  s.d.s.w.r.o.CachingOperationNameGenerator -
				Generating unique operation named: deleteUsingDELETE_297
2025-02-17 18:00:59 [restartedMain] INFO  s.d.s.w.r.o.CachingOperationNameGenerator -
				Generating unique operation named: getUsingGET_455
2025-02-17 18:00:59 [restartedMain] INFO  s.d.s.w.r.o.CachingOperationNameGenerator -
				Generating unique operation named: get3UsingGET_1
2025-02-17 18:00:59 [restartedMain] INFO  s.d.s.w.r.o.CachingOperationNameGenerator -
				Generating unique operation named: getAllStudentTranscriptDetailsUsingGET_1
2025-02-17 18:00:59 [restartedMain] INFO  s.d.s.w.r.o.CachingOperationNameGenerator -
				Generating unique operation named: saveLedgerUsingPOST_3
2025-02-17 18:00:59 [restartedMain] INFO  s.d.s.w.r.o.CachingOperationNameGenerator -
				Generating unique operation named: updateUsingPUT_409
2025-02-17 18:00:59 [restartedMain] INFO  s.d.s.w.r.o.CachingOperationNameGenerator -
				Generating unique operation named: delete1UsingDELETE_231
2025-02-17 18:00:59 [restartedMain] INFO  s.d.s.w.r.o.CachingOperationNameGenerator -
				Generating unique operation named: delete2UsingDELETE_9
2025-02-17 18:00:59 [restartedMain] INFO  s.d.s.w.r.o.CachingOperationNameGenerator -
				Generating unique operation named: fetchTutionFeeWaiverForEditUsingGET_1
2025-02-17 18:00:59 [restartedMain] INFO  s.d.s.w.r.o.CachingOperationNameGenerator -
				Generating unique operation named: getTutionFeeActiveDetailsUsingGET_1
2025-02-17 18:00:59 [restartedMain] INFO  s.d.s.w.r.o.CachingOperationNameGenerator -
				Generating unique operation named: getTutionFeeAllDetailsUsingGET_1
2025-02-17 18:00:59 [restartedMain] INFO  s.d.s.w.r.o.CachingOperationNameGenerator -
				Generating unique operation named: getTutionFeeDetailsByIdUsingGET_1
2025-02-17 18:00:59 [restartedMain] INFO  s.d.s.w.r.o.CachingOperationNameGenerator -
				Generating unique operation named: getTutionFeeDetailsByStudentIdUsingGET_1
2025-02-17 18:00:59 [restartedMain] INFO  s.d.s.w.r.o.CachingOperationNameGenerator -
				Generating unique operation named: saveTutionFeeWaiverUsingPOST_1
2025-02-17 18:00:59 [restartedMain] INFO  s.d.s.w.r.o.CachingOperationNameGenerator -
				Generating unique operation named: updateTutionFeeWaiverUsingPUT_1
2025-02-17 18:00:59 [restartedMain] INFO  s.d.s.w.r.o.CachingOperationNameGenerator -
				Generating unique operation named: activeTutionFeeWaiverReportDetailsUsingGET_1
2025-02-17 18:00:59 [restartedMain] INFO  s.d.s.w.r.o.CachingOperationNameGenerator -
				Generating unique operation named: delete1UsingDELETE_232
2025-02-17 18:00:59 [restartedMain] INFO  s.d.s.w.r.o.CachingOperationNameGenerator -
				Generating unique operation named: delete2UsingDELETE_10
2025-02-17 18:00:59 [restartedMain] INFO  s.d.s.w.r.o.CachingOperationNameGenerator -
				Generating unique operation named: fetchAllTutionFeeWaiverReportDetailsUsingGET_1
2025-02-17 18:00:59 [restartedMain] INFO  s.d.s.w.r.o.CachingOperationNameGenerator -
				Generating unique operation named: getTutionFeeWaiverReportDetailByIdUsingGET_1
2025-02-17 18:00:59 [restartedMain] INFO  s.d.s.w.r.o.CachingOperationNameGenerator -
				Generating unique operation named: getTutionFeeWaiverReportDetailByTutionFeeWaiverIdUsingGET_1
2025-02-17 18:00:59 [restartedMain] INFO  s.d.s.w.r.o.CachingOperationNameGenerator -
				Generating unique operation named: saveTutionFeeWaiverReportUsingPOST_1
2025-02-17 18:00:59 [restartedMain] INFO  s.d.s.w.r.o.CachingOperationNameGenerator -
				Generating unique operation named: updateTutionFeeWaiverReportDetailsUsingPUT_1
2025-02-17 18:00:59 [restartedMain] INFO  s.d.s.w.r.o.CachingOperationNameGenerator -
				Generating unique operation named: updateTutionFeeWaiverSubAmountUsingPUT_1
2025-02-17 18:00:59 [restartedMain] INFO  com.au.AcharyaUniversityApplication -
				Started AcharyaUniversityApplication in 74.332 seconds (JVM running for 76.237)
2025-02-17 19:26:13 [http-nio-8080-exec-1] INFO  o.a.c.c.C.[Tomcat].[localhost].[/] -
				Initializing Spring DispatcherServlet 'dispatcherServlet'
2025-02-17 19:26:13 [http-nio-8080-exec-1] INFO  o.s.web.servlet.DispatcherServlet -
				Initializing Servlet 'dispatcherServlet'
2025-02-17 19:26:13 [http-nio-8080-exec-1] INFO  o.s.web.servlet.DispatcherServlet -
				Completed initialization in 6 ms
